{"type":"FeatureCollection","metadata":{"source":"Ginoux et al. 2012, Rev. Geophys. 50, RG3005, doi 10.1029/2012RG000388, auxiliary material Middle_East_MAM.kml","quantity":"frequency of occurrence, percentage of days in the season with MODIS Deep Blue dust optical depth at 550 nm above 0.2, 0.1 degree grid","season":"MAM only. Ginoux published one season per region; there is no other for the Middle East.","caveat":"FoO is a frequency of activation, not an emitted mass. The 0.15 surface reflectivity mask makes the product blind to sources on dark surfaces.","simplification":"Douglas-Peucker, tolerance 0.02 degrees","bbox_filter":[44.0,16.0,60.0,33.0]},"features":[{"type":"Feature","properties":{"source_type":"natural","foo_threshold":10},"geometry":{"type":"Polygon","coordinates":[[[47.8,28.4671],[47.5631,28.7],[47.6,28.8565],[47.7356,28.9],[47.6,28.9195],[47.5,28.8776],[47.4,28.9651],[47.1,28.94],[47.0,29.0463],[46.8,29.0625],[46.3,29.0329],[46.2,28.94],[46.1,28.941],[46.0,28.8393],[45.7,28.8467],[45.6686,28.8],[45.667,28.7],[45.6,28.633],[45.4,28.8334],[45.3,28.8374],[45.2562,28.8],[45.2435,28.7],[45.2,28.6565],[45.1565,28.7],[45.1398,28.9],[45.1,28.9265],[45.0,28.8492],[44.9492,28.9],[44.9,29.0317],[44.8,29.0334],[44.6,29.2585],[44.5,29.255],[44.4508,29.2],[44.4607,29.1],[44.4,29.0393],[44.2484,29.2],[44.2555,29.3],[44.2,29.358],[43.9,29.3515],[43.7,29.5488],[43.6,29.5415],[43.5415,29.6],[43.455,29.7],[43.5511,29.8],[43.5418,29.9],[43.5,29.9575],[43.4,29.8477],[43.3,29.941],[42.9,29.9503],[42.8503,30.0],[42.9488,30.1],[42.945,30.2],[43.0,30.255],[43.1,30.2543],[43.1543,30.2],[43.1454,30.1],[43.2,30.055],[43.5,30.0425],[43.6358,30.2],[43.5,30.3488],[43.0,30.3395],[42.9395,30.4],[42.9301,30.6],[42.8,30.7767],[42.7381,30.7],[42.7543,30.6],[42.8547,30.5],[42.8,30.4454],[42.7,30.4608],[42.6404,30.4],[42.6392,30.3],[42.6,30.2608],[42.5,30.258],[42.357,30.4],[42.4,30.443],[42.5,30.4375],[42.5644,30.5],[42.5,30.5499],[42.4,30.5484],[42.3484,30.6],[42.4,30.6516],[42.5,30.6501],[42.6859,30.8],[42.6,30.8826],[42.4,30.8565],[42.3,30.9415],[42.2602,30.9],[42.2523,30.8],[42.2,30.7477],[42.1477,30.8],[42.1398,30.9],[42.0324,31.0],[42.0368,31.1],[42.0,31.1381],[41.7,31.147],[41.647,31.2],[41.7314,31.3],[41.7,31.3334],[41.6,31.2364],[41.5,31.2372],[41.4372,31.3],[41.4388,31.5],[41.4,31.5319],[41.3,31.5352],[41.2,31.4524],[41.1,31.556],[41.0,31.5591],[40.9,31.6776],[40.838,31.7],[40.8388,31.8],[40.8,31.8238],[40.6,31.7933],[40.5,31.8596],[40.2,31.8608],[40.1,31.9444],[40.0,31.9438],[39.9,32.057],[39.7,32.0608],[39.6,32.1724],[39.4212,32.2],[39.3,32.3031],[39.1,32.2555],[38.9114,32.3],[38.8627,32.4],[38.888,32.5],[38.7,32.514],[38.5,32.68],[38.4829,32.8],[38.3185,32.9],[38.3244,33.0],[38.2815,33.1],[38.4,33.1153],[38.5,33.1894],[38.6,33.2048],[38.7,33.1118],[38.8,33.0975],[38.9152,33.2],[38.802,33.3],[38.9,33.3153],[39.0,33.4164],[39.1,33.4315],[39.2,33.545],[39.3,33.5516],[39.5,33.7489],[39.7,33.7568],[39.8,33.8571],[39.9,33.853],[40.1,34.0571],[40.3,34.0476],[40.4,34.1445],[40.5,34.1435],[40.6,34.2612],[40.7,34.2666],[40.8,34.3671],[41.5,34.3579],[41.6,34.4292],[41.7,34.3454],[41.8,34.4211],[41.9,34.3886],[41.9224,34.3],[42.0,34.2009],[42.1,34.1391],[42.1327,34.2],[42.2,34.23],[42.4,34.0546],[42.431,34.1],[42.4421,34.3],[42.4386,34.4],[42.4,34.4334],[42.1,34.4528],[42.0,34.5383],[41.8,34.5429],[41.2,34.5343],[41.1,34.4322],[41.0322,34.5],[41.0379,34.6],[41.1,34.6621],[41.3,34.6706],[41.3379,34.7],[41.3405,34.8],[41.3,34.8325],[41.2,34.8224],[41.1224,34.9],[41.1254,35.0],[41.2245,35.1],[41.2,35.1266],[41.0,35.1272],[40.9741,35.1],[40.9693,34.9],[41.0715,34.8],[41.0707,34.7],[41.0,34.6293],[40.9,34.636],[40.4322,35.1],[40.5311,35.2],[40.5379,35.3],[40.8,35.5463],[40.9,35.4568],[40.9631,35.5],[40.8602,35.6],[40.9541,35.7],[40.9625,35.8],[41.0,35.8375],[41.1,35.7568],[41.2,35.7638],[41.2638,35.7],[41.2657,35.6],[41.3,35.56],[41.3477,35.6],[41.3279,35.8],[41.2322,35.9],[41.2337,36.3],[41.5,36.5553],[41.6,36.5533],[41.7,36.4579],[41.9,36.4571],[42.0,36.3642],[42.2,36.3659],[42.3,36.4656],[42.4,36.364],[42.5,36.3598],[42.6,36.2665],[42.7,36.2652],[42.9,36.064],[43.1,36.061],[43.2634,35.9],[43.2665,35.8],[43.3,35.7519],[43.5,35.9485],[43.7,35.9512],[43.8,35.8409],[43.9,35.8362],[43.9362,35.8],[43.9912,35.6],[43.8863,35.5],[43.7,35.4619],[43.543,35.3],[43.5468,35.2],[43.5,35.1532],[43.4532,35.2],[43.457,35.3],[43.3507,35.4],[43.3528,35.6],[43.3,35.6481],[43.1562,35.5],[43.3485,35.3],[43.354,35.2],[43.4523,35.1],[43.4579,34.8],[43.5,34.7527],[43.6495,34.9],[43.6541,35.1],[43.7,35.1459],[43.9,35.1459],[44.0,35.1926],[44.3,34.953],[44.4,34.9565],[44.4388,35.0],[44.4386,35.1],[44.5,35.1614],[44.6,35.1648],[44.7,35.2614],[44.9,35.0481],[45.2,35.0425],[45.3,34.9459],[45.5,34.954],[45.554,34.9],[45.5571,34.8],[45.4607,34.7],[45.4713,34.4],[45.6748,34.2],[45.5739,34.1],[45.7,33.9654],[45.8,33.9634],[45.8634,33.9],[45.8454,33.7],[45.7459,33.6],[45.8,33.5602],[46.1,33.5657],[46.1657,33.5],[46.1707,33.4],[46.3,33.369],[46.369,33.3],[46.3739,33.2],[46.3,33.1261],[46.1718,33.1],[46.1718,33.0],[46.2,32.9745],[46.3,33.0734],[46.4,33.0698],[46.4322,33.1],[46.4405,33.2],[46.5,33.2595],[46.6626,33.1],[46.6628,33.0],[46.7,32.9512],[46.8,32.943],[46.9,32.8568],[47.0,32.8632],[47.0632,32.8],[47.1,32.4779],[47.3,32.4724],[47.5598,32.2],[47.5628,32.1],[47.7,31.9546],[47.9195,31.9],[47.8,31.8651],[47.7,31.747],[47.6,31.7444],[47.5,31.6495],[47.4,31.7463],[47.3,31.7488],[47.2,31.7454],[47.1,31.6444],[46.9429,31.8],[47.0537,31.9],[46.8,32.1405],[46.6559,32.0],[46.8585,31.8],[46.8556,31.7],[46.7553,31.6],[46.8571,31.5],[46.8409,31.1],[46.8,31.0591],[46.4,31.0388],[46.361,31.0],[46.3516,30.9],[46.5292,30.7],[46.545,30.6],[46.6,30.5592],[46.7,30.559],[46.8,30.6579],[47.3,30.6719],[47.4,30.5693],[47.6,30.5646],[47.6467,30.6],[47.6692,30.7],[47.5,30.8532],[47.4,30.8644],[47.3,30.7724],[47.2724,30.8],[47.3,31.0],[47.2454,31.2],[47.2596,31.4],[47.3,31.4404],[47.4,31.3153],[47.4682,31.3],[47.5,31.228],[47.6,31.2292],[47.6292,31.2],[47.659,31.0],[47.7,30.961],[47.8,30.9626],[47.8429,31.0],[47.9424,31.1],[47.9416,31.2],[48.0,31.2585],[48.0585,31.2],[48.0553,31.0],[48.2445,30.8],[48.2329,30.5],[48.2,30.4671],[48.1,30.4638],[48.0638,30.5],[48.0671,30.6],[48.0,30.6528],[47.8628,30.5],[47.9656,30.4],[47.9,30.3344],[47.8,30.3362],[47.7636,30.3],[47.7657,30.2],[47.8648,30.1],[47.8,30.0352],[47.7,30.035],[47.6607,30.0],[47.7,29.9579],[47.8,29.9654],[47.9,30.0684],[48.0,30.0628],[48.0511,30.1],[47.9395,30.2],[47.937,30.3],[48.0,30.363],[48.1,30.3598],[48.2,30.253],[48.3,30.2562],[48.3562,30.2],[48.3527,30.0],[48.3,29.9907],[48.2,30.0921],[48.109,30.0],[48.3105,29.8],[48.3108,29.7],[48.2,29.5921],[47.9,29.5895],[47.7115,29.4],[47.8,29.3101],[47.9,29.3094],[48.0,29.4061],[48.1046,29.3],[48.1,29.1415],[48.064,29.1],[48.1,29.0807],[48.1031,29.0],[48.2056,28.9],[48.2028,28.8],[48.29,28.7],[48.2925,28.6],[48.2522,28.5],[48.2,28.4708],[47.8,28.4671]]]}},{"type":"Feature","properties":{"source_type":"natural","foo_threshold":10},"geometry":{"type":"Polygon","coordinates":[[[60.0,31.0916],[59.8,30.9605],[59.7141,31.0],[59.6382,31.1],[59.7433,31.2],[59.7,31.213],[59.6,31.1271],[59.5593,31.0],[59.5,30.9497],[59.4126,31.0],[59.3362,31.1],[59.3,31.2277],[59.2,31.2356],[58.9495,31.4],[59.116,31.5],[59.1,31.564],[59.028,31.6],[59.1,31.6257],[59.2564,31.8],[59.1,31.9862],[59.0,31.9925],[58.8,31.9117],[58.7,31.9671],[58.6,31.9338],[58.565,31.9],[58.6,31.8364],[58.8,31.865],[58.8137,31.8],[58.8,31.7082],[58.5,31.74],[58.488,31.7],[58.5527,31.6],[58.518,31.5],[58.5525,31.4],[58.6,31.343],[58.7145,31.3],[58.6,31.1284],[58.4933,31.1],[58.58,31.0],[58.6213,30.8],[58.6,30.7612],[58.3663,30.7],[58.2271,30.3],[58.2983,30.2],[58.306,30.1],[58.4,30.0413],[58.4588,30.1],[58.4582,30.2],[58.5,30.2418],[58.7,30.2076],[59.0,30.3753],[59.0942,30.3],[59.0288,30.1],[59.1307,30.0],[59.1465,29.9],[59.1,29.8497],[58.9,29.7873],[58.6,29.8247],[58.5,29.8746],[58.4,29.7981],[58.3,29.7814],[58.2,29.931],[58.1,29.9533],[58.064,29.7],[58.0,29.6435],[57.8922,29.7],[57.8563,29.8],[57.848,30.0],[57.787,30.1],[57.8,30.1867],[57.9,30.1035],[58.0,30.0858],[58.0,30.2339],[57.9,30.3009],[57.7967,30.2],[57.7,30.16],[57.6416,30.3],[57.6493,30.4],[57.7293,30.5],[57.7021,30.6],[57.7531,30.7],[57.74,30.8],[57.82,30.9],[57.692,30.9],[57.6,30.854],[57.5,30.9814],[57.4,30.8963],[57.3,30.892],[57.2442,31.0],[57.1,31.0406],[56.9,30.9338],[56.8,30.963],[56.6621,31.1],[56.7775,31.3],[56.5547,31.4],[56.3668,31.7],[56.2723,32.0],[56.4882,32.1],[56.5646,32.2],[56.5498,32.3],[56.6,32.3983],[56.7,32.3676],[56.809,32.4],[56.7,32.4588],[56.6,32.4024],[56.5,32.4131],[56.334,32.5],[56.3435,32.6],[56.2431,32.6],[56.2,32.53],[56.0829,32.6],[56.04,32.7],[56.0511,32.8],[56.1755,32.9],[56.2157,33.0],[56.2075,33.1],[56.3,33.1433],[56.5,33.1609],[56.7,33.2735],[56.9152,33.3],[56.9274,33.4],[56.9,33.4231],[56.4,33.4382],[56.2954,33.5],[56.4588,33.6],[56.3312,33.7],[56.4,33.7804],[56.6064,33.9],[56.5,33.9666],[56.4,33.9445],[56.3326,34.0],[56.2504,34.0],[56.1471,33.9],[56.0133,33.6],[56.1046,33.5],[56.0,33.4927],[55.7933,33.4],[55.7,33.295],[55.4424,33.2],[55.6145,33.0],[55.4292,32.8],[55.4964,32.7],[55.41,32.6],[55.6371,32.5],[55.6114,32.4],[55.5,32.3328],[55.3,32.3528],[55.221,32.4],[55.3822,32.6],[55.3635,32.7],[55.1,32.7772],[55.0,32.6302],[54.82,32.7],[54.8103,32.8],[54.9588,32.9],[54.9567,33.0],[55.0211,33.1],[54.94,33.3],[55.3,33.533],[55.3347,33.5],[55.5,33.4895],[55.6,33.573],[55.7148,33.6],[55.6,33.6771],[55.4,33.6346],[55.1,33.6876],[54.9,33.5012],[54.8,33.4571],[54.7,33.483],[54.5,33.46],[54.4477,33.5],[54.4967,33.7],[54.6,33.7505],[54.6738,33.7],[54.6611,33.6],[54.7,33.5383],[54.7227,33.7],[54.8475,33.8],[54.72,33.9],[54.7491,34.0],[54.7,34.06],[54.6,34.1567],[54.5,34.1513],[54.4,34.1142],[54.313,34.0],[54.2,33.9608],[54.0,33.7879],[53.9,33.7708],[53.8683,33.8],[53.8646,34.0],[53.9241,34.1],[53.9,34.1276],[53.7,34.1117],[53.5,34.0316],[53.4,34.0472],[53.3349,34.1],[53.3391,34.2],[53.6,34.3787],[53.6,34.48],[53.5,34.4059],[53.3,34.3941],[53.1682,34.3],[53.183,34.1],[53.265,34.0],[53.2,33.8867],[53.1,33.8335],[52.7,34.0387],[52.6,34.0189],[52.5,33.904],[52.4,34.092],[52.1,34.1061],[52.0018,34.2],[51.9496,34.3],[52.0,34.36],[52.1,34.37],[52.1622,34.3],[52.3,34.2811],[52.28,34.5],[52.4376,34.6],[52.5392,34.8],[52.6683,34.9],[52.5529,35.0],[52.6,35.1269],[52.7,35.192],[52.9,35.18],[53.0133,35.4],[53.1496,35.5],[53.2,35.6024],[53.6,35.6067],[53.7973,35.5],[53.7,35.3979],[53.8,35.3821],[54.0,35.4219],[54.1,35.2736],[54.2,35.2155],[54.5,35.2896],[54.7,35.2879],[54.9,35.3573],[55.1,35.3585],[55.3,35.2138],[55.4213,35.3],[55.4088,35.4],[55.51,35.5],[55.7,35.536],[55.9,35.688],[56.0,35.6773],[56.1,35.7178],[56.2,35.6787],[56.3054,35.7],[56.2,35.7427],[56.0543,35.9],[56.1583,36.0],[56.2022,36.1],[56.4033,36.2],[56.5,36.3786],[56.6,36.3825],[56.7,36.2867],[56.9,36.2953],[57.2,36.2287],[57.4,36.246],[57.5,36.0174],[57.6,36.03],[57.6724,36.1],[57.7,36.2104],[57.9,36.1964],[58.0,36.0864],[58.1,36.0948],[58.3,36.2356],[58.5512,36.0],[58.6984,35.8],[58.4,35.6836],[58.2,35.5174],[58.0,35.5323],[57.7378,35.6],[57.7013,35.7],[57.7673,35.8],[57.7117,35.9],[57.6,35.9387],[57.5,35.9456],[57.4,35.8713],[57.3,35.8484],[57.2164,35.8],[57.1821,35.7],[57.3,35.6721],[57.4,35.7287],[57.6917,35.7],[57.5181,35.6],[57.6,35.572],[57.7,35.5838],[57.8,35.4225],[57.86,35.4],[58.0,35.3552],[58.2,35.3665],[58.2308,35.3],[58.2,35.2692],[58.0,35.2847],[57.8576,35.1],[57.9,35.0233],[58.1,35.0375],[58.2,35.1369],[58.28,35.1],[58.3,35.0447],[58.394,35.1],[58.5,35.1164],[58.6,35.2898],[58.8,35.2365],[59.0,35.2251],[59.3,34.9595],[59.5,34.9533],[59.5575,35.0],[59.4519,35.1],[59.5,35.1877],[59.6543,35.1],[59.7027,35.0],[59.9,34.9093],[60.0,34.8233],[60.0,34.7767],[59.9,34.7619],[59.8,34.8671],[59.7,34.847],[59.6619,34.8],[59.8,34.6638],[59.9,34.645],[60.0,34.5329],[60.0,34.0544],[59.8566,34.0],[59.8614,33.8],[59.6,33.6497],[59.5278,33.7],[59.4389,33.9],[59.3,34.0335],[59.0,34.192],[58.8,34.0957],[58.6,34.2496],[58.4382,34.3],[58.3,34.4383],[58.0892,34.4],[58.1137,34.3],[57.9886,34.2],[58.26,34.1],[58.2,34.088],[58.126,33.9],[58.2,33.8805],[58.2322,33.8],[58.3,33.7485],[58.5,33.7205],[58.6,33.813],[58.631,33.8],[58.6133,33.6],[58.6722,33.5],[59.0,33.3836],[59.22,33.4],[59.23,33.3],[59.3,33.213],[59.5,33.2312],[59.8,33.0506],[59.9,33.0975],[59.9411,33.0],[60.0,32.9491],[60.0,32.2047],[59.9531,32.1],[60.0,32.0531],[60.0,31.8515],[59.7,31.811],[59.6,31.8628],[59.4,31.8675],[59.364,31.8],[59.5,31.7315],[59.9,31.6569],[60.0,31.5466],[60.0,31.0916]]]}},{"type":"Feature","properties":{"source_type":"natural","foo_threshold":10},"geometry":{"type":"Polygon","coordinates":[[[60.0,25.4486],[59.9,25.4077],[59.8,25.427],[59.7565,25.5],[59.8631,25.6],[59.8963,25.7],[59.8,25.7862],[59.5,25.8112],[59.4,25.7894],[59.2,25.6727],[59.0024,25.8],[59.1,25.8488],[59.2,25.8371],[59.2594,25.9],[59.2083,26.0],[59.2498,26.2],[59.1,26.2515],[59.0252,26.2],[59.0592,26.0],[59.0,25.8025],[58.9,25.7755],[58.6,25.6023],[58.1,25.5973],[58.0,25.7141],[57.8,25.8221],[57.3489,25.8],[57.2898,26.0],[57.2,26.1283],[57.1944,26.2],[57.0954,26.3],[57.1,26.5184],[57.2,26.5618],[57.2138,26.6],[57.2181,27.2],[57.2716,27.3],[57.2,27.3398],[57.126,27.3],[57.1,27.2405],[57.0,27.2613],[56.8,27.2227],[56.4,27.2714],[56.2,27.3326],[56.04,27.3],[56.0,27.2511],[55.9,27.2559],[55.6,27.1689],[55.6,26.9767],[55.7,26.9096],[55.8,26.9437],[55.9805,26.9],[56.0094,26.8],[55.9,26.6916],[55.6,26.6937],[55.5,26.5992],[55.3992,26.6],[55.4974,26.7],[55.4,26.7904],[55.2,26.7836],[55.1,26.7091],[54.7,26.7431],[54.2,26.7128],[54.1,26.7932],[53.7,26.7897],[53.6,26.7128],[53.5909,26.8],[53.3,27.0855],[53.1,27.0916],[52.9,27.3354],[52.8,27.2891],[52.6976,27.3],[52.5992,27.4],[52.5932,27.5],[52.6,27.5445],[52.7,27.4607],[52.7354,27.5],[52.7413,27.6],[52.6,27.7273],[52.2541,27.7],[52.2,27.7784],[52.0991,27.8],[52.147,27.9],[52.0,28.032],[51.9755,28.0],[52.0698,27.9],[51.4,27.8872],[51.381,28.0],[51.2838,28.1],[51.2887,28.3],[51.0912,28.5],[51.0864,28.7],[50.9863,28.8],[51.0,28.8634],[51.1,28.8675],[51.1675,28.8],[51.1571,28.6],[51.2,28.5587],[51.3,28.5716],[51.4,28.6736],[51.5,28.5757],[51.7,28.574],[51.8,28.674],[51.9,28.6762],[52.6,28.6617],[52.7,28.5614],[52.9,28.5654],[53.0,28.6409],[53.1,28.842],[53.142,28.8],[53.1632,28.7],[53.3,28.5686],[53.356,28.6],[53.3344,28.8],[53.4,28.8656],[53.5,28.8699],[53.8,28.5623],[53.8286,28.6],[53.828,28.8],[53.9,28.872],[54.0,28.7678],[54.1,28.7716],[54.2,28.6729],[54.2729,28.6],[54.3,28.4768],[54.4,28.472],[54.5,28.567],[54.7,28.5693],[54.8,28.6621],[54.9,28.6771],[55.0745,28.6],[55.0,28.5749],[54.969,28.5],[55.0,28.4579],[55.1,28.5881],[55.2083,28.6],[55.1668,28.7],[54.9,28.883],[54.8,28.8557],[54.7,28.9484],[54.4,28.9882],[54.4,29.0331],[54.5088,29.1],[54.548,29.2],[54.5,29.29],[54.4,29.34],[54.3914,29.3],[54.3,29.2716],[54.2,29.287],[54.1,29.1103],[54.0,29.1555],[53.9,29.2546],[53.6,29.2613],[53.535,29.2],[53.5284,29.1],[53.6,29.0343],[53.8,29.0476],[53.8476,29.0],[53.8663,28.9],[53.8,28.8337],[53.7,28.9678],[53.5,28.9671],[53.4671,29.0],[53.4716,29.1],[53.4,29.174],[53.3,29.1716],[53.2716,29.2],[53.5575,29.4],[53.4585,29.5],[53.4591,29.6],[53.4,29.6302],[53.3693,29.7],[53.4,29.7308],[53.6584,29.7],[53.6,29.6947],[53.5118,29.6],[53.7,29.4315],[54.0,29.3955],[54.1,29.319],[54.2,29.3457],[54.2633,29.4],[54.3411,29.5],[54.3,29.5493],[54.2,29.5776],[54.1,29.4358],[54.0343,29.5],[54.0693,29.6],[53.9625,29.7],[54.0,29.7941],[54.1,29.7329],[54.1947,29.8],[54.1613,29.9],[54.2,29.9504],[54.4,29.9858],[54.4,30.0163],[54.2617,30.1],[54.4,30.2659],[54.5,30.2698],[54.9,29.9374],[55.0,29.9118],[55.0776,30.0],[55.2,30.0492],[55.2922,30.0],[55.3382,29.9],[55.3147,29.8],[55.2384,29.7],[55.2,29.48],[54.9471,29.4],[55.1,29.3447],[55.2144,29.2],[55.3,29.1572],[55.4,29.1754],[55.6,29.138],[55.6723,29.0],[55.655,28.9],[55.7,28.8784],[55.9,28.97],[55.945,28.9],[55.9371,28.8],[56.1,28.7744],[56.2,28.7959],[56.2943,28.6],[56.4,28.6039],[56.5,28.7054],[56.6,28.7545],[56.7,28.7422],[56.7756,28.6],[56.7093,28.5],[56.8,28.4356],[56.9,28.4703],[56.9341,28.4],[57.0,28.3593],[57.2,28.4205],[57.3,28.4174],[57.4,28.3476],[57.47,28.4],[57.5,28.4836],[57.6,28.5982],[57.6632,28.3],[57.7,28.2711],[57.8,28.2721],[57.9272,28.4],[57.7,28.6507],[57.6,28.6021],[57.3047,28.8],[57.5,28.9519],[57.6,28.8375],[57.8046,28.8],[58.0,28.5656],[58.1,28.5654],[58.2,28.4741],[58.3,28.4904],[58.4,28.4653],[58.466,28.5],[58.4096,28.8],[58.2486,28.9],[58.3767,29.1],[58.3,29.1836],[58.2,29.0882],[58.1,29.0513],[58.0459,29.1],[58.082,29.2],[58.0336,29.3],[58.1126,29.4],[58.1235,29.5],[58.074,29.6],[58.2,29.6826],[58.4,29.505],[58.6,29.5391],[58.9,29.4572],[59.2867,29.4],[59.2,29.3827],[59.1046,29.3],[59.1331,29.2],[59.2,29.1394],[59.3,29.1423],[59.4,29.1923],[59.6,28.9887],[59.7,29.02],[59.8,28.9615],[59.9292,28.7],[59.9356,28.2],[60.0,28.1343],[60.0,27.6961],[59.9425,27.3],[60.0,27.2369],[60.0,27.0383],[59.9346,26.9],[60.0,26.8535],[60.0,26.5546],[59.9369,26.5],[60.0,26.4315],[60.0,26.32],[59.9715,26.3],[60.0,26.134],[59.934,26.0],[60.0,25.9267],[60.0,25.4486]]]}},{"type":"Feature","properties":{"source_type":"natural","foo_threshold":10},"geometry":{"type":"Polygon","coordinates":[[[47.1,20.2702],[47.0426,20.4],[47.1,20.4285],[47.2,20.3549],[47.3,20.3633],[47.3783,20.5],[47.3025,20.6],[47.36,20.7],[47.5,20.7292],[47.7,20.8874],[47.8,20.912],[47.844,21.2],[47.792,21.4],[47.8776,21.5],[47.8678,21.6],[47.9776,21.7],[47.9724,21.8],[48.0,21.8276],[48.1,21.7251],[48.3,21.9268],[48.4,21.9315],[48.5555,22.0],[48.5537,22.1],[48.6,22.1409],[48.7,22.1381],[48.7716,22.2],[48.788,22.3],[48.9,22.4883],[49.0,22.4959],[49.1,22.3392],[49.1596,22.4],[49.08,22.5],[49.132,22.6],[49.1668,22.8],[48.9385,23.0],[48.9776,23.1],[49.1,23.1511],[49.2,23.0392],[49.3,23.0242],[49.3575,23.1],[49.4,23.24],[49.7,23.148],[49.8,23.1633],[49.822,23.2],[49.8642,23.3],[49.8,23.3856],[49.6,23.39],[49.5,23.4564],[49.4,23.4539],[49.3442,23.5],[49.3644,23.6],[49.4444,23.7],[49.3381,23.8],[49.3492,23.9],[49.4,23.9774],[49.5,23.9858],[49.6,23.9332],[49.7,23.9616],[49.9,23.9446],[49.948,24.0],[49.9638,24.1],[49.9191,24.2],[49.9467,24.3],[50.0,24.313],[50.0708,24.4],[50.055,24.5],[50.1188,24.7],[50.0611,24.8],[50.0,25.1855],[49.9315,25.3],[49.9243,25.4],[50.04,25.6],[50.2,25.679],[50.2043,25.6],[50.3,25.5039],[50.4,25.5024],[50.5064,25.4],[50.5068,25.2],[50.4425,25.1],[50.4501,25.0],[50.6,24.842],[50.7114,24.8],[50.7,24.7416],[50.645,24.7],[50.645,24.6],[50.5435,24.5],[50.6,24.4315],[50.7185,24.4],[50.7,24.3392],[50.5773,24.3],[50.7,24.16],[50.8,24.1442],[50.8376,24.2],[50.815,24.3],[51.046,24.4],[51.0532,24.5],[51.0,24.5488],[50.9,24.5484],[50.7352,24.7],[50.8,24.7145],[50.8895,24.8],[50.8919,24.9],[50.7956,25.0],[50.8,25.0758],[50.9,25.0782],[51.0,25.0235],[51.1,25.029],[51.2,24.9468],[51.3,24.9989],[51.6,25.0157],[51.505,24.9],[51.5087,24.8],[51.4098,24.7],[51.4,24.5607],[51.3219,24.5],[51.3019,24.4],[51.3893,24.3],[51.2343,24.2],[51.2381,23.9],[51.3,23.713],[51.4,23.6336],[51.5141,23.7],[51.5292,23.6],[51.4336,23.5],[51.5,23.4497],[51.6882,23.6],[51.7,23.6573],[51.7573,23.6],[51.6811,23.4],[51.8,23.2685],[52.004,23.3],[52.1,23.3457],[52.1392,23.6],[52.5,23.8187],[52.8,23.8096],[52.9,23.6868],[53.0,23.6584],[53.3,23.6753],[53.3529,23.7],[53.3,23.7148],[53.1494,23.9],[53.4,23.9844],[53.5,23.9297],[53.6,23.81],[53.7,23.816],[53.7886,24.0],[53.9,24.0055],[54.0,24.0953],[54.065,24.0],[53.9604,23.8],[54.0,23.7236],[54.1,23.7057],[54.2,23.84],[54.3297,23.9],[54.2544,24.0],[54.3033,24.1],[54.3,24.2232],[54.4,24.2034],[54.5,24.2458],[54.7,24.1777],[54.7725,24.2],[54.8276,24.3],[54.9,24.3572],[55.2,24.4771],[55.36,24.4],[55.1624,24.3],[55.0,24.0775],[54.6,23.813],[54.5,23.7123],[54.44,23.7],[54.3,23.5553],[54.2,23.5427],[54.11,23.6],[54.1,23.6467],[54.0,23.535],[53.9,23.52],[53.868,23.6],[53.7,23.6378],[53.6,23.7675],[53.51,23.7],[53.6918,23.5],[53.886,23.4],[53.865,23.2],[53.6,23.0108],[53.3987,23.0],[53.3,22.734],[53.2514,22.7],[53.2,22.5907],[53.0,22.5607],[52.8585,22.5],[52.3024,22.2],[52.2262,22.1],[52.4,21.8256],[52.6,21.8685],[52.635,21.5],[52.8,21.3242],[52.9039,21.3],[52.9322,21.2],[52.9118,20.8],[52.8141,20.7],[52.8224,20.6],[52.6,20.3692],[52.5,20.3767],[52.3,20.2067],[52.26,20.3],[52.4,20.4782],[52.68,20.6],[52.6275,20.7],[52.4976,21.2],[52.3638,21.4],[52.4155,21.5],[52.417,21.6],[52.3,21.7415],[52.1,21.7239],[52.0,21.6389],[51.8,21.6335],[51.7183,21.8],[51.7,22.0127],[51.5918,22.1],[51.66,22.2],[51.6108,22.3],[51.6,22.4336],[51.4,22.6541],[51.3,22.6571],[51.2412,22.6],[51.1817,22.4],[51.1043,22.3],[51.2371,22.1],[51.2,22.0629],[51.0,22.0629],[50.9,22.02],[50.6,22.0914],[50.3782,21.9],[50.4433,21.8],[50.2983,21.6],[50.2695,21.5],[50.2457,21.4],[50.259,21.1],[50.2,21.0157],[50.1,20.9494],[50.0,21.0025],[49.9,21.1309],[49.9,21.015],[49.96,21.0],[49.8,20.9378],[49.792,21.0],[49.7,21.0474],[49.6329,21.0],[49.7,20.908],[49.7622,20.9],[49.6,20.724],[49.5,20.8233],[49.4,21.0305],[49.3,21.0367],[49.2,20.9162],[49.1,20.8914],[48.9,20.9968],[48.7933,21.0],[48.6,20.9338],[48.4,20.9671],[48.305,20.9],[48.5,20.826],[48.5164,20.7],[48.428,20.7],[48.3,20.774],[48.2,20.6954],[48.1,20.7785],[48.0387,20.7],[48.0784,20.6],[47.9,20.4617],[47.8,20.5168],[47.682,20.5],[47.8471,20.4],[47.7975,20.3],[47.7,20.248],[47.5,20.2369],[47.1,20.2702]]]}},{"type":"Feature","properties":{"source_type":"natural","foo_threshold":10},"geometry":{"type":"Polygon","coordinates":[[[50.6,15.8795],[50.5,15.9447],[50.4,15.9492],[50.3,16.0438],[50.1,16.0613],[50.0,16.133],[49.9,16.145],[49.77,16.3],[49.7278,16.4],[49.6,16.4608],[49.5,16.4528],[49.4528,16.5],[49.4495,16.6],[49.3716,16.7],[49.4,16.8195],[49.5,16.7439],[49.6,16.764],[49.7,16.8536],[50.0,16.8504],[50.1267,16.8],[50.3,16.7902],[50.4091,16.9],[50.2543,17.0],[50.2204,17.2],[50.3,17.2871],[50.354,17.3],[50.2977,17.4],[50.2,17.454],[50.1,17.4145],[50.139,17.3],[50.1,17.2554],[50.0,17.2498],[49.9,17.3376],[49.7547,17.4],[49.7539,17.5],[49.8,17.579],[50.0,17.6765],[50.1,17.7779],[50.1508,17.9],[50.2894,18.0],[50.3195,18.1],[50.4,18.1946],[50.7,18.0806],[50.9,18.049],[50.9665,18.0],[50.9976,17.9],[50.8507,17.8],[50.9,17.7507],[51.0,17.76],[51.0017,17.9],[51.1,17.9837],[51.2,17.9929],[51.2958,17.9],[51.3,17.83],[51.5086,17.8],[51.4811,17.9],[51.5132,18.0],[51.6,18.169],[51.7,18.2685],[51.8,18.2264],[52.2,18.2221],[52.208,18.1],[52.1515,18.0],[52.1,17.9498],[52.0,17.941],[51.9482,17.9],[51.84,17.7],[51.6,17.6406],[51.5606,17.6],[51.5504,17.5],[51.8,17.5075],[51.8181,17.6],[51.9,17.6933],[52.1,17.6563],[52.2,17.7347],[52.4,17.782],[52.5,17.6673],[52.6,17.6519],[52.7,17.6898],[52.8,17.6548],[52.8394,17.6],[52.7836,17.5],[52.7619,17.3],[52.7,17.2397],[52.4,17.2758],[52.2,17.2503],[52.1268,17.2],[52.1695,17.0],[51.9,16.7488],[51.8,16.7947],[51.6,16.7767],[51.5767,16.8],[51.6,16.8233],[51.8,16.8169],[51.844,16.9],[51.6,16.9393],[51.5393,17.0],[51.5484,17.1],[51.7,17.235],[51.9012,17.3],[51.7,17.356],[51.6,17.345],[51.5,17.2495],[51.4,17.2524],[51.2,17.4907],[51.1,17.3651],[51.0651,17.4],[51.1,17.5871],[51.2,17.5254],[51.2298,17.6],[51.2,17.6462],[51.1,17.6293],[51.0,17.592],[50.9485,17.5],[50.913,17.3],[50.8454,17.2],[50.853,17.1],[50.7582,17.0],[50.767,16.9],[50.8,16.8607],[50.9,16.8565],[50.9565,16.8],[50.9547,16.7],[50.9118,16.6],[51.0,16.5118],[51.108,16.5],[51.0292,16.4],[51.1,16.2935],[51.2,16.2594],[51.3,16.2415],[51.4,16.3315],[51.7,16.3409],[51.9,16.3106],[51.9613,16.4],[52.0,16.6224],[52.1,16.6185],[52.2,16.544],[52.3,16.596],[52.4,16.6009],[52.4571,16.5],[52.4185,16.4],[52.2031,16.2],[52.2,16.0991],[52.1492,16.1],[52.1548,16.2],[52.1,16.3308],[51.9184,16.2],[52.0573,16.1],[52.0552,16.0],[52.0,15.9318],[51.8,15.9596],[51.7,16.0372],[51.4,16.0444],[51.3,16.1585],[51.2,16.0575],[51.0,16.047],[50.9,15.9484],[50.7,15.957],[50.6,15.8795]]]}},{"type":"Feature","properties":{"source_type":"natural","foo_threshold":10},"geometry":{"type":"Polygon","coordinates":[[[44.9,31.0571],[45.0,31.0579],[45.0438,31.1],[45.0429,31.2],[45.1,31.2571],[45.2,31.2638],[45.2429,31.3],[45.2441,31.4],[45.2,31.4421],[45.0,31.4418],[44.9418,31.5],[45.0,31.5582],[45.1,31.5582],[45.1499,31.6],[44.9,31.8608],[44.8519,31.8],[44.8585,31.7],[44.9523,31.6],[44.9,31.5477],[44.7,31.5379],[44.6379,31.6],[44.6591,31.9],[44.7,31.9409],[44.8,31.9415],[44.9,32.0369],[45.0,32.0459],[45.2,31.8574],[45.3,31.8582],[45.347,31.9],[45.3507,32.0],[45.3,32.065],[45.2,32.0678],[44.9732,32.3],[45.0644,32.4],[45.0678,32.6],[44.9716,32.7],[45.0,32.7284],[45.1,32.7308],[45.3329,32.5],[45.3,32.4671],[45.2,32.4591],[45.1356,32.4],[45.1398,32.3],[45.2,32.2375],[45.3,32.2356],[45.4,32.1425],[45.7,32.1516],[45.7503,32.2],[45.7429,32.4],[45.8,32.4571],[45.9,32.4562],[46.0,32.553],[46.1,32.5512],[46.1532,32.6],[46.1,32.6585],[45.9,32.6608],[45.8,32.5503],[45.7,32.6492],[45.4,32.658],[45.358,32.7],[45.3708,32.8],[45.3,32.8776],[45.1064,32.9],[45.0795,33.0],[44.8,33.245],[44.6,33.2716],[44.5716,33.3],[44.5758,33.4],[44.656,33.5],[44.6785,33.7],[44.8,33.7387],[44.9,33.8375],[45.0,33.8315],[45.0767,33.9],[44.992,34.0],[45.1,34.0308],[45.1619,34.1],[45.1532,34.2],[45.3294,34.3],[45.2447,34.4],[45.3301,34.5],[45.3,34.539],[45.2,34.557],[45.1,34.4664],[45.0,34.457],[44.8292,34.3],[44.8537,34.2],[44.9233,34.1],[44.9,34.0767],[44.8,34.0716],[44.6961,34.0],[44.5,33.9596],[44.4,34.0555],[44.2991,34.1],[44.364,34.2],[44.5247,34.3],[44.5512,34.4],[44.5,34.5758],[44.4,34.6945],[44.0422,34.6],[44.0354,34.5],[44.2,34.423],[44.2837,34.3],[44.2,34.2315],[44.1,34.2069],[43.9907,34.4],[43.9933,34.5],[43.9,34.5758],[43.8,34.4976],[43.7477,34.7],[43.7,34.745],[43.6526,34.7],[43.644,34.4],[43.7526,34.3],[43.7665,34.1],[43.9141,34.0],[43.916,33.8],[44.0,33.6575],[44.0153,33.5],[43.9,33.4591],[43.5,33.4341],[43.4341,33.5],[43.5335,33.6],[43.5348,33.7],[43.6,33.7652],[43.7,33.6607],[43.757,33.7],[43.7638,33.8],[43.7,33.8429],[43.6,33.8427],[43.5427,33.9],[43.533,34.0],[43.4,34.1381],[43.3,34.1418],[43.2418,34.2],[43.2395,34.3],[43.1374,34.4],[43.1348,34.5],[43.233,34.6],[43.2,34.6274],[43.1,34.626],[42.961,34.5],[42.9568,34.1],[43.0516,34.0],[43.0753,33.7],[43.1,33.6719],[43.4,33.668],[43.468,33.6],[43.3,33.431],[43.2,33.5294],[43.0,33.5246],[42.9733,33.5],[43.1,33.4774],[43.4,33.1675],[43.6,33.1571],[43.7,33.2579],[43.8,33.1481],[43.9,33.1404],[44.0392,33.0],[44.1106,32.9],[44.1329,32.8],[44.1195,32.7],[44.0224,32.6],[44.0392,32.5],[44.1153,32.4],[44.1,32.3638],[44.0,32.3725],[43.8,32.3088],[43.7087,32.4],[43.8,32.4185],[43.9776,32.6],[43.9716,32.7],[43.6,33.0429],[43.5,33.0386],[43.375,32.9],[43.3716,32.8],[43.4505,32.7],[43.443,32.6],[43.5459,32.5],[43.6,32.39],[43.73,32.3],[43.8,32.2926],[44.0,32.1186],[44.2,32.1858],[44.2375,32.1],[44.354,32.0],[44.3562,31.7],[44.5,31.5705],[44.6,31.5705],[44.77,31.4],[44.5735,31.2],[44.6,31.1673],[44.7,31.1587],[44.7317,31.2],[44.7325,31.3],[44.8,31.3675],[44.9,31.3678],[44.9678,31.3],[44.8683,31.2],[44.8612,31.1],[44.9,31.0571]]]}},{"type":"Feature","properties":{"source_type":"natural","foo_threshold":10},"geometry":{"type":"Polygon","coordinates":[[[48.2,19.2379],[48.0827,19.4],[48.114,19.7],[48.3393,19.9],[48.3,19.9671],[47.9,19.9082],[47.8133,20.0],[47.7729,20.1],[47.8,20.1383],[48.1,20.1055],[48.5,20.2173],[48.7,20.1617],[49.0,20.1711],[49.0892,20.2],[49.3,20.3589],[49.5,20.371],[49.6,20.588],[49.7,20.6967],[50.0646,20.8],[50.2,20.912],[50.3,20.8892],[50.4,20.9087],[50.6,20.785],[50.6412,20.7],[50.6367,20.6],[50.612,20.5],[50.54,20.4],[50.3,20.2131],[50.2,20.3225],[50.1,20.3547],[50.0168,20.3],[50.1,20.2082],[50.2,20.2556],[50.2666,20.2],[50.2,20.1262],[50.1,20.191],[49.895,20.2],[49.9867,20.0],[49.9,19.9629],[49.7467,20.1],[49.6,20.1764],[49.3,20.0887],[49.2,20.1625],[49.1387,20.1],[49.2139,20.0],[48.9892,19.8],[48.966,19.7],[48.6457,19.5],[48.4,19.2733],[48.3,19.2265],[48.2,19.2379]]]}},{"type":"Feature","properties":{"source_type":"natural","foo_threshold":10},"geometry":{"type":"Polygon","coordinates":[[[46.0,20.4952],[45.944,20.5],[45.9,20.6112],[46.0,20.6127],[46.2,20.6959],[46.4,20.7067],[46.487,20.8],[46.4455,20.9],[46.3405,21.0],[46.3444,21.2],[46.2947,21.4],[46.4,21.5024],[46.5,21.5153],[46.6,21.6523],[46.7,21.6981],[46.7946,21.5],[46.7205,21.4],[46.9,21.2276],[47.1,21.3973],[47.1365,21.5],[47.108,21.7],[47.2027,21.8],[47.1,21.72],[47.0805,21.9],[46.9591,22.0],[47.0724,22.1],[47.02,22.2],[47.1619,22.3],[47.1593,22.4],[47.2,22.5057],[47.3251,22.0],[47.4,21.9174],[47.5,21.9067],[47.7,21.9913],[47.7356,21.9],[47.7,21.8644],[47.6,21.8613],[47.5398,21.8],[47.6369,21.7],[47.6,21.508],[47.552,21.5],[47.4224,21.3],[47.4,21.2114],[47.2,21.1114],[47.1033,21.0],[46.9969,20.8],[47.0726,20.7],[46.9709,20.6],[46.9,20.5731],[46.8,20.6078],[46.6,20.5516],[46.5,20.5894],[46.3,20.4638],[46.2,20.5664],[46.113,20.5],[46.1,20.428],[46.0,20.4952]]]}},{"type":"Feature","properties":{"source_type":"natural","foo_threshold":10},"geometry":{"type":"Polygon","coordinates":[[[54.8,31.3054],[54.7,31.4686],[54.3014,31.6],[54.32,31.7],[54.2,31.733],[54.1256,31.8],[54.1744,32.0],[53.9882,32.1],[53.935,32.2],[53.7933,32.3],[53.8,32.4075],[53.9,32.4373],[53.9495,32.5],[53.8025,32.6],[53.9,32.776],[54.0,32.7282],[54.2495,32.8],[54.2364,33.0],[54.3026,33.2],[54.4,33.2806],[54.7,33.36],[54.8307,33.3],[54.8144,33.2],[54.7,33.0274],[54.6,33.057],[54.5195,33.0],[54.4736,32.9],[54.6906,32.8],[54.7843,32.7],[54.6,32.6302],[54.5,32.6867],[54.4307,32.6],[54.4,32.4965],[54.166,32.4],[54.2,32.2939],[54.3,32.2824],[54.4,32.3287],[54.4388,32.3],[54.53,32.1],[54.4697,31.9],[54.5,31.853],[54.7,31.7096],[54.8067,31.7],[54.8453,31.6],[54.968,31.5],[55.0229,31.4],[55.0,31.36],[54.9,31.3024],[54.8,31.3054]]]}},{"type":"Feature","properties":{"source_type":"natural","foo_threshold":10},"geometry":{"type":"Polygon","coordinates":[[[46.1,21.6499],[46.0499,21.7],[46.0585,21.9],[45.9301,22.0],[45.8586,22.1],[45.8631,22.2],[45.8,22.2664],[45.7,22.2882],[45.6039,22.2],[45.6,21.9338],[45.5,22.0343],[45.4,22.06],[45.3847,22.2],[45.5,22.2009],[45.5947,22.3],[45.4,22.4716],[45.2,22.4708],[45.1708,22.5],[45.2,22.5292],[45.4,22.5284],[45.4776,22.6],[45.5693,22.7],[45.546,22.8],[45.8859,23.1],[45.8767,23.2],[45.9,23.2233],[46.0,23.1164],[46.1195,23.1],[46.159,22.9],[46.2,22.8619],[46.3,22.864],[46.3398,22.9],[46.3346,23.0],[46.4,23.0654],[46.6,22.8381],[46.7,22.9481],[46.7481,22.9],[46.708,22.8],[46.5984,22.7],[46.3,22.6372],[46.2546,22.6],[46.2579,22.5],[46.2,22.4421],[46.1421,22.5],[46.1454,22.6],[46.1,22.6528],[45.9,22.6678],[45.8093,22.6],[45.8093,22.5],[46.0195,22.3],[46.035,22.2],[46.1,22.1533],[46.1644,22.2],[46.1749,22.3],[46.3,22.4463],[46.4,22.4425],[46.4425,22.4],[46.4164,22.2],[46.2454,22.0],[46.2505,21.9],[46.1543,21.8],[46.1501,21.7],[46.1,21.6499]]]}},{"type":"Feature","properties":{"source_type":"natural","foo_threshold":10},"geometry":{"type":"Polygon","coordinates":[[[56.1,30.755],[56.0104,30.9],[55.8,31.0221],[55.4283,31.1],[55.4,31.168],[55.3,30.9386],[55.2,30.8622],[55.1,30.9378],[54.814,31.0],[54.9,31.0662],[54.9924,31.2],[55.0096,31.3],[55.1,31.3807],[55.3,31.2236],[55.4,31.2178],[55.4237,31.4],[55.4,31.4206],[55.2,31.4226],[55.1,31.4491],[55.0533,31.5],[55.2016,31.7],[55.3,31.7745],[55.6,31.78],[55.9041,31.6],[55.9767,31.4],[56.1471,31.3],[56.046,31.1],[56.3,30.9464],[56.4,30.9503],[56.465,30.9],[56.4,30.8805],[56.3,30.7668],[56.1,30.755]]]}},{"type":"Feature","properties":{"source_type":"natural","foo_threshold":10},"geometry":{"type":"Polygon","coordinates":[[[48.2,26.0708],[48.2,26.1106],[48.3,26.1009],[48.4,26.1533],[48.5,26.1505],[48.7,26.3587],[48.8,26.2598],[48.8348,26.3],[48.8335,26.4],[48.6348,26.6],[48.6532,26.8],[48.7499,26.9],[48.7,26.9795],[48.5947,27.0],[48.6795,27.1],[48.6836,27.2],[48.4596,27.4],[48.5,27.4404],[48.7,27.4322],[48.8,27.3164],[49.0,27.3185],[49.0215,27.2],[49.1224,27.1],[49.1329,27.0],[49.3174,26.9],[49.3,26.8029],[49.2,26.8541],[49.1,26.8484],[48.9625,27.0],[48.9692,27.1],[48.9,27.1859],[48.8,27.1847],[48.7205,27.1],[48.8409,27.0],[48.8501,26.9],[48.9646,26.8],[48.9648,26.7],[49.0,26.6607],[49.2,26.626],[49.3,26.648],[49.36,26.6],[49.3467,26.4],[49.6,26.3206],[49.654,26.2],[49.4106,26.1],[49.4,26.0553],[49.3895,26.1],[49.3,26.1776],[49.2,26.07],[49.0,26.0424],[48.9,26.1393],[48.8,26.0625],[48.4,26.0467],[48.3,26.0991],[48.2,26.0708]]]}},{"type":"Feature","properties":{"source_type":"natural","foo_threshold":10},"geometry":{"type":"Polygon","coordinates":[[[49.1,24.0467],[48.9,24.2354],[48.8,24.232],[48.5895,24.3],[48.556,24.4],[48.5499,24.8],[48.6,24.8501],[48.7,24.745],[48.8,24.7174],[48.9,24.7585],[49.0,24.743],[49.2,24.8594],[49.4,24.8666],[49.6,24.7624],[49.6492,24.7],[49.6686,24.6],[49.6,24.5138],[49.54,24.5],[49.5289,24.4],[49.6023,24.3],[49.5664,24.2],[49.5,24.1481],[49.3,24.1732],[49.2,24.0758],[49.1,24.0467]]]}},{"type":"Feature","properties":{"source_type":"natural","foo_threshold":10},"geometry":{"type":"Polygon","coordinates":[[[48.3,26.4933],[48.2,26.5092],[48.1,26.57],[48.0,26.5043],[47.9,26.5405],[47.8,26.5322],[47.7322,26.6],[47.732,26.7],[47.8258,26.8],[47.8,26.8261],[47.7,26.8257],[47.6,26.7313],[47.5,26.8255],[47.3,26.83],[47.23,26.9],[47.5,27.1737],[47.6,27.075],[47.6224,27.2],[47.8,27.3711],[47.9541,27.4],[47.9625,27.5],[48.0,27.5375],[48.1,27.4387],[48.3,27.6375],[48.5,27.6343],[48.5343,27.6],[48.5,27.5657],[48.4,27.5767],[48.2381,27.4],[48.2375,27.1],[48.0665,26.9],[48.0612,26.7],[48.1,26.63],[48.4,26.6356],[48.5,26.7463],[48.5463,26.7],[48.5,26.4767],[48.3,26.4933]]]}},{"type":"Feature","properties":{"source_type":"natural","foo_threshold":10},"geometry":{"type":"Polygon","coordinates":[[[49.5,30.0865],[49.4,30.1796],[49.2,30.1807],[49.1,30.2798],[48.9308,30.3],[48.8334,30.4],[48.8541,30.6],[48.9,30.6459],[49.0,30.5706],[49.1,30.6619],[49.3,30.668],[49.4,30.7681],[49.5,30.6666],[49.5386,30.7],[49.5335,30.8],[49.4,30.9235],[49.3,30.9268],[49.2268,31.0],[49.3,31.0732],[49.5,31.0721],[49.8,30.7725],[49.9221,30.8],[49.9286,30.9],[49.8319,31.0],[49.9,31.0681],[50.0,31.0663],[50.0663,31.0],[50.0775,30.7],[49.9,30.5239],[49.8,30.6275],[49.7,30.5393],[49.6,30.535],[49.5,30.4344],[49.4754,30.4],[49.5703,30.3],[49.5725,30.2],[49.6,30.1587],[49.7,30.1623],[49.7132,30.1],[49.5,30.0865]]]}},{"type":"Feature","properties":{"source_type":"natural","foo_threshold":10},"geometry":{"type":"Polygon","coordinates":[[[56.4,20.596],[56.3467,20.6],[56.252,20.7],[56.3253,20.8],[56.2,20.96],[56.0,20.9356],[55.8616,21.1],[55.9632,21.2],[55.9898,21.3],[55.9429,21.4],[55.81,21.5],[55.7428,21.6],[55.8567,21.7],[55.6,21.757],[55.5582,21.9],[55.7,21.9227],[55.9146,21.8],[55.9728,21.7],[56.2,21.6451],[56.251,21.6],[56.2341,21.5],[56.2854,21.4],[56.2,21.2094],[56.085,21.2],[56.1,21.079],[56.2,21.166],[56.2825,21.1],[56.4,21.1014],[56.7,21.014],[56.8,21.0557],[56.8496,21.0],[56.6954,20.8],[56.6786,20.7],[56.6,20.6165],[56.5,20.5505],[56.4,20.596]]]}},{"type":"Feature","properties":{"source_type":"natural","foo_threshold":10},"geometry":{"type":"Polygon","coordinates":[[[59.3,31.9664],[59.4,31.9072],[59.5,31.9322],[59.5542,32.0],[59.567,32.2],[59.4443,32.3],[59.4139,32.4],[59.4614,32.6],[59.4346,32.7],[59.2,32.8588],[59.1,32.8592],[59.0,32.8083],[58.9,32.6218],[58.8,32.5607],[58.6,32.5971],[58.5,32.5726],[58.4274,32.5],[58.5342,32.4],[58.6,32.216],[58.8,32.2788],[59.1,32.243],[59.1464,32.2],[59.1664,32.1],[59.3,31.9664]]]}},{"type":"Feature","properties":{"source_type":"natural","foo_threshold":10},"geometry":{"type":"Polygon","coordinates":[[[53.8,17.0976],[53.705,17.2],[53.9,17.3446],[53.9178,17.4],[54.0,17.4716],[54.2,17.5391],[54.3,17.4996],[54.5,17.51],[54.7,17.4777],[54.9,17.3956],[55.1,17.4701],[55.2,17.4609],[55.2867,17.4],[55.2089,17.3],[55.2,17.2153],[55.1,17.1423],[54.7,17.03],[54.5,17.1565],[54.2,17.1477],[54.1,17.2298],[53.9242,17.2],[53.8,17.0976]]]}},{"type":"Feature","properties":{"source_type":"natural","foo_threshold":10},"geometry":{"type":"Polygon","coordinates":[[[55.5,17.8942],[55.4145,17.9],[55.5571,18.0],[55.5248,18.3],[55.6083,18.4],[55.5,18.4354],[55.4221,18.5],[55.8,18.7315],[55.9,18.7445],[56.045,18.7],[56.0871,18.6],[56.077,18.5],[55.9296,18.4],[55.9397,18.3],[56.2032,18.0],[56.0,17.9825],[55.9,17.8836],[55.5,17.8942]]]}},{"type":"Feature","properties":{"source_type":"natural","foo_threshold":10},"geometry":{"type":"Polygon","coordinates":[[[50.3,19.0133],[50.2283,19.3],[50.0,19.32],[49.944,19.4],[50.0044,19.5],[50.3,19.666],[50.5,19.72],[50.6,19.736],[50.832,19.7],[50.78,19.6],[50.9575,19.4],[50.9,19.3933],[50.8164,19.3],[50.8,19.21],[50.73,19.2],[50.7,19.14],[50.5,19.2088],[50.4933,19.1],[50.3,19.0133]]]}},{"type":"Feature","properties":{"source_type":"natural","foo_threshold":10},"geometry":{"type":"Polygon","coordinates":[[[48.5,24.8805],[48.392,25.0],[48.387,25.2],[48.5,25.2185],[48.6631,25.4],[48.6,25.4602],[48.4,25.4785],[48.1836,25.7],[48.2,25.784],[48.3052,25.9],[48.5,25.9476],[48.6315,25.9],[48.6205,25.7],[48.7,25.6336],[49.1,25.5745],[49.252,25.5],[49.1943,25.4],[48.98,25.4],[48.9,25.2104],[48.8,25.1405],[48.7,25.1795],[48.5371,25.1],[48.6,25.0633],[48.6106,25.0],[48.5,24.8805]]]}},{"type":"Feature","properties":{"source_type":"natural","foo_threshold":10},"geometry":{"type":"Polygon","coordinates":[[[53.6,17.5261],[53.509,17.6],[53.4713,17.7],[53.3,17.74],[53.264,17.8],[53.3892,17.9],[53.4008,18.0],[53.5194,18.1],[53.5,18.132],[53.4,18.129],[53.3758,18.2],[53.4,18.2792],[53.5,18.285],[53.5,18.3104],[53.2,18.2933],[53.1725,18.4],[53.3,18.4829],[53.5,18.449],[53.7,18.5678],[53.8,18.5782],[53.8543,18.5],[53.8485,18.4],[53.8,18.29],[53.6951,18.3],[53.7,18.22],[53.7523,18.1],[53.8417,18.0],[53.7864,17.9],[53.6586,17.8],[53.6544,17.7],[53.8531,17.6],[53.7,17.5188],[53.6,17.5261]]]}},{"type":"Feature","properties":{"source_type":"natural","foo_threshold":10},"geometry":{"type":"Polygon","coordinates":[[[43.5,24.3776],[43.4776,24.4],[43.4882,24.6],[43.7,24.654],[43.7325,24.7],[43.5693,24.8],[43.6,24.8794],[43.7,24.9322],[43.7356,25.0],[43.7,25.0515],[43.6174,25.0],[43.6,24.9352],[43.5,24.9359],[43.4,24.9961],[43.2991,25.0],[43.5171,25.1],[43.4017,25.2],[43.6,25.2435],[43.7,25.3481],[43.8,25.3523],[43.9,25.2519],[44.0,25.2617],[44.0617,25.2],[44.0533,25.0],[44.1582,24.9],[44.1,24.8418],[43.9,24.8613],[43.868,24.8],[43.9579,24.7],[43.8617,24.6],[43.8874,24.5],[43.8,24.4362],[43.7,24.4407],[43.6,24.4907],[43.5,24.3776]]]}},{"type":"Feature","properties":{"source_type":"natural","foo_threshold":10},"geometry":{"type":"Polygon","coordinates":[[[49.2,22.0869],[49.4,22.1055],[49.5,22.066],[49.7,22.0612],[49.848,22.1],[49.8,22.1209],[49.761,22.2],[49.8473,22.6],[49.814,22.8],[49.9089,23.0],[49.9,23.08],[49.576,23.0],[49.6533,22.9],[49.6,22.804],[49.4773,22.7],[49.4966,22.4],[49.4,22.302],[49.155,22.2],[49.1373,22.1],[49.2,22.0869]]]}},{"type":"Feature","properties":{"source_type":"natural","foo_threshold":10},"geometry":{"type":"Polygon","coordinates":[[[57.4,32.074],[57.5776,32.2],[57.3808,32.6],[57.527,32.8],[57.4386,32.9],[57.3,32.9467],[57.2716,33.0],[57.3,33.0776],[57.4,33.0872],[57.6,32.9412],[57.6495,33.0],[57.64,33.1],[57.5,33.2011],[57.3,33.114],[57.1,33.1693],[57.0251,33.1],[57.1841,32.9],[57.1023,32.8],[57.0816,32.7],[57.1756,32.5],[57.1584,32.4],[57.1,32.3775],[57.0705,32.3],[57.0665,32.2],[57.3,32.1621],[57.4,32.074]]]}},{"type":"Feature","properties":{"source_type":"natural","foo_threshold":10},"geometry":{"type":"Polygon","coordinates":[[[57.4,20.3023],[57.3172,20.4],[57.3,20.4775],[57.121,20.6],[57.2,20.6461],[57.4,21.0657],[57.5208,20.9],[57.6486,20.8],[57.7,20.7764],[58.0,20.8344],[58.1,20.808],[58.1775,20.7],[58.0,20.4989],[57.9793,20.6],[57.8,20.6442],[57.7,20.6068],[57.5407,20.4],[57.4,20.3023]]]}},{"type":"Feature","properties":{"source_type":"natural","foo_threshold":10},"geometry":{"type":"Polygon","coordinates":[[[51.5,25.162],[51.4638,25.2],[51.4781,25.3],[51.2781,25.4],[51.16,25.5],[51.1525,25.6],[51.0,25.794],[50.9986,25.9],[51.0972,26.0],[51.1,26.105],[51.3,26.1079],[51.6002,25.8],[51.5062,25.7],[51.5007,25.3],[51.5543,25.2],[51.5,25.162]]]}},{"type":"Feature","properties":{"source_type":"natural","foo_threshold":10},"geometry":{"type":"Polygon","coordinates":[[[57.8,26.4865],[57.9,26.5911],[58.0,26.5575],[58.0242,26.5],[58.1,26.4486],[58.3,26.408],[58.4057,26.5],[58.4533,26.6],[58.5,26.608],[58.5836,26.7],[58.5,26.8232],[58.4,26.8296],[58.3,26.7611],[58.2,26.7758],[58.1617,26.8],[58.1442,26.9],[57.8,26.9685],[57.7,27.0776],[57.6485,27.0],[57.6501,26.9],[57.7,26.8362],[57.8967,26.8],[57.7933,26.7],[57.763,26.5],[57.8,26.4865]]]}},{"type":"Feature","properties":{"source_type":"natural","foo_threshold":10},"geometry":{"type":"Polygon","coordinates":[[[48.4,21.2327],[48.6,21.24],[48.7,21.2788],[48.8,21.3783],[48.9,21.3209],[48.952,21.4],[48.9744,21.5],[48.7093,21.7],[48.6836,21.8],[48.6,21.8495],[48.4516,21.8],[48.4425,21.7],[48.4983,21.6],[48.3511,21.5],[48.28,21.4],[48.4,21.2327]]]}},{"type":"Feature","properties":{"source_type":"natural","foo_threshold":10},"geometry":{"type":"Polygon","coordinates":[[[51.5,19.3961],[51.474,19.4],[51.5,19.4371],[51.685,19.5],[51.635,19.6],[51.6,19.614],[51.5,19.555],[51.3,19.6162],[51.2393,19.7],[51.2569,19.8],[51.3,19.8431],[51.4,19.8413],[51.5,19.836],[51.6,19.7717],[51.8,19.7829],[52.0,19.8773],[52.1,20.076],[52.2,20.135],[52.2224,20.0],[52.1164,19.9],[52.1164,19.8],[52.0,19.7847],[51.8153,19.6],[51.8153,19.5],[51.7,19.3815],[51.5,19.3961]]]}},{"type":"Feature","properties":{"source_type":"natural","foo_threshold":10},"geometry":{"type":"Polygon","coordinates":[[[53.0,16.6923],[52.9524,16.7],[52.8398,16.8],[52.7836,16.9],[52.8,16.9286],[52.9,16.9363],[53.1,16.8705],[53.3,17.0659],[53.6,17.0971],[53.6486,17.0],[53.7553,16.9],[53.7,16.8956],[53.6,16.7953],[53.3,16.7863],[53.1894,16.7],[53.0,16.6923]]]}},{"type":"Feature","properties":{"source_type":"natural","foo_threshold":10},"geometry":{"type":"Polygon","coordinates":[[[53.7,19.2171],[53.639,19.3],[53.7233,19.4],[53.7491,19.5],[53.9213,19.5],[53.9,19.6024],[54.2,19.6689],[54.3,19.7468],[54.4518,19.7],[54.3,19.522],[54.1456,19.4],[54.1446,19.3],[54.1,19.2554],[53.7,19.2171]]]}},{"type":"Feature","properties":{"source_type":"natural","foo_threshold":10},"geometry":{"type":"Polygon","coordinates":[[[45.5,20.5749],[45.4749,20.6],[45.487,20.8],[45.4619,20.9],[45.3,21.0847],[45.1954,21.1],[45.2293,21.2],[45.3,21.2964],[45.5,21.1512],[45.7,21.3489],[45.8,21.3468],[45.8468,21.3],[45.8472,21.2],[45.8,21.1528],[45.7,21.1528],[45.6505,21.1],[45.6398,20.9],[45.513,20.8],[45.6211,20.7],[45.6176,20.6],[45.5,20.5749]]]}},{"type":"Feature","properties":{"source_type":"natural","foo_threshold":10},"geometry":{"type":"Polygon","coordinates":[[[59.2,22.554],[59.1906,22.6],[58.9704,22.7],[58.8568,22.9],[58.8464,23.0],[58.7431,23.1],[58.7871,23.2],[58.9,23.2878],[58.9096,23.2],[59.2094,22.9],[59.2148,22.8],[59.3164,22.7],[59.3504,22.6],[59.3,22.5531],[59.2,22.554]]]}},{"type":"Feature","properties":{"source_type":"natural","foo_threshold":10},"geometry":{"type":"Polygon","coordinates":[[[47.0,24.4297],[46.8337,24.6],[46.9,24.6663],[47.0,24.6638],[47.0749,24.7],[47.0,24.757],[46.9,24.7537],[46.8537,24.8],[46.837,24.9],[46.9,24.963],[47.1,24.9698],[47.2,24.8242],[47.3,24.8559],[47.3559,24.8],[47.3476,24.7],[47.4215,24.6],[47.3,24.4859],[47.2836,24.6],[47.2,24.6933],[47.0,24.4297]]]}},{"type":"Feature","properties":{"source_type":"natural","foo_threshold":10},"geometry":{"type":"Polygon","coordinates":[[[58.6,26.9785],[59.0,26.9689],[59.1687,27.1],[59.1521,27.2],[58.8,27.2838],[58.6,27.2485],[58.5454,27.2],[58.532,27.1],[58.54,27.0],[58.6,26.9785]]]}},{"type":"Feature","properties":{"source_type":"natural","foo_threshold":10},"geometry":{"type":"Polygon","coordinates":[[[44.6,22.6284],[44.5284,22.7],[44.5297,22.8],[44.5,22.836],[44.3,22.8441],[44.2,22.7785],[44.1608,22.9],[44.3805,23.0],[44.4,23.052],[44.5078,23.0],[44.6,23.2892],[44.6242,23.1],[44.7425,23.0],[44.6689,22.9],[44.6703,22.8],[44.7779,22.7],[44.7,22.6221],[44.6,22.6284]]]}},{"type":"Feature","properties":{"source_type":"natural","foo_threshold":10},"geometry":{"type":"Polygon","coordinates":[[[46.0,19.8836],[45.93,19.9],[46.0,19.9164],[46.0947,20.0],[46.1491,20.1],[46.1,20.127],[46.0,20.0894],[45.9093,20.0],[45.9,19.945],[45.8338,20.1],[45.9,20.1141],[46.0,20.2024],[46.1,20.2185],[46.1824,20.3],[46.18,20.4],[46.3,20.3233],[46.4425,20.3],[46.405,20.1],[46.3,19.9986],[46.2,19.9862],[46.1,19.8824],[46.0,19.8836]]]}},{"type":"Feature","properties":{"source_type":"natural","foo_threshold":10},"geometry":{"type":"Polygon","coordinates":[[[44.3,21.3492],[44.2492,21.4],[44.3625,21.5],[44.3507,21.6],[44.2682,21.7],[44.6,21.8195],[44.7,21.9251],[44.7268,21.8],[44.7,21.6554],[44.6,21.6619],[44.5543,21.6],[44.6,21.5138],[44.64,21.5],[44.5,21.3758],[44.3,21.3492]]]}},{"type":"Feature","properties":{"source_type":"natural","foo_threshold":10},"geometry":{"type":"Polygon","coordinates":[[[58.5,32.9829],[58.7,32.9848],[58.9,33.0287],[59.0,32.9806],[59.0427,33.0],[59.0338,33.1],[58.9,33.1629],[58.6,33.146],[58.5,33.2127],[58.2,33.2235],[58.0864,33.1],[58.1,33.0508],[58.2,33.11],[58.5,32.9829]]]}},{"type":"Feature","properties":{"source_type":"natural","foo_threshold":10},"geometry":{"type":"Polygon","coordinates":[[[46.2,23.2847],[46.1,23.3644],[45.9,23.3555],[45.8555,23.4],[45.887,23.5],[46.3,23.5553],[46.4,23.4505],[46.6,23.4435],[46.6435,23.4],[46.6,23.3565],[46.4,23.3495],[46.3,23.2565],[46.2,23.2847]]]}},{"type":"Feature","properties":{"source_type":"natural","foo_threshold":10},"geometry":{"type":"Polygon","coordinates":[[[55.6,31.8827],[55.5,32.0493],[55.3638,32.1],[55.4,32.1345],[55.6,32.135],[55.6755,32.2],[55.6481,32.3],[55.7,32.3712],[55.8261,32.3],[55.8733,32.2],[55.8755,32.1],[55.9614,32.0],[55.9,31.9044],[55.8,31.954],[55.6,31.8827]]]}},{"type":"Feature","properties":{"source_type":"natural","foo_threshold":10},"geometry":{"type":"Polygon","coordinates":[[[53.0,28.1747],[53.1,28.2702],[53.3,28.2675],[53.4,28.1683],[53.4337,28.2],[53.4388,28.3],[53.5,28.3612],[53.6,28.3632],[53.6463,28.4],[53.6519,28.5],[53.5,28.637],[53.444,28.6],[53.4614,28.4],[53.4,28.3386],[53.2,28.3314],[53.1,28.437],[52.9,28.4346],[52.8681,28.4],[52.8745,28.3],[53.0,28.1747]]]}},{"type":"Feature","properties":{"source_type":"natural","foo_threshold":10},"geometry":{"type":"Polygon","coordinates":[[[48.7,23.3862],[48.5895,23.5],[48.5602,23.7],[48.6,23.8213],[48.7,23.8656],[48.8336,23.8],[49.0033,23.5],[48.9,23.4987],[48.8,23.5404],[48.7331,23.5],[48.7,23.3862]]]}},{"type":"Feature","properties":{"source_type":"natural","foo_threshold":10},"geometry":{"type":"Polygon","coordinates":[[[55.0,20.115],[54.9676,20.2],[55.2,20.434],[55.4,20.4794],[55.5173,20.4],[55.4741,20.3],[55.4,20.2299],[55.3,20.2198],[55.1,20.1124],[55.0,20.115]]]}},{"type":"Feature","properties":{"source_type":"natural","foo_threshold":10},"geometry":{"type":"Polygon","coordinates":[[[51.0,20.1629],[50.9578,20.2],[50.9465,20.3],[51.0,20.3647],[51.2,20.4725],[51.3789,20.3],[51.3848,20.2],[51.3,20.1152],[51.1,20.1167],[51.0,20.1629]]]}},{"type":"Feature","properties":{"source_type":"natural","foo_threshold":10},"geometry":{"type":"Polygon","coordinates":[[[58.3,20.6518],[58.2344,20.7],[58.3521,20.8],[58.3557,20.9],[58.4,20.9451],[58.6,20.9839],[58.8,21.071],[58.8124,21.0],[58.7139,20.9],[58.7,20.7985],[58.3,20.6518]]]}},{"type":"Feature","properties":{"source_type":"natural","foo_threshold":10},"geometry":{"type":"Polygon","coordinates":[[[58.2,27.4918],[58.2587,27.6],[58.2213,27.7],[58.2546,27.8],[58.1,27.9294],[58.0,27.9278],[57.9,28.0257],[57.8739,28.0],[57.967,27.9],[57.8585,27.8],[58.0823,27.6],[58.133,27.5],[58.2,27.4918]]]}},{"type":"Feature","properties":{"source_type":"natural","foo_threshold":10},"geometry":{"type":"Polygon","coordinates":[[[46.4,24.4272],[46.3272,24.5],[46.3356,24.6],[46.4,24.6644],[46.5,24.663],[46.6,24.7519],[46.8,24.7512],[46.8512,24.7],[46.6,24.4334],[46.5,24.537],[46.4,24.4272]]]}},{"type":"Feature","properties":{"source_type":"natural","foo_threshold":10},"geometry":{"type":"Polygon","coordinates":[[[51.7,19.9452],[51.5069,20.1],[51.5265,20.2],[51.6,20.2645],[51.7,20.2835],[51.87,20.2],[51.8878,20.1],[51.8,19.9554],[51.7,19.9452]]]}},{"type":"Feature","properties":{"source_type":"natural","foo_threshold":10},"geometry":{"type":"Polygon","coordinates":[[[51.0,20.6585],[50.9526,20.7],[50.9693,20.8],[51.1,20.8938],[51.3,20.8716],[51.3439,20.8],[51.3482,20.7],[51.3,20.6185],[51.1,20.6218],[51.0,20.6585]]]}},{"type":"Feature","properties":{"source_type":"natural","foo_threshold":10},"geometry":{"type":"Polygon","coordinates":[[[56.5,28.02],[56.5708,28.1],[56.508,28.2],[56.557,28.3],[56.5,28.3457],[56.3,28.3298],[56.2,28.4947],[56.0392,28.4],[56.1,28.3174],[56.2538,28.3],[56.2831,28.2],[56.4,28.155],[56.5,28.02]]]}},{"type":"Feature","properties":{"source_type":"natural","foo_threshold":10},"geometry":{"type":"Polygon","coordinates":[[[47.8,22.3378],[47.7225,22.5],[47.7296,22.7],[47.6335,22.8],[47.7,22.9485],[47.9,22.9542],[47.9582,22.8],[47.8215,22.7],[47.8,22.3378]]]}},{"type":"Feature","properties":{"source_type":"natural","foo_threshold":10},"geometry":{"type":"Polygon","coordinates":[[[45.9,26.941],[45.841,27.0],[45.8304,27.2],[45.9,27.2696],[46.1,27.2695],[46.1695,27.2],[46.164,27.1],[46.0,26.9435],[45.9,26.941]]]}},{"type":"Feature","properties":{"source_type":"natural","foo_threshold":10},"geometry":{"type":"Polygon","coordinates":[[[45.5,22.847],[45.447,22.9],[45.4488,23.0],[45.3454,23.1],[45.3619,23.2],[45.2947,23.3],[45.4,23.3398],[45.6356,23.1],[45.6415,23.0],[45.5,22.847]]]}},{"type":"Feature","properties":{"source_type":"natural","foo_threshold":10},"geometry":{"type":"Polygon","coordinates":[[[59.2,21.4985],[59.1467,21.6],[59.1597,21.7],[59.3,21.8435],[59.5,21.8627],[59.5096,21.8],[59.4112,21.7],[59.407,21.6],[59.3,21.4835],[59.2,21.4985]]]}},{"type":"Feature","properties":{"source_type":"natural","foo_threshold":10},"geometry":{"type":"Polygon","coordinates":[[[60.0,29.57],[59.9,29.6171],[59.7,29.6371],[59.601,29.7],[59.7,29.8572],[59.8156,29.9],[59.9,29.9844],[59.9233,29.8],[60.0,29.7039],[60.0,29.57]]]}},{"type":"Feature","properties":{"source_type":"natural","foo_threshold":10},"geometry":{"type":"Polygon","coordinates":[[[55.6,23.8811],[55.5425,24.0],[55.6957,24.1],[55.6303,24.2],[55.7,24.2614],[55.8371,24.1],[55.8689,24.0],[55.8471,23.9],[55.8,23.8529],[55.7,23.827],[55.6,23.8811]]]}},{"type":"Feature","properties":{"source_type":"natural","foo_threshold":10},"geometry":{"type":"Polygon","coordinates":[[[44.0,19.7541],[43.9541,19.8],[44.0,19.8895],[44.0377,19.9],[44.0696,20.0],[44.056,20.3],[44.1,20.344],[44.2,20.3381],[44.3,20.38],[44.3,20.1947],[44.2,20.2619],[44.1141,20.2],[44.2268,20.1],[44.1106,20.0],[44.1242,19.8],[44.0,19.7541]]]}},{"type":"Feature","properties":{"source_type":"natural","foo_threshold":10},"geometry":{"type":"Polygon","coordinates":[[[45.3,19.8305],[45.2815,19.9],[45.1826,20.0],[45.17,20.2],[45.2,20.23],[45.3,20.2315],[45.3871,20.2],[45.4,20.1662],[45.4308,20.0],[45.4,19.9047],[45.3,19.8305]]]}},{"type":"Feature","properties":{"source_type":"natural","foo_threshold":10},"geometry":{"type":"Polygon","coordinates":[[[44.4,24.4907],[44.3,24.5749],[44.1,24.5497],[44.0,24.5725],[43.9907,24.6],[44.1,24.6224],[44.2,24.7195],[44.3,24.7118],[44.4,24.6336],[44.6,24.6292],[44.6292,24.6],[44.5174,24.5],[44.5,24.415],[44.4,24.4907]]]}},{"type":"Feature","properties":{"source_type":"natural","foo_threshold":10},"geometry":{"type":"Polygon","coordinates":[[[57.5,21.0156],[57.405,21.1],[57.4107,21.2],[57.5,21.2692],[57.6,21.2917],[57.7,21.2738],[57.799,21.2],[57.6,21.041],[57.5,21.0156]]]}},{"type":"Feature","properties":{"source_type":"natural","foo_threshold":10},"geometry":{"type":"Polygon","coordinates":[[[46.2,32.2533],[46.3,32.2472],[46.3613,32.3],[46.355,32.4],[46.4,32.445],[46.5,32.4516],[46.541,32.5],[46.5,32.5386],[46.3,32.5499],[46.2,32.4602],[46.1,32.4488],[46.0553,32.4],[46.2,32.2533]]]}},{"type":"Feature","properties":{"source_type":"natural","foo_threshold":10},"geometry":{"type":"Polygon","coordinates":[[[48.1,25.8767],[48.0,25.9484],[47.9,25.9477],[47.8477,26.0],[47.8685,26.1],[47.7537,26.2],[47.8,26.2463],[47.9,26.2387],[48.1562,26.0],[48.1754,25.9],[48.1,25.8767]]]}},{"type":"Feature","properties":{"source_type":"natural","foo_threshold":10},"geometry":{"type":"Polygon","coordinates":[[[50.0,22.0009],[50.1,22.1185],[50.3,22.1454],[50.34,22.2],[50.3337,22.3],[50.2,22.3348],[50.0153,22.2],[49.9039,22.1],[50.0,22.0009]]]}},{"type":"Feature","properties":{"source_type":"natural","foo_threshold":10},"geometry":{"type":"Polygon","coordinates":[[[50.9,21.6342],[50.8355,21.7],[50.9,21.87],[51.1,21.8505],[51.1558,21.8],[51.1765,21.7],[51.1,21.6254],[51.0,21.6051],[50.9,21.6342]]]}},{"type":"Feature","properties":{"source_type":"natural","foo_threshold":10},"geometry":{"type":"Polygon","coordinates":[[[52.3,18.88],[52.2617,18.9],[52.2343,19.0],[52.3,19.0067],[52.4,19.1215],[52.5913,19.1],[52.524,18.9],[52.4,18.8422],[52.3,18.88]]]}},{"type":"Feature","properties":{"source_type":"natural","foo_threshold":10},"geometry":{"type":"Polygon","coordinates":[[[44.9,22.1457],[44.735,22.3],[44.7454,22.4],[44.6859,22.5],[44.8,22.5565],[44.9576,22.4],[44.9543,22.2],[44.9,22.1457]]]}},{"type":"Feature","properties":{"source_type":"natural","foo_threshold":10},"geometry":{"type":"Polygon","coordinates":[[[45.1,22.8511],[45.0511,22.9],[45.0499,23.0],[45.0,23.0767],[44.8619,23.2],[44.9,23.4719],[44.9329,23.3],[45.1435,23.1],[45.1489,22.9],[45.1,22.8511]]]}},{"type":"Feature","properties":{"source_type":"natural","foo_threshold":10},"geometry":{"type":"Polygon","coordinates":[[[48.5,22.6847],[48.4429,22.9],[48.4503,23.1],[48.5,23.1497],[48.6202,23.0],[48.6421,22.9],[48.63,22.8],[48.5,22.6847]]]}},{"type":"Feature","properties":{"source_type":"natural","foo_threshold":10},"geometry":{"type":"Polygon","coordinates":[[[55.3,22.6426],[55.101,22.8],[55.2,22.9187],[55.5424,22.7],[55.4,22.6283],[55.3,22.6426]]]}},{"type":"Feature","properties":{"source_type":"natural","foo_threshold":10},"geometry":{"type":"Polygon","coordinates":[[[45.7,21.5767],[45.647,21.6],[45.6216,21.7],[45.6669,21.8],[45.6208,21.9],[45.7,21.9242],[45.8,21.8543],[45.9,21.8501],[45.9501,21.8],[45.9468,21.7],[45.9,21.6532],[45.8,21.7457],[45.743,21.7],[45.7,21.5767]]]}},{"type":"Feature","properties":{"source_type":"natural","foo_threshold":10},"geometry":{"type":"Polygon","coordinates":[[[44.5,18.84],[44.4335,19.1],[44.5,19.1719],[44.53,19.0],[44.6,18.943],[44.6836,19.0],[44.7,19.0504],[44.784,19.0],[44.8118,18.9],[44.8,18.8609],[44.7,18.8253],[44.6,18.857],[44.5,18.84]]]}},{"type":"Feature","properties":{"source_type":"natural","foo_threshold":10},"geometry":{"type":"Polygon","coordinates":[[[60.0,29.9933],[59.9233,30.0],[59.9638,30.1],[59.8708,30.2],[59.8521,30.4],[60.0,30.6687],[60.0,29.9933]]]}},{"type":"Feature","properties":{"source_type":"natural","foo_threshold":10},"geometry":{"type":"Polygon","coordinates":[[[55.2,23.2916],[55.2194,23.4],[55.3,23.4719],[55.4,23.484],[55.53,23.4],[55.4967,23.3],[55.4,23.2331],[55.3,23.2274],[55.2,23.2916]]]}},{"type":"Feature","properties":{"source_type":"natural","foo_threshold":10},"geometry":{"type":"Polygon","coordinates":[[[47.9,23.2147],[47.7014,23.4],[47.7073,23.5],[47.8,23.5827],[47.9,23.5587],[47.9587,23.5],[47.9,23.2147]]]}},{"type":"Feature","properties":{"source_type":"natural","foo_threshold":10},"geometry":{"type":"Polygon","coordinates":[[[44.7,20.6824],[44.6409,20.9],[44.6497,21.0],[44.7,21.0411],[44.8,20.9153],[44.8847,21.0],[44.9,21.0829],[44.956,20.9],[44.8,20.7814],[44.7547,20.7],[44.7,20.6824]]]}},{"type":"Feature","properties":{"source_type":"natural","foo_threshold":10},"geometry":{"type":"Polygon","coordinates":[[[54.8,19.8044],[54.6664,20.0],[54.7,20.0336],[54.9,20.0751],[54.9936,20.0],[54.994,19.9],[54.8,19.8044]]]}},{"type":"Feature","properties":{"source_type":"natural","foo_threshold":10},"geometry":{"type":"Polygon","coordinates":[[[57.9,22.0059],[57.8218,22.1],[57.7682,22.3],[57.8,22.3675],[57.9,22.3267],[57.936,22.2],[58.0858,22.1],[58.0,22.0176],[57.9,22.0059]]]}},{"type":"Feature","properties":{"source_type":"natural","foo_threshold":10},"geometry":{"type":"Polygon","coordinates":[[[51.1,16.6776],[51.0511,16.9],[51.2,17.0607],[51.2607,17.0],[51.2093,16.7],[51.1,16.6776]]]}},{"type":"Feature","properties":{"source_type":"natural","foo_threshold":10},"geometry":{"type":"Polygon","coordinates":[[[57.3,27.8742],[57.5,27.8696],[57.5343,27.9],[57.5403,28.0],[57.5,28.041],[57.4,28.0524],[57.3,28.1474],[57.2,28.1591],[57.1284,28.1],[57.3,28.045],[57.345,28.0],[57.2713,27.9],[57.3,27.8742]]]}},{"type":"Feature","properties":{"source_type":"natural","foo_threshold":10},"geometry":{"type":"Polygon","coordinates":[[[45.7,27.5232],[45.6232,27.6],[45.7,27.6768],[45.8,27.6794],[45.9,27.7805],[45.9805,27.7],[45.9804,27.6],[45.9,27.5196],[45.7,27.5232]]]}},{"type":"Feature","properties":{"source_type":"natural","foo_threshold":10},"geometry":{"type":"Polygon","coordinates":[[[45.0,21.51],[44.9631,21.7],[45.0,21.7369],[45.1,21.7398],[45.2,21.826],[45.3,21.8289],[45.3325,21.8],[45.1,21.54],[45.0,21.51]]]}},{"type":"Feature","properties":{"source_type":"natural","foo_threshold":10},"geometry":{"type":"Polygon","coordinates":[[[55.0,31.872],[54.9767,32.0],[55.1,32.1945],[55.26,32.0],[55.2,31.8612],[55.0,31.872]]]}},{"type":"Feature","properties":{"source_type":"natural","foo_threshold":10},"geometry":{"type":"Polygon","coordinates":[[[45.4,24.2826],[45.3859,24.4],[45.3,24.446],[45.1,24.4507],[45.0507,24.5],[45.1,24.5493],[45.2,24.5592],[45.5,24.5387],[45.5387,24.5],[45.4141,24.4],[45.4,24.2826]]]}},{"type":"Feature","properties":{"source_type":"natural","foo_threshold":10},"geometry":{"type":"Polygon","coordinates":[[[60.0,28.9391],[59.9,28.9376],[59.8289,29.0],[59.9336,29.1],[59.8495,29.2],[59.8497,29.3],[59.9,29.352],[60.0,29.3331],[60.0,28.9391]]]}},{"type":"Feature","properties":{"source_type":"natural","foo_threshold":10},"geometry":{"type":"Polygon","coordinates":[[[44.6,21.9555],[44.5,22.047],[44.3,22.039],[44.239,22.1],[44.2847,22.2],[44.6,22.1106],[44.6445,22.0],[44.6,21.9555]]]}},{"type":"Feature","properties":{"source_type":"natural","foo_threshold":10},"geometry":{"type":"Polygon","coordinates":[[[55.9,24.6047],[55.819,24.7],[55.8431,24.8],[55.9,24.8826],[56.0,24.8725],[56.0562,24.7],[56.0,24.6098],[55.9,24.6047]]]}},{"type":"Feature","properties":{"source_type":"natural","foo_threshold":10},"geometry":{"type":"Polygon","coordinates":[[[50.5,17.0611],[50.6,17.06],[50.6473,17.1],[50.6822,17.2],[50.605,17.3],[50.492,17.3],[50.44,17.2],[50.4542,17.1],[50.5,17.0611]]]}},{"type":"Feature","properties":{"source_type":"natural","foo_threshold":10},"geometry":{"type":"Polygon","coordinates":[[[46.9,26.5337],[46.8,26.6317],[46.7,26.6314],[46.6314,26.7],[46.7,26.7686],[46.9,26.7686],[46.9686,26.7],[46.9663,26.6],[46.9,26.5337]]]}},{"type":"Feature","properties":{"source_type":"natural","foo_threshold":10},"geometry":{"type":"Polygon","coordinates":[[[51.4,18.4709],[51.34,18.5],[51.3492,18.6],[51.6,18.6587],[51.7303,18.6],[51.6,18.5189],[51.4,18.4709]]]}},{"type":"Feature","properties":{"source_type":"natural","foo_threshold":10},"geometry":{"type":"Polygon","coordinates":[[[50.6,29.4891],[50.4879,29.6],[50.5393,29.7],[50.53,29.8],[50.6,29.87],[50.67,29.8],[50.6571,29.5],[50.6,29.4891]]]}},{"type":"Feature","properties":{"source_type":"natural","foo_threshold":10},"geometry":{"type":"Polygon","coordinates":[[[58.4,23.4935],[58.3,23.5313],[58.2,23.5276],[58.1227,23.6],[58.6022,23.6],[58.6,23.522],[58.5725,23.5],[58.5,23.4748],[58.4,23.4935]]]}},{"type":"Feature","properties":{"source_type":"natural","foo_threshold":10},"geometry":{"type":"Polygon","coordinates":[[[56.9,18.799],[56.8598,18.8],[56.7669,18.9],[56.9,18.9965],[57.1,18.9545],[57.1595,18.9],[57.0,18.8881],[56.9,18.799]]]}},{"type":"Feature","properties":{"source_type":"natural","foo_threshold":10},"geometry":{"type":"Polygon","coordinates":[[[50.7,18.948],[50.6133,19.0],[50.8,19.165],[50.9,19.066],[50.9093,19.0],[50.8,18.9427],[50.7,18.948]]]}},{"type":"Feature","properties":{"source_type":"natural","foo_threshold":10},"geometry":{"type":"Polygon","coordinates":[[[47.6,23.4823],[47.5582,23.5],[47.5112,23.7],[47.6,23.7961],[47.6715,23.7],[47.6759,23.6],[47.6657,23.5],[47.6,23.4823]]]}},{"type":"Feature","properties":{"source_type":"natural","foo_threshold":10},"geometry":{"type":"Polygon","coordinates":[[[50.4,29.9215],[50.3215,30.0],[50.3242,30.1],[50.4,30.1758],[50.5,30.1735],[50.5735,30.1],[50.4,29.9215]]]}},{"type":"Feature","properties":{"source_type":"natural","foo_threshold":10},"geometry":{"type":"Polygon","coordinates":[[[59.8,32.7441],[59.9,32.756],[59.9096,32.8],[59.8903,32.9],[59.8,32.9795],[59.7,32.957],[59.6785,32.9],[59.7021,32.8],[59.8,32.7441]]]}},{"type":"Feature","properties":{"source_type":"natural","foo_threshold":10},"geometry":{"type":"Polygon","coordinates":[[[57.5,19.5452],[57.4471,19.6],[57.5029,19.7],[57.6,19.7541],[57.6064,19.7],[57.705,19.6],[57.7,19.54],[57.5,19.5452]]]}},{"type":"Feature","properties":{"source_type":"natural","foo_threshold":10},"geometry":{"type":"Polygon","coordinates":[[[56.5,21.32],[56.42,21.4],[56.5,21.5264],[56.6,21.4862],[56.6836,21.4],[56.6,21.308],[56.5,21.32]]]}},{"type":"Feature","properties":{"source_type":"natural","foo_threshold":10},"geometry":{"type":"Polygon","coordinates":[[[50.2,26.1999],[49.97,26.4],[50.0,26.503],[50.1,26.4048],[50.2,26.4787],[50.2,26.1999]]]}},{"type":"Feature","properties":{"source_type":"natural","foo_threshold":10},"geometry":{"type":"Polygon","coordinates":[[[55.7,30.5671],[55.621,30.6],[55.5629,30.7],[55.6,30.7406],[55.7,30.758],[55.7846,30.7],[55.8474,30.6],[55.8,30.5605],[55.7,30.5671]]]}},{"type":"Feature","properties":{"source_type":"natural","foo_threshold":10},"geometry":{"type":"Polygon","coordinates":[[[45.9,20.7925],[45.8625,20.9],[45.9,21.1233],[45.9852,21.1],[45.9965,20.9],[45.9,20.7925]]]}},{"type":"Feature","properties":{"source_type":"natural","foo_threshold":10},"geometry":{"type":"Polygon","coordinates":[[[54.0,23.26],[53.92,23.3],[54.1,23.392],[54.2844,23.3],[54.2,23.2367],[54.0,23.26]]]}},{"type":"Feature","properties":{"source_type":"natural","foo_threshold":10},"geometry":{"type":"Polygon","coordinates":[[[49.2,24.243],[49.3,24.2268],[49.412,24.3],[49.4629,24.4],[49.4,24.422],[49.2,24.3441],[49.1454,24.3],[49.2,24.243]]]}},{"type":"Feature","properties":{"source_type":"natural","foo_threshold":10},"geometry":{"type":"Polygon","coordinates":[[[45.0,16.358],[44.9009,16.4],[44.9497,16.5],[45.0,16.541],[45.1,16.5141],[45.1624,16.4],[45.0,16.358]]]}},{"type":"Feature","properties":{"source_type":"natural","foo_threshold":10},"geometry":{"type":"Polygon","coordinates":[[[57.5,19.0873],[57.5,19.135],[57.5743,19.2],[57.7,19.2509],[57.7047,19.2],[57.8015,19.1],[57.8,19.0735],[57.5,19.0873]]]}},{"type":"Feature","properties":{"source_type":"natural","foo_threshold":10},"geometry":{"type":"Polygon","coordinates":[[[50.2,24.3459],[50.3,24.4381],[50.4,24.4343],[50.4565,24.5],[50.4,24.5608],[50.3,24.5575],[50.1292,24.4],[50.2,24.3459]]]}},{"type":"Feature","properties":{"source_type":"natural","foo_threshold":10},"geometry":{"type":"Polygon","coordinates":[[[46.1,28.0388],[46.0388,28.1],[46.1,28.1612],[46.3,28.1646],[46.3646,28.1],[46.3,28.0354],[46.1,28.0388]]]}},{"type":"Feature","properties":{"source_type":"natural","foo_threshold":10},"geometry":{"type":"Polygon","coordinates":[[[43.9,24.092],[43.777,24.2],[43.9,24.2868],[44.0435,24.2],[44.0,24.1046],[43.9,24.092]]]}},{"type":"Feature","properties":{"source_type":"natural","foo_threshold":10},"geometry":{"type":"Polygon","coordinates":[[[45.3,28.2325],[45.2325,28.3],[45.4,28.4659],[45.4659,28.4],[45.4605,28.3],[45.4,28.2395],[45.3,28.2325]]]}},{"type":"Feature","properties":{"source_type":"natural","foo_threshold":10},"geometry":{"type":"Polygon","coordinates":[[[44.2,23.8933],[44.3,23.9215],[44.3847,24.0],[44.4,24.058],[44.4892,24.0],[44.4844,23.9],[44.3,23.8235],[44.2,23.8933]]]}},{"type":"Feature","properties":{"source_type":"natural","foo_threshold":10},"geometry":{"type":"Polygon","coordinates":[[[57.3,20.0411],[57.2604,20.1],[57.2753,20.2],[57.3,20.2485],[57.4,20.2952],[57.4441,20.2],[57.4022,20.1],[57.3,20.0411]]]}},{"type":"Feature","properties":{"source_type":"natural","foo_threshold":10},"geometry":{"type":"Polygon","coordinates":[[[49.8,30.1888],[49.7421,30.2],[49.737,30.3],[49.8,30.363],[49.9,30.3663],[49.9663,30.3],[49.9104,30.2],[49.8,30.1888]]]}},{"type":"Feature","properties":{"source_type":"natural","foo_threshold":10},"geometry":{"type":"Polygon","coordinates":[[[49.3,25.2859],[49.2117,25.3],[49.2021,25.4],[49.3,25.4886],[49.4053,25.4],[49.3883,25.3],[49.3,25.2859]]]}},{"type":"Feature","properties":{"source_type":"natural","foo_threshold":10},"geometry":{"type":"Polygon","coordinates":[[[50.5,18.42],[50.5,18.528],[50.6,18.5118],[50.7,18.6106],[50.7923,18.5],[50.7,18.4171],[50.6,18.4703],[50.5,18.42]]]}},{"type":"Feature","properties":{"source_type":"natural","foo_threshold":10},"geometry":{"type":"Polygon","coordinates":[[[48.3,22.0602],[48.2602,22.1],[48.2421,22.2],[48.4,22.3141],[48.4272,22.3],[48.428,22.2],[48.3687,22.1],[48.3,22.0602]]]}},{"type":"Feature","properties":{"source_type":"natural","foo_threshold":10},"geometry":{"type":"Polygon","coordinates":[[[53.8,32.7259],[53.7631,32.9],[53.6911,33.0],[53.7,33.115],[53.86,32.9],[53.884,32.8],[53.8,32.7259]]]}},{"type":"Feature","properties":{"source_type":"natural","foo_threshold":10},"geometry":{"type":"Polygon","coordinates":[[[47.1,26.346],[47.046,26.4],[47.037,26.6],[47.1,26.663],[47.163,26.6],[47.154,26.4],[47.1,26.346]]]}},{"type":"Feature","properties":{"source_type":"natural","foo_threshold":10},"geometry":{"type":"Polygon","coordinates":[[[53.1,17.8811],[53.1107,18.0],[53.2,18.055],[53.2883,18.0],[53.2,17.8256],[53.1,17.8811]]]}},{"type":"Feature","properties":{"source_type":"natural","foo_threshold":10},"geometry":{"type":"Polygon","coordinates":[[[58.6,28.8435],[58.8,28.842],[58.856,28.9],[58.8,28.9447],[58.6,28.9724],[58.5164,28.9],[58.6,28.8435]]]}},{"type":"Feature","properties":{"source_type":"natural","foo_threshold":10},"geometry":{"type":"Polygon","coordinates":[[[48.3,31.5815],[48.2,31.687],[48.1,31.6749],[47.9749,31.8],[48.1,31.8362],[48.2,31.713],[48.3,31.708],[48.3,31.5815]]]}},{"type":"Feature","properties":{"source_type":"natural","foo_threshold":10},"geometry":{"type":"Polygon","coordinates":[[[45.6,23.8882],[45.487,24.0],[45.5758,24.1],[45.4882,24.2],[45.6,24.2292],[45.6292,24.2],[45.6,23.8882]]]}},{"type":"Feature","properties":{"source_type":"natural","foo_threshold":10},"geometry":{"type":"Polygon","coordinates":[[[48.9,31.0377],[48.7454,31.2],[48.8,31.2547],[48.9,31.2598],[48.9598,31.2],[48.9623,31.1],[48.9,31.0377]]]}},{"type":"Feature","properties":{"source_type":"natural","foo_threshold":10},"geometry":{"type":"Polygon","coordinates":[[[48.1,28.0372],[48.0372,28.1],[48.0532,28.3],[48.1,28.3468],[48.1468,28.3],[48.1628,28.1],[48.1,28.0372]]]}},{"type":"Feature","properties":{"source_type":"natural","foo_threshold":10},"geometry":{"type":"Polygon","coordinates":[[[54.6,30.97],[54.56,31.0],[54.5284,31.1],[54.6,31.1309],[54.78,31.0],[54.7,30.92],[54.6,30.97]]]}},{"type":"Feature","properties":{"source_type":"natural","foo_threshold":10},"geometry":{"type":"Polygon","coordinates":[[[53.0,28.9894],[53.1,29.0381],[53.2,29.1571],[53.2571,29.1],[53.2512,29.0],[53.2,28.9488],[53.0,28.9894]]]}},{"type":"Feature","properties":{"source_type":"natural","foo_threshold":10},"geometry":{"type":"Polygon","coordinates":[[[48.4,27.7541],[48.3541,27.8],[48.3619,28.0],[48.4,28.0381],[48.5251,27.9],[48.4,27.7541]]]}},{"type":"Feature","properties":{"source_type":"natural","foo_threshold":10},"geometry":{"type":"Polygon","coordinates":[[[55.8,24.2933],[55.837,24.4],[55.9,24.4548],[56.0205,24.4],[55.9,24.261],[55.8,24.2933]]]}},{"type":"Feature","properties":{"source_type":"natural","foo_threshold":10},"geometry":{"type":"Polygon","coordinates":[[[49.8,16.9633],[49.76,17.0],[49.8,17.08],[49.9,17.1501],[49.9548,17.1],[49.934,17.0],[49.9,16.9558],[49.8,16.9633]]]}},{"type":"Feature","properties":{"source_type":"natural","foo_threshold":10},"geometry":{"type":"Polygon","coordinates":[[[54.5,17.6436],[54.407,17.7],[54.42,17.8],[54.5,17.888],[54.5689,17.7],[54.5,17.6436]]]}},{"type":"Feature","properties":{"source_type":"natural","foo_threshold":10},"geometry":{"type":"Polygon","coordinates":[[[52.9,31.3809],[52.8642,31.4],[52.9,31.4506],[53.0,31.4631],[53.1939,31.4],[53.1,31.34],[52.9,31.3809]]]}},{"type":"Feature","properties":{"source_type":"natural","foo_threshold":10},"geometry":{"type":"Polygon","coordinates":[[[50.7,29.246],[50.7,29.4592],[50.8,29.4746],[50.8747,29.4],[50.7,29.246]]]}},{"type":"Feature","properties":{"source_type":"natural","foo_threshold":10},"geometry":{"type":"Polygon","coordinates":[[[45.5,28.431],[45.431,28.5],[45.4261,28.6],[45.5,28.6739],[45.5739,28.6],[45.569,28.5],[45.5,28.431]]]}},{"type":"Feature","properties":{"source_type":"natural","foo_threshold":10},"geometry":{"type":"Polygon","coordinates":[[[45.8,28.3301],[45.7301,28.4],[45.8,28.4699],[45.9,28.4705],[45.9705,28.4],[45.9,28.3295],[45.8,28.3301]]]}},{"type":"Feature","properties":{"source_type":"natural","foo_threshold":10},"geometry":{"type":"Polygon","coordinates":[[[59.2,28.1722],[59.2877,28.2],[59.229,28.3],[59.1,28.3271],[59.0533,28.3],[59.105,28.2],[59.2,28.1722]]]}},{"type":"Feature","properties":{"source_type":"natural","foo_threshold":10},"geometry":{"type":"Polygon","coordinates":[[[44.8,19.02],[44.7564,19.1],[44.8,19.1873],[44.9,19.1975],[44.965,19.1],[44.8,19.02]]]}},{"type":"Feature","properties":{"source_type":"natural","foo_threshold":10},"geometry":{"type":"Polygon","coordinates":[[[53.9,28.0665],[54.1257,28.3],[54.1,28.3276],[54.0,28.2335],[53.9,28.2408],[53.8665,28.2],[53.8702,28.1],[53.9,28.0665]]]}},{"type":"Feature","properties":{"source_type":"natural","foo_threshold":10},"geometry":{"type":"Polygon","coordinates":[[[46.4,28.6364],[46.3364,28.7],[46.3279,28.8],[46.4,28.8721],[46.4721,28.8],[46.4636,28.7],[46.4,28.6364]]]}},{"type":"Feature","properties":{"source_type":"natural","foo_threshold":10},"geometry":{"type":"Polygon","coordinates":[[[53.0,29.1515],[52.8608,29.3],[52.9,29.3392],[53.0,29.3468],[53.0468,29.3],[53.0485,29.2],[53.0,29.1515]]]}},{"type":"Feature","properties":{"source_type":"natural","foo_threshold":10},"geometry":{"type":"Polygon","coordinates":[[[59.6,29.3215],[59.5013,29.4],[59.6,29.46],[59.7,29.4465],[59.7624,29.4],[59.7,29.3391],[59.6,29.3215]]]}},{"type":"Feature","properties":{"source_type":"natural","foo_threshold":10},"geometry":{"type":"Polygon","coordinates":[[[44.0,23.3805],[43.8454,23.5],[43.9,23.5546],[44.0,23.543],[44.043,23.5],[44.0,23.3805]]]}},{"type":"Feature","properties":{"source_type":"natural","foo_threshold":10},"geometry":{"type":"Polygon","coordinates":[[[45.6,31.1543],[45.6555,31.2],[45.5,31.3432],[45.4,31.3467],[45.3571,31.3],[45.4,31.26],[45.5,31.2571],[45.6,31.1543]]]}},{"type":"Feature","properties":{"source_type":"natural","foo_threshold":10},"geometry":{"type":"Polygon","coordinates":[[[52.8,21.9976],[52.9,22.1225],[53.0,22.1314],[53.0825,22.1],[53.0,22.0907],[52.9,21.9724],[52.8,21.9976]]]}},{"type":"Feature","properties":{"source_type":"natural","foo_threshold":10},"geometry":{"type":"Polygon","coordinates":[[[46.3,31.2646],[46.3405,31.3],[46.3432,31.4],[46.3,31.4454],[46.2,31.4432],[46.1579,31.4],[46.3,31.2646]]]}},{"type":"Feature","properties":{"source_type":"natural","foo_threshold":10},"geometry":{"type":"Polygon","coordinates":[[[55.1,28.1646],[55.2,28.1656],[55.233,28.2],[55.2602,28.3],[55.2,28.3492],[55.0699,28.2],[55.1,28.1646]]]}},{"type":"Feature","properties":{"source_type":"natural","foo_threshold":10},"geometry":{"type":"Polygon","coordinates":[[[45.0,16.0716],[44.9646,16.1],[45.0,16.1371],[45.1,16.2094],[45.1426,16.2],[45.1613,16.1],[45.1,16.0576],[45.0,16.0716]]]}},{"type":"Feature","properties":{"source_type":"natural","foo_threshold":10},"geometry":{"type":"Polygon","coordinates":[[[46.4,23.9364],[46.3364,24.0],[46.4,24.0636],[46.5,24.0582],[46.5582,24.0],[46.5,23.9418],[46.4,23.9364]]]}},{"type":"Feature","properties":{"source_type":"natural","foo_threshold":10},"geometry":{"type":"Polygon","coordinates":[[[50.4,29.6912],[50.2891,29.8],[50.3,29.8571],[50.4,29.8652],[50.4652,29.8],[50.4512,29.7],[50.4,29.6912]]]}},{"type":"Feature","properties":{"source_type":"natural","foo_threshold":10},"geometry":{"type":"Polygon","coordinates":[[[56.5,18.2263],[56.4537,18.3],[56.4578,18.4],[56.5,18.4557],[56.6,18.3],[56.5,18.2263]]]}},{"type":"Feature","properties":{"source_type":"natural","foo_threshold":10},"geometry":{"type":"Polygon","coordinates":[[[44.5,18.2564],[44.4688,18.4],[44.5,18.4353],[44.6,18.437],[44.6531,18.4],[44.5,18.2564]]]}},{"type":"Feature","properties":{"source_type":"natural","foo_threshold":10},"geometry":{"type":"Polygon","coordinates":[[[49.3,27.1602],[49.2602,27.2],[49.2555,27.3],[49.3,27.4022],[49.3069,27.3],[49.4,27.2035],[49.4711,27.2],[49.3,27.1602]]]}},{"type":"Feature","properties":{"source_type":"natural","foo_threshold":10},"geometry":{"type":"Polygon","coordinates":[[[58.3,21.2957],[58.4,21.4262],[58.4324,21.4],[58.4423,21.3],[58.4,21.2021],[58.3,21.2957]]]}},{"type":"Feature","properties":{"source_type":"natural","foo_threshold":10},"geometry":{"type":"Polygon","coordinates":[[[58.2,32.6764],[58.3,32.7624],[58.321,32.8],[58.3,32.823],[58.2,32.8363],[58.131,32.8],[58.1567,32.7],[58.2,32.6764]]]}},{"type":"Feature","properties":{"source_type":"natural","foo_threshold":10},"geometry":{"type":"Polygon","coordinates":[[[59.4,28.112],[59.5,28.1509],[59.527,28.2],[59.5,28.2771],[59.3267,28.2],[59.4,28.112]]]}},{"type":"Feature","properties":{"source_type":"natural","foo_threshold":10},"geometry":{"type":"Polygon","coordinates":[[[55.6,26.7064],[55.6864,26.8],[55.6,26.8949],[55.5051,26.8],[55.6,26.7064]]]}},{"type":"Feature","properties":{"source_type":"natural","foo_threshold":10},"geometry":{"type":"Polygon","coordinates":[[[55.4,30.0834],[55.4,30.1118],[55.7,30.1413],[55.7205,30.1],[55.7,30.0609],[55.4,30.0834]]]}},{"type":"Feature","properties":{"source_type":"natural","foo_threshold":10},"geometry":{"type":"Polygon","coordinates":[[[49.0,31.3467],[48.9467,31.4],[49.0,31.4533],[49.1,31.459],[49.159,31.4],[49.1,31.341],[49.0,31.3467]]]}},{"type":"Feature","properties":{"source_type":"natural","foo_threshold":10},"geometry":{"type":"Polygon","coordinates":[[[44.4,20.6163],[44.3017,20.7],[44.4,20.726],[44.5093,20.7],[44.5,20.6267],[44.4,20.6163]]]}},{"type":"Feature","properties":{"source_type":"natural","foo_threshold":10},"geometry":{"type":"Polygon","coordinates":[[[45.1,29.0735],[45.2,29.0699],[45.231,29.1],[45.2337,29.2],[45.2,29.229],[45.0713,29.1],[45.1,29.0735]]]}},{"type":"Feature","properties":{"source_type":"natural","foo_threshold":10},"geometry":{"type":"Polygon","coordinates":[[[57.5,27.2678],[57.5302,27.3],[57.5266,27.4],[57.4,27.5297],[57.3648,27.5],[57.4617,27.4],[57.4579,27.3],[57.5,27.2678]]]}},{"type":"Feature","properties":{"source_type":"natural","foo_threshold":10},"geometry":{"type":"Polygon","coordinates":[[[47.2,32.6413],[47.1413,32.7],[47.1541,32.8],[47.2,32.8459],[47.2459,32.8],[47.2587,32.7],[47.2,32.6413]]]}},{"type":"Feature","properties":{"source_type":"natural","foo_threshold":10},"geometry":{"type":"Polygon","coordinates":[[[57.0,28.8964],[57.0,29.0258],[57.1662,29.0],[57.0,28.8964]]]}},{"type":"Feature","properties":{"source_type":"natural","foo_threshold":10},"geometry":{"type":"Polygon","coordinates":[[[55.4,24.6689],[55.3605,24.7],[55.4,24.7562],[55.5,24.7704],[55.5607,24.7],[55.5,24.6626],[55.4,24.6689]]]}},{"type":"Feature","properties":{"source_type":"natural","foo_threshold":10},"geometry":{"type":"Polygon","coordinates":[[[48.5,32.4515],[48.4515,32.5],[48.5,32.5485],[48.6,32.5546],[48.6546,32.5],[48.6,32.4454],[48.5,32.4515]]]}},{"type":"Feature","properties":{"source_type":"natural","foo_threshold":10},"geometry":{"type":"Polygon","coordinates":[[[46.9,21.0153],[46.9826,21.1],[46.9,21.1724],[46.8053,21.1],[46.9,21.0153]]]}},{"type":"Feature","properties":{"source_type":"natural","foo_threshold":10},"geometry":{"type":"Polygon","coordinates":[[[47.5,15.8827],[47.452,15.9],[47.3904,16.0],[47.5,16.0422],[47.5,15.8827]]]}},{"type":"Feature","properties":{"source_type":"natural","foo_threshold":10},"geometry":{"type":"Polygon","coordinates":[[[44.6,24.2859],[44.5338,24.3],[44.5053,24.4],[44.6,24.4398],[44.6398,24.4],[44.6,24.2859]]]}},{"type":"Feature","properties":{"source_type":"natural","foo_threshold":10},"geometry":{"type":"Polygon","coordinates":[[[56.9,23.9778],[56.7853,24.1],[56.9,24.1556],[56.9522,24.0],[56.9,23.9778]]]}},{"type":"Feature","properties":{"source_type":"natural","foo_threshold":10},"geometry":{"type":"Polygon","coordinates":[[[46.5,32.1497],[46.6,32.1565],[46.6418,32.2],[46.6,32.2492],[46.5,32.2541],[46.445,32.2],[46.5,32.1497]]]}},{"type":"Feature","properties":{"source_type":"natural","foo_threshold":10},"geometry":{"type":"Polygon","coordinates":[[[54.5,19.7529],[54.5,19.8185],[54.778,19.8],[54.5,19.7529]]]}},{"type":"Feature","properties":{"source_type":"natural","foo_threshold":10},"geometry":{"type":"Polygon","coordinates":[[[44.0,21.9628],[43.9776,22.0],[44.0,22.0224],[44.1,22.0501],[44.1501,22.0],[44.1,21.9282],[44.0,21.9628]]]}},{"type":"Feature","properties":{"source_type":"natural","foo_threshold":10},"geometry":{"type":"Polygon","coordinates":[[[44.2,23.5836],[44.2,23.684],[44.3,23.6773],[44.3308,23.6],[44.3,23.5692],[44.2,23.5836]]]}},{"type":"Feature","properties":{"source_type":"natural","foo_threshold":10},"geometry":{"type":"Polygon","coordinates":[[[46.0,27.4205],[45.9205,27.5],[46.0,27.5795],[46.0795,27.5],[46.0,27.4205]]]}},{"type":"Feature","properties":{"source_type":"natural","foo_threshold":10},"geometry":{"type":"Polygon","coordinates":[[[54.2,19.0403],[54.1633,19.1],[54.2,19.1607],[54.3247,19.1],[54.2,19.0403]]]}},{"type":"Feature","properties":{"source_type":"natural","foo_threshold":10},"geometry":{"type":"Polygon","coordinates":[[[55.8,20.4706],[55.7495,20.5],[55.7067,20.6],[55.8244,20.6],[55.8259,20.5],[55.8,20.4706]]]}},{"type":"Feature","properties":{"source_type":"natural","foo_threshold":10},"geometry":{"type":"Polygon","coordinates":[[[51.8,23.0215],[51.8602,23.1],[51.8,23.174],[51.7039,23.1],[51.8,23.0215]]]}},{"type":"Feature","properties":{"source_type":"natural","foo_threshold":10},"geometry":{"type":"Polygon","coordinates":[[[52.5,17.7253],[52.4239,17.8],[52.5,17.8574],[52.5943,17.8],[52.5,17.7253]]]}},{"type":"Feature","properties":{"source_type":"natural","foo_threshold":10},"geometry":{"type":"Polygon","coordinates":[[[45.3,28.0223],[45.2223,28.1],[45.3,28.1777],[45.3777,28.1],[45.3,28.0223]]]}},{"type":"Feature","properties":{"source_type":"natural","foo_threshold":10},"geometry":{"type":"Polygon","coordinates":[[[47.8,22.0749],[47.7432,22.1],[47.74,22.2],[47.8,22.2738],[47.8251,22.1],[47.8,22.0749]]]}},{"type":"Feature","properties":{"source_type":"natural","foo_threshold":10},"geometry":{"type":"Polygon","coordinates":[[[51.8,28.7224],[51.7224,28.8],[51.8,28.8776],[51.8776,28.8],[51.8,28.7224]]]}},{"type":"Feature","properties":{"source_type":"natural","foo_threshold":10},"geometry":{"type":"Polygon","coordinates":[[[49.2,30.3229],[49.2753,30.4],[49.2,30.4786],[49.1194,30.4],[49.2,30.3229]]]}},{"type":"Feature","properties":{"source_type":"natural","foo_threshold":10},"geometry":{"type":"Polygon","coordinates":[[[44.0,21.412],[43.9619,21.5],[44.0,21.6568],[44.0381,21.5],[44.0,21.412]]]}},{"type":"Feature","properties":{"source_type":"natural","foo_threshold":10},"geometry":{"type":"Polygon","coordinates":[[[49.0,22.053],[49.092,22.1],[49.0,22.1894],[48.93,22.1],[49.0,22.053]]]}},{"type":"Feature","properties":{"source_type":"natural","foo_threshold":10},"geometry":{"type":"Polygon","coordinates":[[[52.2,32.5495],[52.104,32.6],[52.2,32.6267],[52.324,32.6],[52.3,32.5486],[52.2,32.5495]]]}},{"type":"Feature","properties":{"source_type":"natural","foo_threshold":10},"geometry":{"type":"Polygon","coordinates":[[[55.6,25.542],[55.6,25.604],[55.7811,25.6],[55.7,25.5204],[55.6,25.542]]]}},{"type":"Feature","properties":{"source_type":"natural","foo_threshold":10},"geometry":{"type":"Polygon","coordinates":[[[46.6,21.0556],[46.6785,21.1],[46.6,21.1836],[46.5205,21.1],[46.6,21.0556]]]}},{"type":"Feature","properties":{"source_type":"natural","foo_threshold":10},"geometry":{"type":"Polygon","coordinates":[[[45.0,16.6464],[44.9664,16.7],[45.0,16.7836],[45.1021,16.7],[45.0,16.6464]]]}},{"type":"Feature","properties":{"source_type":"natural","foo_threshold":10},"geometry":{"type":"Polygon","coordinates":[[[50.9,28.8868],[50.9,29.0644],[50.9644,29.0],[50.9623,28.9],[50.9,28.8868]]]}},{"type":"Feature","properties":{"source_type":"natural","foo_threshold":10},"geometry":{"type":"Polygon","coordinates":[[[44.4,17.0553],[44.3683,17.1],[44.5,17.1456],[44.5754,17.1],[44.4,17.0553]]]}},{"type":"Feature","properties":{"source_type":"natural","foo_threshold":10},"geometry":{"type":"Polygon","coordinates":[[[46.1,28.4285],[46.0285,28.5],[46.1,28.5715],[46.1715,28.5],[46.1,28.4285]]]}},{"type":"Feature","properties":{"source_type":"natural","foo_threshold":10},"geometry":{"type":"Polygon","coordinates":[[[51.3,22.8336],[51.3619,22.9],[51.3,22.9708],[51.2205,22.9],[51.3,22.8336]]]}},{"type":"Feature","properties":{"source_type":"natural","foo_threshold":10},"geometry":{"type":"Polygon","coordinates":[[[44.9,21.13],[44.8793,21.2],[45.0,21.2215],[45.0215,21.2],[45.0,21.1413],[44.9,21.13]]]}},{"type":"Feature","properties":{"source_type":"natural","foo_threshold":10},"geometry":{"type":"Polygon","coordinates":[[[44.4,22.5907],[44.5,22.6556],[44.5556,22.6],[44.5,22.5444],[44.4,22.5907]]]}},{"type":"Feature","properties":{"source_type":"natural","foo_threshold":10},"geometry":{"type":"Polygon","coordinates":[[[45.6,22.4967],[45.7,22.432],[45.734,22.5],[45.7,22.568],[45.6,22.4967]]]}},{"type":"Feature","properties":{"source_type":"natural","foo_threshold":10},"geometry":{"type":"Polygon","coordinates":[[[45.9,24.7304],[45.8304,24.8],[45.9,24.8696],[45.9696,24.8],[45.9,24.7304]]]}},{"type":"Feature","properties":{"source_type":"natural","foo_threshold":10},"geometry":{"type":"Polygon","coordinates":[[[47.1,23.1933],[47.057,23.3],[47.1,23.343],[47.1868,23.3],[47.1,23.1933]]]}},{"type":"Feature","properties":{"source_type":"natural","foo_threshold":10},"geometry":{"type":"Polygon","coordinates":[[[46.4,27.3308],[46.3308,27.4],[46.4,27.4692],[46.4692,27.4],[46.4,27.3308]]]}},{"type":"Feature","properties":{"source_type":"natural","foo_threshold":10},"geometry":{"type":"Polygon","coordinates":[[[46.0,22.844],[46.041,22.9],[46.0,23.0031],[45.9343,22.9],[46.0,22.844]]]}},{"type":"Feature","properties":{"source_type":"natural","foo_threshold":10},"geometry":{"type":"Polygon","coordinates":[[[48.9,30.0877],[48.8395,30.1],[48.8413,30.2],[48.9,30.2587],[48.9,30.0877]]]}},{"type":"Feature","properties":{"source_type":"natural","foo_threshold":10},"geometry":{"type":"Polygon","coordinates":[[[51.8,22.5817],[51.9,22.576],[51.9025,22.6],[51.8,22.7024],[51.8,22.5817]]]}},{"type":"Feature","properties":{"source_type":"natural","foo_threshold":10},"geometry":{"type":"Polygon","coordinates":[[[45.5,23.3585],[45.4585,23.4],[45.5,23.5251],[45.5415,23.4],[45.5,23.3585]]]}},{"type":"Feature","properties":{"source_type":"natural","foo_threshold":10},"geometry":{"type":"Polygon","coordinates":[[[50.0,21.3387],[50.058,21.4],[50.0,21.4749],[49.93,21.4],[50.0,21.3387]]]}},{"type":"Feature","properties":{"source_type":"natural","foo_threshold":10},"geometry":{"type":"Polygon","coordinates":[[[53.5,19.395],[53.6,19.4467],[53.68,19.4],[53.6,19.3569],[53.5,19.395]]]}},{"type":"Feature","properties":{"source_type":"natural","foo_threshold":10},"geometry":{"type":"Polygon","coordinates":[[[46.5,27.4334],[46.4334,27.5],[46.5,27.5666],[46.5666,27.5],[46.5,27.4334]]]}},{"type":"Feature","properties":{"source_type":"natural","foo_threshold":10},"geometry":{"type":"Polygon","coordinates":[[[44.9,28.633],[44.833,28.7],[44.9,28.767],[44.967,28.7],[44.9,28.633]]]}},{"type":"Feature","properties":{"source_type":"natural","foo_threshold":10},"geometry":{"type":"Polygon","coordinates":[[[56.0,20.5285],[55.9378,20.6],[56.0,20.6715],[56.055,20.6],[56.0,20.5285]]]}},{"type":"Feature","properties":{"source_type":"natural","foo_threshold":10},"geometry":{"type":"Polygon","coordinates":[[[46.4,19.5867],[46.4,19.835],[46.4411,19.7],[46.4,19.5867]]]}},{"type":"Feature","properties":{"source_type":"natural","foo_threshold":10},"geometry":{"type":"Polygon","coordinates":[[[44.4,17.9524],[44.3524,18.0],[44.4,18.0476],[44.5129,18.0],[44.4,17.9524]]]}},{"type":"Feature","properties":{"source_type":"natural","foo_threshold":10},"geometry":{"type":"Polygon","coordinates":[[[47.5,32.4319],[47.4319,32.5],[47.5,32.5681],[47.5681,32.5],[47.5,32.4319]]]}},{"type":"Feature","properties":{"source_type":"natural","foo_threshold":10},"geometry":{"type":"Polygon","coordinates":[[[59.4,31.4923],[59.3,31.6553],[59.2573,31.6],[59.3,31.5277],[59.4,31.4923]]]}},{"type":"Feature","properties":{"source_type":"natural","foo_threshold":10},"geometry":{"type":"Polygon","coordinates":[[[49.3,16.4671],[49.2671,16.5],[49.3,16.6276],[49.3329,16.5],[49.3,16.4671]]]}},{"type":"Feature","properties":{"source_type":"natural","foo_threshold":10},"geometry":{"type":"Polygon","coordinates":[[[44.8,22.8362],[44.7362,22.9],[44.8,22.9638],[44.8638,22.9],[44.8,22.8362]]]}},{"type":"Feature","properties":{"source_type":"natural","foo_threshold":10},"geometry":{"type":"Polygon","coordinates":[[[47.0,22.756],[47.0,22.99],[47.0386,22.9],[47.0,22.756]]]}},{"type":"Feature","properties":{"source_type":"natural","foo_threshold":10},"geometry":{"type":"Polygon","coordinates":[[[55.1,32.2054],[55.0369,32.3],[55.1,32.3513],[55.1547,32.3],[55.1,32.2054]]]}},{"type":"Feature","properties":{"source_type":"natural","foo_threshold":10},"geometry":{"type":"Polygon","coordinates":[[[56.9,21.1505],[56.8329,21.2],[56.9,21.2467],[56.9924,21.2],[56.9,21.1505]]]}},{"type":"Feature","properties":{"source_type":"natural","foo_threshold":10},"geometry":{"type":"Polygon","coordinates":[[[48.4,22.4785],[48.3758,22.6],[48.4,22.6242],[48.4533,22.5],[48.4,22.4785]]]}},{"type":"Feature","properties":{"source_type":"natural","foo_threshold":10},"geometry":{"type":"Polygon","coordinates":[[[58.1,21.9588],[58.0176,22.0],[58.1,22.0858],[58.1355,22.0],[58.1,21.9588]]]}},{"type":"Feature","properties":{"source_type":"natural","foo_threshold":10},"geometry":{"type":"Polygon","coordinates":[[[55.0,32.336],[54.9289,32.4],[55.0,32.4692],[55.0522,32.4],[55.0,32.336]]]}},{"type":"Feature","properties":{"source_type":"natural","foo_threshold":10},"geometry":{"type":"Polygon","coordinates":[[[44.4,31.2657],[44.4286,31.3],[44.4289,31.4],[44.4,31.429],[44.3698,31.4],[44.3658,31.3],[44.4,31.2657]]]}},{"type":"Feature","properties":{"source_type":"natural","foo_threshold":10},"geometry":{"type":"Polygon","coordinates":[[[52.7,29.3708],[52.6708,29.4],[52.7,29.4292],[52.8,29.43],[52.83,29.4],[52.8,29.37],[52.7,29.3708]]]}},{"type":"Feature","properties":{"source_type":"natural","foo_threshold":10},"geometry":{"type":"Polygon","coordinates":[[[52.3,17.3946],[52.4,17.3515],[52.4606,17.4],[52.4,17.4323],[52.3,17.3946]]]}},{"type":"Feature","properties":{"source_type":"natural","foo_threshold":10},"geometry":{"type":"Polygon","coordinates":[[[58.2,26.02],[58.28,26.1],[58.1289,26.1],[58.2,26.02]]]}},{"type":"Feature","properties":{"source_type":"natural","foo_threshold":10},"geometry":{"type":"Polygon","coordinates":[[[50.4,25.2362],[50.4438,25.3],[50.4,25.3664],[50.3322,25.3],[50.4,25.2362]]]}},{"type":"Feature","properties":{"source_type":"natural","foo_threshold":10},"geometry":{"type":"Polygon","coordinates":[[[49.3,23.6405],[49.2405,23.7],[49.3,23.7595],[49.3595,23.7],[49.3,23.6405]]]}},{"type":"Feature","properties":{"source_type":"natural","foo_threshold":10},"geometry":{"type":"Polygon","coordinates":[[[52.9,31.528],[52.8345,31.6],[52.9,31.6432],[52.9655,31.6],[52.9,31.528]]]}},{"type":"Feature","properties":{"source_type":"natural","foo_threshold":10},"geometry":{"type":"Polygon","coordinates":[[[46.5,23.0413],[46.4413,23.1],[46.5,23.1587],[46.5587,23.1],[46.5,23.0413]]]}},{"type":"Feature","properties":{"source_type":"natural","foo_threshold":10},"geometry":{"type":"Polygon","coordinates":[[[44.8,17.6749],[44.7018,17.7],[44.8,17.7584],[44.8584,17.7],[44.8,17.6749]]]}},{"type":"Feature","properties":{"source_type":"natural","foo_threshold":10},"geometry":{"type":"Polygon","coordinates":[[[58.8,31.436],[58.7553,31.5],[58.8,31.5789],[58.8533,31.5],[58.8,31.436]]]}},{"type":"Feature","properties":{"source_type":"natural","foo_threshold":10},"geometry":{"type":"Polygon","coordinates":[[[44.2,21.4438],[44.1438,21.5],[44.2,21.5562],[44.2562,21.5],[44.2,21.4438]]]}},{"type":"Feature","properties":{"source_type":"natural","foo_threshold":10},"geometry":{"type":"Polygon","coordinates":[[[46.1,26.8429],[46.0429,26.9],[46.1,26.9571],[46.1571,26.9],[46.1,26.8429]]]}},{"type":"Feature","properties":{"source_type":"natural","foo_threshold":10},"geometry":{"type":"Polygon","coordinates":[[[50.1,19.935],[50.0133,20.0],[50.1,20.0217],[50.152,20.0],[50.1,19.935]]]}},{"type":"Feature","properties":{"source_type":"natural","foo_threshold":10},"geometry":{"type":"Polygon","coordinates":[[[44.0,23.957],[43.957,24.0],[44.0,24.0953],[44.043,24.0],[44.0,23.957]]]}},{"type":"Feature","properties":{"source_type":"natural","foo_threshold":10},"geometry":{"type":"Polygon","coordinates":[[[54.6,30.4656],[54.5218,30.5],[54.6,30.5662],[54.6453,30.5],[54.6,30.4656]]]}},{"type":"Feature","properties":{"source_type":"natural","foo_threshold":10},"geometry":{"type":"Polygon","coordinates":[[[55.5,29.8564],[55.4262,29.9],[55.5,29.9289],[55.596,29.9],[55.5,29.8564]]]}},{"type":"Feature","properties":{"source_type":"natural","foo_threshold":10},"geometry":{"type":"Polygon","coordinates":[[[53.8,31.1719],[53.7465,31.2],[53.8,31.2405],[53.9064,31.2],[53.8,31.1719]]]}},{"type":"Feature","properties":{"source_type":"natural","foo_threshold":10},"geometry":{"type":"Polygon","coordinates":[[[49.2,25.8279],[49.1515,25.9],[49.2,25.9485],[49.2485,25.9],[49.2,25.8279]]]}},{"type":"Feature","properties":{"source_type":"natural","foo_threshold":10},"geometry":{"type":"Polygon","coordinates":[[[51.0,23.9362],[51.0546,24.0],[51.0,24.0495],[50.9533,24.0],[51.0,23.9362]]]}},{"type":"Feature","properties":{"source_type":"natural","foo_threshold":10},"geometry":{"type":"Polygon","coordinates":[[[58.1,27.7173],[58.0541,27.8],[58.1,27.8459],[58.1459,27.8],[58.1,27.7173]]]}},{"type":"Feature","properties":{"source_type":"natural","foo_threshold":10},"geometry":{"type":"Polygon","coordinates":[[[56.9,32.7489],[56.9625,32.8],[56.9,32.8602],[56.8519,32.8],[56.9,32.7489]]]}},{"type":"Feature","properties":{"source_type":"natural","foo_threshold":10},"geometry":{"type":"Polygon","coordinates":[[[44.3,20.5549],[44.2701,20.6],[44.3,20.6917],[44.3502,20.6],[44.3,20.5549]]]}},{"type":"Feature","properties":{"source_type":"natural","foo_threshold":10},"geometry":{"type":"Polygon","coordinates":[[[59.7,26.4576],[59.7596,26.5],[59.7,26.5499],[59.6362,26.5],[59.7,26.4576]]]}},{"type":"Feature","properties":{"source_type":"natural","foo_threshold":10},"geometry":{"type":"Polygon","coordinates":[[[47.1,32.845],[47.045,32.9],[47.1,32.955],[47.155,32.9],[47.1,32.845]]]}},{"type":"Feature","properties":{"source_type":"natural","foo_threshold":10},"geometry":{"type":"Polygon","coordinates":[[[46.7,24.0488],[46.6488,24.1],[46.7,24.1512],[46.7512,24.1],[46.7,24.0488]]]}},{"type":"Feature","properties":{"source_type":"natural","foo_threshold":10},"geometry":{"type":"Polygon","coordinates":[[[55.4,20.5638],[55.3457,20.6],[55.4,20.6844],[55.4304,20.6],[55.4,20.5638]]]}},{"type":"Feature","properties":{"source_type":"natural","foo_threshold":10},"geometry":{"type":"Polygon","coordinates":[[[59.1,26.4587],[59.1596,26.5],[59.1,26.556],[59.0505,26.5],[59.1,26.4587]]]}},{"type":"Feature","properties":{"source_type":"natural","foo_threshold":10},"geometry":{"type":"Polygon","coordinates":[[[46.9,31.8474],[46.8474,31.9],[46.9,31.9526],[46.9527,31.9],[46.9,31.8474]]]}},{"type":"Feature","properties":{"source_type":"natural","foo_threshold":10},"geometry":{"type":"Polygon","coordinates":[[[52.0,23.8492],[51.956,23.9],[52.1433,23.9],[52.0,23.8492]]]}},{"type":"Feature","properties":{"source_type":"natural","foo_threshold":10},"geometry":{"type":"Polygon","coordinates":[[[49.8,26.7767],[49.7767,26.8],[49.8,26.8503],[49.946,26.8],[49.8,26.7767]]]}},{"type":"Feature","properties":{"source_type":"natural","foo_threshold":10},"geometry":{"type":"Polygon","coordinates":[[[46.8,23.5805],[46.8,23.6195],[46.9215,23.6],[46.8,23.5805]]]}},{"type":"Feature","properties":{"source_type":"natural","foo_threshold":10},"geometry":{"type":"Polygon","coordinates":[[[49.0,21.095],[49.0262,21.2],[49.0,21.2785],[48.9773,21.2],[49.0,21.095]]]}},{"type":"Feature","properties":{"source_type":"natural","foo_threshold":10},"geometry":{"type":"Polygon","coordinates":[[[52.7,17.736],[52.62,17.8],[52.7,17.8291],[52.7,17.736]]]}},{"type":"Feature","properties":{"source_type":"natural","foo_threshold":10},"geometry":{"type":"Polygon","coordinates":[[[53.2,18.9343],[53.154,19.0],[53.2,19.0271],[53.2511,19.0],[53.2,18.9343]]]}},{"type":"Feature","properties":{"source_type":"natural","foo_threshold":10},"geometry":{"type":"Polygon","coordinates":[[[54.0,18.6594],[53.9031,18.7],[54.0,18.7293],[54.0315,18.7],[54.0,18.6594]]]}},{"type":"Feature","properties":{"source_type":"natural","foo_threshold":10},"geometry":{"type":"Polygon","coordinates":[[[56.3,24.9244],[56.215,25.0],[56.3,25.0324],[56.3,24.9244]]]}},{"type":"Feature","properties":{"source_type":"natural","foo_threshold":10},"geometry":{"type":"Polygon","coordinates":[[[54.9,17.8674],[54.8581,17.9],[54.9,17.9489],[54.9677,17.9],[54.9,17.8674]]]}},{"type":"Feature","properties":{"source_type":"natural","foo_threshold":10},"geometry":{"type":"Polygon","coordinates":[[[48.8,27.6651],[48.7651,27.7],[48.8,27.9009],[48.8,27.6651]]]}},{"type":"Feature","properties":{"source_type":"natural","foo_threshold":10},"geometry":{"type":"Polygon","coordinates":[[[48.9,25.9528],[48.8528,26.0],[48.9,26.0472],[48.9472,26.0],[48.9,25.9528]]]}},{"type":"Feature","properties":{"source_type":"natural","foo_threshold":10},"geometry":{"type":"Polygon","coordinates":[[[47.4,26.3528],[47.3528,26.4],[47.4,26.4472],[47.4472,26.4],[47.4,26.3528]]]}},{"type":"Feature","properties":{"source_type":"natural","foo_threshold":10},"geometry":{"type":"Polygon","coordinates":[[[51.3,19.1882],[51.2044,19.2],[51.3,19.2662],[51.3,19.1882]]]}},{"type":"Feature","properties":{"source_type":"natural","foo_threshold":10},"geometry":{"type":"Polygon","coordinates":[[[45.2,21.9961],[45.1758,22.1],[45.2,22.1242],[45.2242,22.1],[45.2,21.9961]]]}},{"type":"Feature","properties":{"source_type":"natural","foo_threshold":10},"geometry":{"type":"Polygon","coordinates":[[[44.3,18.5096],[44.274,18.6],[44.3,18.626],[44.3435,18.6],[44.3,18.5096]]]}},{"type":"Feature","properties":{"source_type":"natural","foo_threshold":10},"geometry":{"type":"Polygon","coordinates":[[[58.8,32.3309],[58.76,32.4],[58.8,32.4317],[58.8475,32.4],[58.8,32.3309]]]}},{"type":"Feature","properties":{"source_type":"natural","foo_threshold":10},"geometry":{"type":"Polygon","coordinates":[[[44.3,20.7014],[44.2692,20.8],[44.3,20.8308],[44.3308,20.8],[44.3,20.7014]]]}},{"type":"Feature","properties":{"source_type":"natural","foo_threshold":10},"geometry":{"type":"Polygon","coordinates":[[[48.6,29.9882],[48.5408,30.0],[48.6,30.0592],[48.6592,30.0],[48.6,29.9882]]]}},{"type":"Feature","properties":{"source_type":"natural","foo_threshold":10},"geometry":{"type":"Polygon","coordinates":[[[45.9,32.2516],[45.945,32.3],[45.9,32.3438],[45.8556,32.3],[45.9,32.2516]]]}},{"type":"Feature","properties":{"source_type":"natural","foo_threshold":10},"geometry":{"type":"Polygon","coordinates":[[[52.2,22.4519],[52.2463,22.5],[52.2,22.5484],[52.1683,22.5],[52.2,22.4519]]]}},{"type":"Feature","properties":{"source_type":"natural","foo_threshold":10},"geometry":{"type":"Polygon","coordinates":[[[46.7,32.7595],[46.7511,32.8],[46.7,32.8488],[46.6587,32.8],[46.7,32.7595]]]}},{"type":"Feature","properties":{"source_type":"natural","foo_threshold":10},"geometry":{"type":"Polygon","coordinates":[[[45.5,19.8991],[45.47,19.9],[45.7,19.9338],[45.7338,19.9],[45.5,19.8991]]]}},{"type":"Feature","properties":{"source_type":"natural","foo_threshold":10},"geometry":{"type":"Polygon","coordinates":[[[51.3,25.0133],[51.2629,25.1],[51.3433,25.1],[51.3,25.0133]]]}},{"type":"Feature","properties":{"source_type":"natural","foo_threshold":10},"geometry":{"type":"Polygon","coordinates":[[[50.4,18.8933],[50.3343,18.9],[50.4,18.9575],[50.446,18.9],[50.4,18.8933]]]}},{"type":"Feature","properties":{"source_type":"natural","foo_threshold":10},"geometry":{"type":"Polygon","coordinates":[[[54.0,28.956],[53.956,29.0],[54.0,29.044],[54.044,29.0],[54.0,28.956]]]}},{"type":"Feature","properties":{"source_type":"natural","foo_threshold":10},"geometry":{"type":"Polygon","coordinates":[[[48.7,31.2555],[48.6555,31.3],[48.7,31.3445],[48.7445,31.3],[48.7,31.2555]]]}},{"type":"Feature","properties":{"source_type":"natural","foo_threshold":10},"geometry":{"type":"Polygon","coordinates":[[[51.4,24.057],[51.357,24.1],[51.4,24.143],[51.443,24.1],[51.4,24.057]]]}},{"type":"Feature","properties":{"source_type":"natural","foo_threshold":10},"geometry":{"type":"Polygon","coordinates":[[[56.6,18.5576],[56.5486,18.6],[56.6,18.68],[56.6,18.5576]]]}},{"type":"Feature","properties":{"source_type":"natural","foo_threshold":10},"geometry":{"type":"Polygon","coordinates":[[[49.3,25.9678],[49.2678,26.0],[49.3,26.0322],[49.3765,26.0],[49.3,25.9678]]]}},{"type":"Feature","properties":{"source_type":"natural","foo_threshold":10},"geometry":{"type":"Polygon","coordinates":[[[46.5,24.9591],[46.4591,25.0],[46.5,25.0409],[46.5409,25.0],[46.5,24.9591]]]}},{"type":"Feature","properties":{"source_type":"natural","foo_threshold":10},"geometry":{"type":"Polygon","coordinates":[[[50.9,19.168],[50.8467,19.2],[51.03,19.2],[50.9,19.168]]]}},{"type":"Feature","properties":{"source_type":"natural","foo_threshold":10},"geometry":{"type":"Polygon","coordinates":[[[48.5,19.5329],[48.5408,19.6],[48.5,19.626],[48.4726,19.6],[48.5,19.5329]]]}},{"type":"Feature","properties":{"source_type":"natural","foo_threshold":10},"geometry":{"type":"Polygon","coordinates":[[[51.4,19.2859],[51.3293,19.3],[51.4,19.3589],[51.4,19.2859]]]}},{"type":"Feature","properties":{"source_type":"natural","foo_threshold":10},"geometry":{"type":"Polygon","coordinates":[[[45.7,30.459],[45.7402,30.5],[45.7,30.5426],[45.6595,30.5],[45.7,30.459]]]}},{"type":"Feature","properties":{"source_type":"natural","foo_threshold":10},"geometry":{"type":"Polygon","coordinates":[[[50.6,24.9348],[50.5348,25.0],[50.6,25.0147],[50.6,24.9348]]]}},{"type":"Feature","properties":{"source_type":"natural","foo_threshold":10},"geometry":{"type":"Polygon","coordinates":[[[55.4,18.2378],[55.3757,18.3],[55.4,18.3373],[55.435,18.3],[55.4,18.2378]]]}},{"type":"Feature","properties":{"source_type":"natural","foo_threshold":10},"geometry":{"type":"Polygon","coordinates":[[[59.0,28.5592],[59.0368,28.6],[59.0,28.6403],[58.9598,28.6],[59.0,28.5592]]]}},{"type":"Feature","properties":{"source_type":"natural","foo_threshold":10},"geometry":{"type":"Polygon","coordinates":[[[48.9,27.5776],[48.8776,27.6],[49.0033,27.6],[49.0,27.5732],[48.9,27.5776]]]}},{"type":"Feature","properties":{"source_type":"natural","foo_threshold":10},"geometry":{"type":"Polygon","coordinates":[[[53.9,18.0756],[53.8653,18.1],[53.9,18.155],[53.9367,18.1],[53.9,18.0756]]]}},{"type":"Feature","properties":{"source_type":"natural","foo_threshold":10},"geometry":{"type":"Polygon","coordinates":[[[49.1,21.8638],[49.1327,21.9],[49.1,21.9457],[49.0623,21.9],[49.1,21.8638]]]}},{"type":"Feature","properties":{"source_type":"natural","foo_threshold":10},"geometry":{"type":"Polygon","coordinates":[[[52.1,18.9457],[52.1,19.0106],[52.176,19.0],[52.1,18.9457]]]}},{"type":"Feature","properties":{"source_type":"natural","foo_threshold":10},"geometry":{"type":"Polygon","coordinates":[[[53.1,21.9758],[53.0758,22.0],[53.1,22.0936],[53.1242,22.0],[53.1,21.9758]]]}},{"type":"Feature","properties":{"source_type":"natural","foo_threshold":10},"geometry":{"type":"Polygon","coordinates":[[[57.4,27.0607],[57.432,27.1],[57.4,27.1334],[57.3508,27.1],[57.4,27.0607]]]}},{"type":"Feature","properties":{"source_type":"natural","foo_threshold":10},"geometry":{"type":"Polygon","coordinates":[[[59.6,25.4376],[59.5667,25.5],[59.6,25.5254],[59.6321,25.5],[59.6,25.4376]]]}},{"type":"Feature","properties":{"source_type":"natural","foo_threshold":10},"geometry":{"type":"Polygon","coordinates":[[[50.1,22.7646],[50.1304,22.8],[50.1,22.8366],[50.053,22.8],[50.1,22.7646]]]}},{"type":"Feature","properties":{"source_type":"natural","foo_threshold":10},"geometry":{"type":"Polygon","coordinates":[[[44.9,22.9631],[44.8631,23.0],[44.9,23.0369],[44.9369,23.0],[44.9,22.9631]]]}},{"type":"Feature","properties":{"source_type":"natural","foo_threshold":10},"geometry":{"type":"Polygon","coordinates":[[[50.5,18.99],[50.5,19.06],[50.56,19.0],[50.5,18.99]]]}},{"type":"Feature","properties":{"source_type":"natural","foo_threshold":10},"geometry":{"type":"Polygon","coordinates":[[[45.0,24.3631],[44.9631,24.4],[45.0,24.4369],[45.0369,24.4],[45.0,24.3631]]]}},{"type":"Feature","properties":{"source_type":"natural","foo_threshold":10},"geometry":{"type":"Polygon","coordinates":[[[51.9,22.1689],[51.96,22.2],[51.8506,22.2],[51.9,22.1689]]]}},{"type":"Feature","properties":{"source_type":"natural","foo_threshold":10},"geometry":{"type":"Polygon","coordinates":[[[46.8,21.8991],[46.9,21.9205],[46.9205,21.9],[46.9,21.8795],[46.8,21.8991]]]}},{"type":"Feature","properties":{"source_type":"natural","foo_threshold":10},"geometry":{"type":"Polygon","coordinates":[[[54.1,17.0651],[54.0651,17.1],[54.1,17.135],[54.135,17.1],[54.1,17.0651]]]}},{"type":"Feature","properties":{"source_type":"natural","foo_threshold":10},"geometry":{"type":"Polygon","coordinates":[[[44.9,28.3638],[44.8638,28.4],[44.9,28.4362],[44.9362,28.4],[44.9,28.3638]]]}},{"type":"Feature","properties":{"source_type":"natural","foo_threshold":10},"geometry":{"type":"Polygon","coordinates":[[[57.3,18.9984],[57.2678,19.0],[57.3,19.0283],[57.4063,19.0],[57.3,18.9984]]]}},{"type":"Feature","properties":{"source_type":"natural","foo_threshold":10},"geometry":{"type":"Polygon","coordinates":[[[50.2,29.8877],[50.2,29.9605],[50.2605,29.9],[50.2,29.8877]]]}},{"type":"Feature","properties":{"source_type":"natural","foo_threshold":10},"geometry":{"type":"Polygon","coordinates":[[[50.5,22.3648],[50.546,22.4],[50.5,22.4308],[50.471,22.4],[50.5,22.3648]]]}},{"type":"Feature","properties":{"source_type":"natural","foo_threshold":10},"geometry":{"type":"Polygon","coordinates":[[[55.1,17.9717],[55.0517,18.0],[55.1,18.027],[55.1387,18.0],[55.1,17.9717]]]}},{"type":"Feature","properties":{"source_type":"natural","foo_threshold":10},"geometry":{"type":"Polygon","coordinates":[[[45.5,21.2657],[45.4657,21.3],[45.5,21.3343],[45.5343,21.3],[45.5,21.2657]]]}},{"type":"Feature","properties":{"source_type":"natural","foo_threshold":10},"geometry":{"type":"Polygon","coordinates":[[[48.5,28.2664],[48.4664,28.3],[48.5,28.3959],[48.5,28.2664]]]}},{"type":"Feature","properties":{"source_type":"natural","foo_threshold":10},"geometry":{"type":"Polygon","coordinates":[[[47.6,22.9689],[47.5733,23.0],[47.6,23.0343],[47.6444,23.0],[47.6,22.9689]]]}},{"type":"Feature","properties":{"source_type":"natural","foo_threshold":10},"geometry":{"type":"Polygon","coordinates":[[[48.6,28.0976],[48.5619,28.2],[48.6053,28.2],[48.6,28.0976]]]}},{"type":"Feature","properties":{"source_type":"natural","foo_threshold":10},"geometry":{"type":"Polygon","coordinates":[[[52.2,32.2693],[52.1479,32.3],[52.2487,32.3],[52.2,32.2693]]]}},{"type":"Feature","properties":{"source_type":"natural","foo_threshold":10},"geometry":{"type":"Polygon","coordinates":[[[56.6,21.1819],[56.5746,21.2],[56.6,21.27],[56.6253,21.2],[56.6,21.1819]]]}},{"type":"Feature","properties":{"source_type":"natural","foo_threshold":10},"geometry":{"type":"Polygon","coordinates":[[[46.5,32.8602],[46.5372,32.9],[46.5,32.9348],[46.471,32.9],[46.5,32.8602]]]}},{"type":"Feature","properties":{"source_type":"natural","foo_threshold":10},"geometry":{"type":"Polygon","coordinates":[[[57.6,32.446],[57.645,32.5],[57.6,32.518],[57.5784,32.5],[57.6,32.446]]]}},{"type":"Feature","properties":{"source_type":"natural","foo_threshold":10},"geometry":{"type":"Polygon","coordinates":[[[60.0,30.8318],[59.957,30.9],[60.0,30.94],[60.0,30.8318]]]}},{"type":"Feature","properties":{"source_type":"natural","foo_threshold":10},"geometry":{"type":"Polygon","coordinates":[[[46.9,32.6752],[46.9293,32.7],[46.9,32.7432],[46.8598,32.7],[46.9,32.6752]]]}},{"type":"Feature","properties":{"source_type":"natural","foo_threshold":10},"geometry":{"type":"Polygon","coordinates":[[[45.2,16.7728],[45.1293,16.8],[45.2294,16.8],[45.2,16.7728]]]}},{"type":"Feature","properties":{"source_type":"natural","foo_threshold":10},"geometry":{"type":"Polygon","coordinates":[[[55.9,31.1756],[55.988,31.2],[55.9,31.2232],[55.9,31.1756]]]}},{"type":"Feature","properties":{"source_type":"natural","foo_threshold":10},"geometry":{"type":"Polygon","coordinates":[[[44.9,32.4664],[44.8664,32.5],[44.9,32.5336],[44.9336,32.5],[44.9,32.4664]]]}},{"type":"Feature","properties":{"source_type":"natural","foo_threshold":10},"geometry":{"type":"Polygon","coordinates":[[[45.2,23.4678],[45.1678,23.5],[45.2,23.5322],[45.2322,23.5],[45.2,23.4678]]]}},{"type":"Feature","properties":{"source_type":"natural","foo_threshold":10},"geometry":{"type":"Polygon","coordinates":[[[55.7,25.1591],[55.6498,25.2],[55.7235,25.2],[55.7,25.1591]]]}},{"type":"Feature","properties":{"source_type":"natural","foo_threshold":10},"geometry":{"type":"Polygon","coordinates":[[[46.7,23.8894],[46.7,23.9106],[46.8067,23.9],[46.7,23.8894]]]}},{"type":"Feature","properties":{"source_type":"natural","foo_threshold":10},"geometry":{"type":"Polygon","coordinates":[[[51.4,28.2715],[51.4256,28.3],[51.4,28.3245],[51.3582,28.3],[51.4,28.2715]]]}},{"type":"Feature","properties":{"source_type":"natural","foo_threshold":10},"geometry":{"type":"Polygon","coordinates":[[[52.5,27.5913],[52.5,27.6508],[52.5508,27.6],[52.5,27.5913]]]}},{"type":"Feature","properties":{"source_type":"natural","foo_threshold":10},"geometry":{"type":"Polygon","coordinates":[[[55.3,23.5743],[55.2673,23.6],[55.3,23.63],[55.3277,23.6],[55.3,23.5743]]]}},{"type":"Feature","properties":{"source_type":"natural","foo_threshold":10},"geometry":{"type":"Polygon","coordinates":[[[49.4,26.6457],[49.3578,26.7],[49.4106,26.7],[49.4,26.6457]]]}},{"type":"Feature","properties":{"source_type":"natural","foo_threshold":10},"geometry":{"type":"Polygon","coordinates":[[[52.7,21.887],[52.652,21.9],[52.7,21.94],[52.7,21.887]]]}},{"type":"Feature","properties":{"source_type":"natural","foo_threshold":10},"geometry":{"type":"Polygon","coordinates":[[[47.6,24.3724],[47.5724,24.4],[47.6,24.4276],[47.6276,24.4],[47.6,24.3724]]]}},{"type":"Feature","properties":{"source_type":"natural","foo_threshold":10},"geometry":{"type":"Polygon","coordinates":[[[54.1,27.9716],[54.1269,28.0],[54.1,28.0253],[54.0702,28.0],[54.1,27.9716]]]}},{"type":"Feature","properties":{"source_type":"natural","foo_threshold":10},"geometry":{"type":"Polygon","coordinates":[[[54.4,23.1822],[54.36,23.2],[54.4,23.2267],[54.4229,23.2],[54.4,23.1822]]]}},{"type":"Feature","properties":{"source_type":"natural","foo_threshold":10},"geometry":{"type":"Polygon","coordinates":[[[55.3,20.6711],[55.3,20.7081],[55.365,20.7],[55.3,20.6711]]]}},{"type":"Feature","properties":{"source_type":"natural","foo_threshold":10},"geometry":{"type":"Polygon","coordinates":[[[48.6,23.1785],[48.5785,23.2],[48.6,23.2215],[48.6383,23.2],[48.6,23.1785]]]}},{"type":"Feature","properties":{"source_type":"natural","foo_threshold":10},"geometry":{"type":"Polygon","coordinates":[[[53.1,18.1631],[53.0771,18.2],[53.1,18.232],[53.1,18.1631]]]}},{"type":"Feature","properties":{"source_type":"natural","foo_threshold":10},"geometry":{"type":"Polygon","coordinates":[[[44.8,25.0749],[44.7749,25.1],[44.8,25.1251],[44.8251,25.1],[44.8,25.0749]]]}},{"type":"Feature","properties":{"source_type":"natural","foo_threshold":10},"geometry":{"type":"Polygon","coordinates":[[[48.6,21.6711],[48.6,21.7039],[48.665,21.7],[48.6,21.6711]]]}},{"type":"Feature","properties":{"source_type":"natural","foo_threshold":10},"geometry":{"type":"Polygon","coordinates":[[[49.6,17.1871],[49.57,17.2],[49.6,17.2327],[49.6,17.1871]]]}},{"type":"Feature","properties":{"source_type":"natural","foo_threshold":10},"geometry":{"type":"Polygon","coordinates":[[[55.3,28.7757],[55.3,28.8309],[55.2773,28.8],[55.3,28.7757]]]}},{"type":"Feature","properties":{"source_type":"natural","foo_threshold":10},"geometry":{"type":"Polygon","coordinates":[[[56.9,29.0785],[56.8757,29.1],[56.9373,29.1],[56.9,29.0785]]]}},{"type":"Feature","properties":{"source_type":"natural","foo_threshold":10},"geometry":{"type":"Polygon","coordinates":[[[51.5,32.86],[51.5,32.9084],[51.54,32.9],[51.5,32.86]]]}},{"type":"Feature","properties":{"source_type":"natural","foo_threshold":10},"geometry":{"type":"Polygon","coordinates":[[[59.7,28.49],[59.727,28.5],[59.7,28.545],[59.7,28.49]]]}},{"type":"Feature","properties":{"source_type":"natural","foo_threshold":10},"geometry":{"type":"Polygon","coordinates":[[[51.9,28.377],[51.9221,28.4],[51.9,28.4221],[51.8779,28.4],[51.9,28.377]]]}},{"type":"Feature","properties":{"source_type":"natural","foo_threshold":10},"geometry":{"type":"Polygon","coordinates":[[[51.7,24.1443],[51.6716,24.2],[51.7035,24.2],[51.7,24.1443]]]}},{"type":"Feature","properties":{"source_type":"natural","foo_threshold":10},"geometry":{"type":"Polygon","coordinates":[[[52.0,18.8713],[52.0,18.9067],[52.0418,18.9],[52.0,18.8713]]]}},{"type":"Feature","properties":{"source_type":"natural","foo_threshold":10},"geometry":{"type":"Polygon","coordinates":[[[54.2,23.0906],[54.1771,23.1],[54.2,23.1267],[54.2229,23.1],[54.2,23.0906]]]}},{"type":"Feature","properties":{"source_type":"natural","foo_threshold":10},"geometry":{"type":"Polygon","coordinates":[[[54.8,24.7852],[54.786,24.8],[54.892,24.8],[54.8,24.7852]]]}},{"type":"Feature","properties":{"source_type":"natural","foo_threshold":10},"geometry":{"type":"Polygon","coordinates":[[[45.0,23.492],[44.965,23.5],[45.0,23.5295],[45.0,23.492]]]}},{"type":"Feature","properties":{"source_type":"natural","foo_threshold":10},"geometry":{"type":"Polygon","coordinates":[[[55.3,29.3886],[55.26,29.4],[55.3,29.42],[55.3,29.3886]]]}},{"type":"Feature","properties":{"source_type":"natural","foo_threshold":10},"geometry":{"type":"Polygon","coordinates":[[[58.7,32.7934],[58.7,32.8152],[58.645,32.8],[58.7,32.7934]]]}},{"type":"Feature","properties":{"source_type":"natural","foo_threshold":10},"geometry":{"type":"Polygon","coordinates":[[[54.2,17.683],[54.2,17.7119],[54.2207,17.7],[54.2,17.683]]]}},{"type":"Feature","properties":{"source_type":"natural","foo_threshold":10},"geometry":{"type":"Polygon","coordinates":[[[48.7,27.9724],[48.6724,28.0],[48.7,28.0034],[48.7,27.9724]]]}},{"type":"Feature","properties":{"source_type":"natural","foo_threshold":10},"geometry":{"type":"Polygon","coordinates":[[[53.7,22.7976],[53.68,22.8],[53.7229,22.8],[53.7,22.7976]]]}},{"type":"Feature","properties":{"source_type":"natural","foo_threshold":10},"geometry":{"type":"Polygon","coordinates":[[[58.3,25.7906],[58.322,25.8],[58.279,25.8],[58.3,25.7906]]]}},{"type":"Feature","properties":{"source_type":"natural","foo_threshold":10},"geometry":{"type":"Polygon","coordinates":[[[59.4,29.3963],[59.34,29.4],[59.46,29.4],[59.4,29.3963]]]}},{"type":"Feature","properties":{"source_type":"natural","foo_threshold":20},"geometry":{"type":"Polygon","coordinates":[[[45.6,28.6661],[45.4,28.8667],[45.3,28.8749],[45.2124,28.8],[45.2,28.7449],[45.1795,28.9],[45.1,28.953],[45.0,28.8983],[44.9,29.0634],[44.8,29.0667],[44.6853,29.2],[44.7,29.2516],[44.7693,29.3],[45.0,29.4138],[45.2,29.5592],[45.3,29.4809],[45.5764,29.4],[45.6,29.322],[45.7,29.3508],[45.7869,29.5],[45.8026,29.6],[45.7,29.6791],[45.3,29.8037],[45.1848,29.9],[45.608,30.3],[45.2509,30.5],[45.3,30.604],[45.4,30.6279],[45.5,30.5847],[45.7929,30.8],[45.6,30.9508],[45.3,31.0393],[45.2157,31.0],[45.362,30.9],[45.3573,30.8],[45.3,30.7185],[45.0891,30.8],[45.0073,30.9],[44.7,30.9995],[44.4,30.8471],[44.2,30.885],[44.1179,30.8],[44.1,30.6867],[43.7,30.61],[43.521,30.5],[43.6,30.4342],[43.7,30.4057],[43.8,30.4555],[44.1,30.4004],[44.2,30.5244],[44.4,30.6526],[44.4834,30.6],[44.4749,30.5],[44.4,30.4363],[44.2,30.3749],[44.1,30.3975],[44.0645,30.3],[43.8,30.2225],[43.7096,30.1],[43.8,30.023],[43.9012,30.0],[43.8819,29.9],[43.945,29.8],[43.9,29.7486],[43.7,29.8454],[43.6,29.81],[43.6,29.9788],[43.6971,30.0],[43.6,30.0756],[43.6716,30.2],[43.5,30.3976],[43.1,30.3785],[42.979,30.4],[42.9602,30.6],[42.8785,30.7],[43.0618,31.0],[43.0569,31.1],[43.0,31.1871],[42.9,31.2587],[42.7,31.3348],[42.5264,31.5],[42.715,31.6],[42.6535,31.7],[42.5967,31.9],[42.4,31.9975],[42.3,31.99],[42.2,31.8991],[42.1,32.0483],[42.0,32.0569],[41.8702,31.9],[41.8239,31.8],[41.833,31.7],[41.6525,31.5],[41.9,31.4482],[42.0,31.4842],[42.2,31.3063],[42.3,31.2888],[42.3747,31.2],[42.3624,31.0],[42.3,30.9831],[42.2205,30.9],[42.2,30.7954],[42.1795,30.9],[42.0647,31.0],[42.0736,31.1],[42.0,31.1762],[41.8,31.1539],[41.7,31.194],[41.7628,31.3],[41.7,31.3667],[41.6,31.2728],[41.5,31.2745],[41.4745,31.3],[41.4776,31.5],[41.4,31.5638],[41.3,31.5704],[41.2,31.5232],[41.1418,31.6],[41.2,31.6768],[41.349,31.7],[41.2812,31.8],[41.0339,32.0],[40.989,32.1],[41.1672,32.2],[41.2,32.282],[41.206,32.2],[41.3,32.0578],[41.4,32.0836],[41.4032,32.2],[41.3,32.2888],[41.21,32.3],[41.6,32.5152],[41.6336,32.6],[41.6058,32.8],[41.6542,32.9],[41.8,32.942],[41.9,32.9209],[42.0,32.8168],[42.1,32.7842],[42.447,32.9],[42.423,33.1],[42.3221,33.3],[42.2048,33.4],[42.1751,33.5],[42.2233,33.6],[42.1,33.7519],[41.9,33.7359],[41.774,33.6],[41.6,33.4944],[41.2,33.4376],[41.1,33.4432],[41.0432,33.5],[41.5983,33.8],[41.6156,33.9],[41.7,33.9563],[42.0,33.8515],[42.1,33.8748],[42.3,33.82],[42.6,33.8523],[42.6523,33.8],[42.654,33.7],[42.7,33.6468],[42.8,33.6459],[42.8479,33.7],[42.8505,33.9],[42.8,33.9622],[42.4,33.9529],[42.334,34.0],[42.4,34.0093],[42.4619,34.1],[42.4771,34.4],[42.4,34.4667],[42.12,34.5],[42.0,34.5767],[41.8,34.5859],[41.2,34.5685],[41.1,34.4644],[41.0644,34.5],[41.1,34.6242],[41.3,34.6412],[41.3758,34.7],[41.381,34.8],[41.3,34.8651],[41.2,34.8449],[41.1449,34.9],[41.1507,35.0],[41.249,35.1],[41.2,35.1532],[41.0,35.1543],[40.9483,35.1],[40.9387,34.9],[41.043,34.8],[41.0415,34.7],[41.0,34.6585],[40.9,34.672],[40.4644,35.1],[40.5622,35.2],[40.5758,35.3],[40.7,35.4215],[40.8,35.4817],[40.9,35.4136],[41.0,35.4346],[41.0957,35.5],[40.9507,35.6],[41.0327,35.7],[41.2,35.7276],[41.2276,35.7],[41.2315,35.6],[41.3,35.52],[41.3954,35.6],[41.3558,35.8],[41.2644,35.9],[41.2674,36.3],[41.5,36.5106],[41.6,36.5067],[41.7,36.4158],[41.9,36.4141],[42.0,36.3284],[42.2,36.3319],[42.3,36.4311],[42.4,36.328],[42.5,36.3195],[42.6,36.2329],[42.7,36.2304],[42.9,36.028],[43.1,36.0219],[43.2268,35.9],[43.2329,35.8],[43.3,35.7039],[43.4,35.7791],[43.4827,35.7],[43.4,35.6272],[43.3,35.6961],[43.1124,35.5],[43.2053,35.4],[43.2,35.3446],[43.1,35.3753],[43.0,35.3292],[42.9,35.415],[42.8,35.4486],[42.69,35.4],[42.8,35.3514],[42.9564,35.2],[43.0,35.1909],[43.1,35.1793],[43.3,35.2747],[43.308,35.2],[43.4046,35.1],[43.4,35.0436],[43.3467,35.0],[43.4,34.97],[43.4158,34.8],[43.5,34.7053],[43.7,34.9075],[43.9,35.03],[44.2,34.9248],[44.4,34.913],[44.4776,35.0],[44.4771,35.1],[44.6,35.1296],[44.7,35.2229],[44.8815,35.0],[44.8432,34.9],[44.8,34.8836],[44.5,34.8731],[44.0,34.7617],[43.8,34.6845],[43.7,34.7901],[43.6053,34.7],[43.4785,34.5],[43.508,34.4],[43.7053,34.3],[43.7329,34.1],[43.8185,34.0],[43.7707,33.9],[43.6,33.8853],[43.5661,34.0],[43.4,34.1762],[43.2836,34.2],[43.279,34.3],[43.1749,34.4],[43.1696,34.5],[43.2661,34.6],[43.2,34.6548],[43.1,34.6519],[42.9219,34.5],[42.9136,34.1],[43.0032,34.0],[43.0507,33.7],[43.1,33.6438],[43.4,33.6359],[43.4359,33.6],[43.3,33.4619],[43.2,33.5588],[43.0,33.5492],[42.9466,33.5],[43.0,33.4525],[43.1,33.4548],[43.4,33.1349],[43.6,33.1141],[43.7,33.2158],[43.752,33.1],[43.7325,33.0],[43.7,32.9961],[43.6,33.0859],[43.5,33.0771],[43.3499,32.9],[43.3433,32.8],[43.4,32.6929],[43.2122,32.6],[43.1559,32.5],[43.2,32.439],[43.282,32.4],[43.1629,32.3],[43.239,32.1],[43.3,32.06],[43.5,32.1708],[43.9,31.9856],[44.2,32.0462],[44.3,32.008],[44.3124,31.9],[44.28,31.8],[44.3124,31.7],[44.5,31.5409],[44.6,31.5409],[44.7401,31.4],[44.547,31.2],[44.6,31.1346],[44.7,31.1174],[44.7635,31.2],[44.7651,31.3],[44.8,31.335],[44.9,31.3356],[44.9356,31.3],[44.8366,31.2],[44.8224,31.1],[44.9,31.0141],[45.0,31.0158],[45.0876,31.1],[45.1,31.2141],[45.2,31.2276],[45.2859,31.3],[45.2882,31.4],[45.2,31.4842],[44.9836,31.5],[45.1,31.5164],[45.1998,31.6],[45.0901,31.7],[45.0377,31.8],[45.0433,31.9],[45.1,31.9073],[45.2,31.8147],[45.3,31.8164],[45.394,31.9],[45.4095,32.0],[45.5073,32.1],[45.8133,32.1],[45.816,32.2],[45.9,32.2032],[45.9901,32.3],[45.9,32.3876],[45.8112,32.3],[45.8,32.2047],[45.7859,32.4],[45.9,32.4124],[46.0,32.506],[46.1128,32.5],[46.0106,32.4],[46.2,32.2067],[46.5,32.0911],[46.6,32.113],[46.6836,32.2],[46.4738,32.4],[46.582,32.5],[46.5,32.5771],[46.2975,32.6],[46.3,32.7029],[46.2,32.7191],[46.0,32.8235],[45.8,32.8166],[45.7,32.9657],[45.6,33.0215],[45.5,32.9884],[45.3711,33.0],[45.4,33.0867],[45.5,33.144],[45.5156,33.2],[45.476,33.4],[45.4,33.4292],[45.3,33.5752],[45.2,33.638],[45.1828,33.7],[45.2527,33.8],[45.2669,33.9],[45.2137,34.2],[45.3,34.2276],[45.3588,34.3],[45.2894,34.4],[45.3602,34.5],[45.3,34.5781],[45.2304,34.6],[45.3942,34.8],[45.3653,34.9],[45.5,34.908],[45.5141,34.8],[45.4215,34.7],[45.4425,34.4],[45.6497,34.2],[45.5479,34.1],[45.7,33.9308],[45.8268,33.9],[45.8,33.8251],[45.5,33.7968],[45.4002,33.7],[45.5086,33.6],[45.5314,33.5],[45.6,33.42],[45.7051,33.5],[45.9,33.5412],[46.1,33.5315],[46.1315,33.5],[46.1415,33.4],[46.2,33.3457],[46.3,33.3381],[46.3381,33.3],[46.3479,33.2],[46.3,33.1521],[46.2,33.1515],[46.1435,33.1],[46.1435,33.0],[46.2,32.9491],[46.3,33.0468],[46.4,33.0395],[46.4644,33.1],[46.5,33.219],[46.6251,33.1],[46.6256,33.0],[46.7168,32.9],[46.6174,32.8],[46.7,32.719],[46.8,32.7918],[46.8195,32.7],[46.9,32.6505],[46.9585,32.7],[46.9,32.7864],[46.8122,32.8],[47.0,32.8264],[47.0264,32.8],[47.055,32.5],[47.1,32.4559],[47.3,32.4447],[47.5195,32.2],[47.5256,32.1],[47.7307,31.9],[47.7,31.794],[47.6,31.7888],[47.5,31.6991],[47.4,31.7927],[47.3,31.7976],[47.2,31.7907],[47.1,31.6888],[46.9859,31.8],[47.1,31.8686],[47.2527,31.9],[47.2345,32.1],[47.2,32.1475],[46.9,32.0983],[46.8,32.181],[46.6118,32.0],[46.8169,31.8],[46.8112,31.7],[46.7106,31.6],[46.8141,31.5],[46.8,31.1825],[46.5964,31.1],[46.4,31.0776],[46.3219,31.0],[46.3,30.8817],[46.2,30.8643],[46.0247,30.7],[46.0871,30.6],[46.0678,30.5],[46.2,30.4387],[46.3,30.4534],[46.5,30.5528],[46.7,30.518],[46.8,30.6158],[47.3,30.6438],[47.4,30.5387],[47.6,30.5292],[47.7,30.6204],[47.8,30.5819],[47.8256,30.5],[47.9311,30.4],[47.9,30.3689],[47.8,30.3724],[47.7272,30.3],[47.7315,30.2],[47.8296,30.1],[47.8,30.0704],[47.7,30.07],[47.6215,30.0],[47.7,29.9158],[47.8,29.9308],[47.9,30.0369],[48.0,30.0255],[48.1,30.065],[48.1007,30.0],[48.3023,29.8],[48.3026,29.7],[48.2,29.6475],[48.181,29.6],[47.9,29.5977],[47.7034,29.4],[47.8,29.3018],[48.0,29.3248],[48.0168,29.3],[47.9,29.2089],[47.8774,29.1],[47.8,28.9926],[47.4232,29.1],[47.34,29.3],[47.3933,29.5],[47.3,29.5622],[47.2,29.5089],[47.17,29.4],[47.2247,29.3],[47.2128,29.2],[47.2488,29.1],[47.3216,29.0],[47.1,28.98],[46.9636,29.1],[46.8694,29.3],[46.9832,29.4],[46.9,29.4304],[46.6248,29.2],[46.5736,29.1],[46.3,29.0657],[46.2,28.98],[46.1,28.982],[46.0,28.8785],[45.7,28.8933],[45.6,28.6661]]]}},{"type":"Feature","properties":{"source_type":"natural","foo_threshold":20},"geometry":{"type":"Polygon","coordinates":[[[57.6,25.857],[57.5312,25.9],[57.5,26.0266],[57.3,26.0606],[57.2304,26.2],[57.2367,26.4],[57.3895,26.5],[57.3311,26.6],[57.3,26.96],[57.312,27.0],[57.4,27.0215],[57.4641,27.1],[57.4,27.1667],[57.3056,27.2],[57.3616,27.3],[57.3,27.3636],[57.2,27.3795],[56.8,27.2852],[56.2,27.3822],[56.0,27.3302],[55.6,27.3008],[55.5265,27.2],[55.5732,26.9],[55.4276,26.8],[55.2,26.7913],[55.1,26.7526],[54.9,26.7787],[54.8,26.8243],[53.6,26.7923],[53.3,27.0934],[53.1,27.1],[53.0732,27.2],[52.9,27.3708],[52.8,27.2973],[52.7,27.3571],[52.6626,27.4],[52.7708,27.5],[52.7826,27.6],[52.6,27.7546],[52.3,27.7815],[52.0,28.0641],[51.951,28.0],[52.0395,27.9],[51.4,27.8953],[51.3884,28.0],[51.2915,28.1],[51.2968,28.3],[51.0996,28.5],[51.0943,28.7],[50.9942,28.8],[51.0,28.8268],[51.1,28.835],[51.135,28.8],[51.1141,28.6],[51.2,28.5174],[51.3,28.5433],[51.4,28.6472],[51.5,28.5514],[51.7,28.5481],[51.8,28.6481],[51.9,28.6525],[52.6,28.6233],[52.7,28.5229],[52.9,28.5308],[53.0325,28.6],[53.1,28.7722],[53.1264,28.7],[53.3,28.5372],[53.4,28.5781],[53.4229,28.4],[53.2,28.3628],[53.1,28.474],[52.9,28.4692],[52.8362,28.4],[52.8489,28.3],[53.0,28.1495],[53.1,28.2404],[53.3,28.235],[53.4,28.1366],[53.4674,28.2],[53.4776,28.3],[53.6,28.3264],[53.6927,28.4],[53.7102,28.5],[53.8,28.5247],[53.8573,28.6],[53.856,28.8],[53.9,28.844],[54.0,28.7356],[54.1,28.7433],[54.2,28.6459],[54.2459,28.6],[54.2503,28.5],[54.3,28.4537],[54.4,28.444],[54.5,28.5339],[54.7,28.5387],[54.8,28.6242],[54.9089,28.6],[55.0,28.4158],[55.1,28.4735],[55.222,28.4],[55.0398,28.2],[55.1,28.1292],[55.2,28.1311],[55.3,28.2752],[55.5,28.239],[55.7,28.2933],[55.784,28.2],[56.0,28.1079],[56.1,28.2349],[56.1389,28.2],[56.1453,28.1],[56.0921,27.9],[56.1,27.7922],[56.2,27.8565],[56.5,27.8894],[56.6669,28.0],[56.7,28.0905],[56.7614,28.0],[56.9,27.9648],[57.2,28.0219],[57.2754,28.0],[57.2425,27.9],[57.3,27.8485],[57.5,27.8392],[57.5685,27.9],[57.5805,28.0],[57.5,28.082],[57.4171,28.1],[57.2733,28.2],[57.5,28.3319],[57.6,28.4342],[57.6264,28.3],[57.7,28.2422],[57.8,28.2442],[57.9543,28.4],[57.7991,28.6],[57.8,28.624],[57.9,28.6205],[58.0,28.5311],[58.1,28.5308],[58.2,28.4483],[58.3,28.444],[58.3805,28.4],[58.4192,28.3],[58.5,28.2515],[58.6,28.2764],[58.6974,28.2],[58.8,27.9623],[59.0777,27.9],[58.9,27.7453],[58.9,27.6928],[59.4,27.601],[59.3794,27.5],[59.4,27.4587],[59.6585,27.5],[59.6764,27.6],[59.9,27.668],[59.9329,27.6],[59.9,27.34],[59.6618,27.1],[59.6869,27.0],[59.4,26.8478],[59.1686,26.9],[59.2,26.9138],[59.28,27.2],[59.2,27.3041],[58.8,27.3312],[58.5465,27.3],[58.4503,27.2],[58.4,27.0675],[58.3,27.023],[58.2,27.0187],[57.9,27.1495],[57.7,27.1935],[57.6046,27.1],[57.59,27.0],[57.643,26.7],[57.6,26.5694],[57.4088,26.5],[57.5,26.4186],[57.6,26.4379],[57.7354,26.4],[57.5,26.3764],[57.459,26.3],[57.7,26.11],[57.7675,26.2],[57.9,26.2495],[58.0,26.2678],[58.0885,26.2],[58.0,26.1483],[57.9,26.1505],[57.8525,26.1],[57.9297,26.0],[57.9,25.908],[57.8,25.9428],[57.7,25.9305],[57.6,25.857]]]}},{"type":"Feature","properties":{"source_type":"natural","foo_threshold":20},"geometry":{"type":"Polygon","coordinates":[[[50.4,22.1454],[50.3674,22.3],[50.3,22.3588],[50.2,22.3696],[50.1,22.3158],[50.0,22.3545],[49.9736,22.4],[50.0243,22.5],[50.0083,22.7],[50.1,22.7292],[50.1608,22.8],[50.1,22.8732],[50.006,22.8],[50.0,22.7369],[49.9681,22.9],[50.14,23.0],[50.2,23.1147],[50.3,23.0575],[50.5,23.1171],[50.6,23.1137],[50.8,23.2725],[50.9088,23.3],[50.9358,23.4],[51.0,23.4589],[51.1,23.4824],[51.1663,23.4],[51.1138,23.2],[51.1544,23.1],[51.1265,22.9],[51.1468,22.7],[51.1,22.604],[51.0,22.5543],[50.9,22.5869],[50.8,22.57],[50.6,22.3552],[50.592,22.4],[50.5,22.4616],[50.442,22.4],[50.5,22.3296],[50.5797,22.3],[50.4,22.1454]]]}},{"type":"Feature","properties":{"source_type":"natural","foo_threshold":20},"geometry":{"type":"Polygon","coordinates":[[[43.1,30.6938],[43.3,30.6697],[43.6,30.8732],[43.6983,30.9],[43.6341,31.0],[43.7,31.152],[43.8,31.1533],[43.9,31.0025],[44.0311,31.1],[44.2,31.1629],[44.2229,31.2],[44.1,31.4019],[43.7985,31.5],[43.7467,31.6],[43.9,31.7047],[43.7,31.8178],[43.6,31.8329],[43.4246,31.8],[43.565,31.7],[43.435,31.5],[43.6067,31.4],[43.5759,31.3],[43.5,31.2271],[43.4,31.2436],[43.3,31.305],[43.14,31.1],[43.3,31.012],[43.5275,31.0],[43.3,30.916],[43.1,30.6938]]]}},{"type":"Feature","properties":{"source_type":"natural","foo_threshold":20},"geometry":{"type":"Polygon","coordinates":[[[57.2,31.0856],[57.1679,31.1],[57.1761,31.2],[57.3128,31.3],[56.9073,31.5],[57.0,31.5185],[57.08,31.6],[57.1,31.6862],[57.1832,31.8],[57.1,31.8247],[56.9063,31.8],[56.8,31.5253],[56.7,31.555],[56.5058,31.7],[56.5028,31.8],[56.7527,32.0],[57.0,32.034],[57.2,31.9465],[57.286,31.9],[57.3357,31.7],[57.4,31.6723],[57.485,31.7],[57.5047,31.8],[57.6,31.9168],[57.7681,31.8],[57.7314,31.7],[57.6,31.6893],[57.5346,31.6],[57.6234,31.4],[57.5192,31.3],[57.5907,31.2],[57.5,31.1135],[57.4,31.0751],[57.3,31.0517],[57.2,31.0856]]]}},{"type":"Feature","properties":{"source_type":"natural","foo_threshold":20},"geometry":{"type":"Polygon","coordinates":[[[50.4,15.9983],[50.3,16.0876],[49.9,16.1901],[49.8682,16.3],[49.8829,16.4],[49.8,16.4829],[49.6,16.5289],[49.5,16.6023],[49.7,16.7444],[49.8,16.7412],[49.9,16.7004],[50.0,16.7224],[50.0724,16.7],[50.0,16.6647],[49.9,16.6985],[49.8543,16.6],[50.0,16.5537],[50.2,16.4135],[50.3,16.4057],[50.6,16.5172],[50.8,16.4873],[50.8829,16.4],[50.877,16.3],[50.6,16.1387],[50.539,16.0],[50.4,15.9983]]]}},{"type":"Feature","properties":{"source_type":"natural","foo_threshold":20},"geometry":{"type":"Polygon","coordinates":[[[49.5,30.0944],[49.4,30.1869],[49.2,30.1881],[49.1,30.2871],[48.9616,30.3],[48.8667,30.4],[48.9,30.5831],[49.0,30.5412],[49.1,30.6238],[49.3,30.6359],[49.4,30.7362],[49.5,30.6333],[49.5771,30.7],[49.5671,30.8],[49.4,30.947],[49.3,30.9537],[49.2537,31.0],[49.3,31.0463],[49.5,31.0442],[49.8,30.745],[49.9,30.7556],[49.9441,30.8],[49.9572,30.9],[49.8638,31.0],[49.9,31.0362],[50.0,31.0326],[50.0326,31.0],[50.055,30.7],[49.9,30.5479],[49.8,30.655],[49.7,30.5785],[49.6,30.57],[49.5,30.4689],[49.4508,30.4],[49.5406,30.3],[49.545,30.2],[49.6,30.1174],[49.7,30.1247],[49.7052,30.1],[49.5,30.0944]]]}},{"type":"Feature","properties":{"source_type":"natural","foo_threshold":20},"geometry":{"type":"Polygon","coordinates":[[[47.8,26.5644],[47.7644,26.6],[47.7641,26.7],[47.8515,26.8],[47.8,26.8521],[47.7,26.8513],[47.6,26.7625],[47.5,26.8509],[47.3,26.8599],[47.2599,26.9],[47.5,27.1474],[47.6,27.0501],[47.6472,27.1],[47.6447,27.2],[47.8,27.3422],[48.0,27.3881],[48.2,27.3173],[48.0329,26.9],[48.0489,26.8],[48.0,26.6225],[47.8,26.5644]]]}},{"type":"Feature","properties":{"source_type":"natural","foo_threshold":20},"geometry":{"type":"Polygon","coordinates":[[[58.1,31.9492],[58.0,32.0076],[57.8,32.0136],[57.6,32.063],[57.5828,32.1],[57.7,32.1771],[57.7994,32.3],[57.8,32.4341],[58.0,32.5248],[58.2,32.5006],[58.3693,32.4],[58.3507,32.2],[58.4328,32.1],[58.3815,32.0],[58.3,31.9411],[58.1,31.9492]]]}},{"type":"Feature","properties":{"source_type":"natural","foo_threshold":20},"geometry":{"type":"Polygon","coordinates":[[[52.3,22.2925],[52.2,22.348],[52.1,22.3059],[52.0044,22.4],[52.0202,22.5],[51.9682,22.6],[51.9427,22.8],[51.9,22.8445],[51.8,22.839],[51.7,22.73],[51.6259,22.8],[51.5759,22.9],[51.6,22.9283],[51.8,22.9207],[52.2,23.0868],[52.2932,23.0],[52.2649,22.9],[52.1758,22.8],[52.2,22.6323],[52.4,22.656],[52.4533,22.6],[52.4,22.42],[52.3,22.2925]]]}},{"type":"Feature","properties":{"source_type":"natural","foo_threshold":20},"geometry":{"type":"Polygon","coordinates":[[[44.4,29.3456],[44.1832,29.5],[44.2677,29.6],[44.5,29.69],[44.616,29.8],[44.4471,30.0],[44.5137,30.1],[44.6,30.1451],[44.7,30.146],[44.8152,30.1],[44.8493,30.0],[44.7131,29.8],[44.8006,29.6],[44.5,29.3738],[44.4,29.3456]]]}},{"type":"Feature","properties":{"source_type":"natural","foo_threshold":20},"geometry":{"type":"Polygon","coordinates":[[[58.8,28.2914],[58.6838,28.4],[58.7,28.5343],[58.6387,28.6],[58.7,28.7012],[58.9,28.7102],[59.2,28.8129],[59.3232,28.8],[59.2644,28.6],[59.3,28.5512],[59.4611,28.5],[59.4819,28.4],[59.4,28.3747],[59.2,28.4384],[59.0,28.4392],[58.886,28.4],[58.8,28.2914]]]}},{"type":"Feature","properties":{"source_type":"natural","foo_threshold":20},"geometry":{"type":"Polygon","coordinates":[[[54.2,17.1954],[54.1,17.2596],[53.944,17.3],[53.9973,17.4],[54.1,17.4543],[54.2,17.4567],[54.61,17.4],[54.9,17.312],[55.1,17.394],[55.2,17.3105],[55.1075,17.2],[55.0,17.1716],[54.9116,17.2],[54.9,17.2387],[54.4,17.1876],[54.2,17.1954]]]}},{"type":"Feature","properties":{"source_type":"natural","foo_threshold":20},"geometry":{"type":"Polygon","coordinates":[[[48.8,24.2641],[48.6144,24.4],[48.6406,24.6],[48.7,24.6824],[48.8652,24.6],[48.9,24.5217],[49.2,24.7155],[49.3,24.7456],[49.3911,24.7],[49.3653,24.6],[49.2287,24.4],[49.1,24.3491],[49.0,24.3831],[48.9831,24.3],[48.8,24.2641]]]}},{"type":"Feature","properties":{"source_type":"natural","foo_threshold":20},"geometry":{"type":"Polygon","coordinates":[[[50.1,23.3779],[50.0215,23.5],[50.0357,23.6],[49.9989,23.8],[50.1,23.8848],[50.3,23.81],[50.4,23.8157],[50.5123,23.6],[50.5469,23.4],[50.5,23.339],[50.3,23.4272],[50.1,23.3779]]]}},{"type":"Feature","properties":{"source_type":"natural","foo_threshold":20},"geometry":{"type":"Polygon","coordinates":[[[48.7,26.151],[48.6156,26.2],[48.7,26.3174],[48.8,26.2195],[48.8696,26.3],[48.8671,26.4],[48.6696,26.6],[48.7,26.7878],[48.8,26.901],[48.9292,26.8],[48.9296,26.7],[49.0,26.6215],[49.069,26.6],[49.0658,26.5],[49.1404,26.4],[49.0974,26.3],[48.9951,26.2],[48.8,26.1453],[48.7,26.151]]]}},{"type":"Feature","properties":{"source_type":"natural","foo_threshold":20},"geometry":{"type":"Polygon","coordinates":[[[48.2,19.553],[48.178,19.6],[48.2158,19.7],[48.3736,19.8],[48.5,19.9367],[48.6,20.0093],[48.7,20.0397],[48.8,20.0194],[48.9,20.0775],[48.9443,20.0],[48.8,19.9656],[48.7388,19.7],[48.6,19.5652],[48.5,19.6519],[48.4,19.5115],[48.3,19.5046],[48.2,19.553]]]}},{"type":"Feature","properties":{"source_type":"natural","foo_threshold":20},"geometry":{"type":"Polygon","coordinates":[[[48.9,21.668],[48.8643,21.7],[48.9471,21.8],[48.9246,21.9],[48.9,21.9383],[48.7117,22.0],[48.8,22.0544],[49.0,22.006],[49.1871,22.0],[49.1,21.9913],[49.0247,21.9],[49.1,21.8276],[49.2,21.9974],[49.4,21.9983],[49.5756,21.9],[49.3,21.7387],[49.2,21.6443],[49.1,21.6263],[48.9,21.668]]]}},{"type":"Feature","properties":{"source_type":"natural","foo_threshold":20},"geometry":{"type":"Polygon","coordinates":[[[60.0,31.2854],[59.9,31.2443],[59.6,31.3083],[59.5,31.1496],[59.4,31.1692],[59.3802,31.2],[59.428,31.4],[59.4892,31.5],[59.4439,31.6],[59.5,31.636],[59.6,31.6343],[59.8,31.609],[59.9,31.5648],[59.9669,31.5],[60.0,31.2854]]]}},{"type":"Feature","properties":{"source_type":"natural","foo_threshold":20},"geometry":{"type":"Polygon","coordinates":[[[58.1,27.4647],[58.2,27.4573],[58.3143,27.5],[58.3342,27.6],[58.303,27.7],[58.3372,27.8],[58.1,27.9588],[58.0,27.9555],[57.9,28.0513],[57.8479,28.0],[57.934,27.9],[57.8169,27.8],[57.9912,27.6],[58.0165,27.5],[58.1,27.4647]]]}},{"type":"Feature","properties":{"source_type":"natural","foo_threshold":20},"geometry":{"type":"Polygon","coordinates":[[[50.3,16.6577],[50.2241,16.7],[50.4,16.7863],[50.5,16.9596],[50.7,17.0514],[50.7339,16.9],[50.8,16.8215],[50.913,16.8],[50.9,16.6809],[50.8,16.6561],[50.5,16.6233],[50.3,16.6577]]]}},{"type":"Feature","properties":{"source_type":"natural","foo_threshold":20},"geometry":{"type":"Polygon","coordinates":[[[47.8,30.6754],[47.7,30.7607],[47.5927,30.8],[47.5205,30.9],[47.5194,31.0],[47.6,31.1005],[47.618,31.0],[47.7,30.9219],[47.8,30.9251],[47.9847,31.1],[48.0,31.2169],[48.0106,31.0],[48.1087,30.9],[48.139,30.8],[48.1,30.7518],[47.8,30.6754]]]}},{"type":"Feature","properties":{"source_type":"natural","foo_threshold":20},"geometry":{"type":"Polygon","coordinates":[[[46.0,31.0972],[46.04,31.1],[46.0108,31.2],[46.0347,31.3],[45.9,31.3833],[45.8,31.3612],[45.7,31.2914],[45.6,31.292],[45.5,31.3864],[45.4,31.3933],[45.3141,31.3],[45.4,31.22],[45.5,31.2141],[45.6,31.1087],[45.7,31.1508],[46.0,31.0972]]]}},{"type":"Feature","properties":{"source_type":"natural","foo_threshold":20},"geometry":{"type":"Polygon","coordinates":[[[47.0,29.937],[47.2,29.9467],[47.2832,30.0],[47.2987,30.1],[47.2,30.1322],[46.9,30.1338],[46.8,30.2547],[46.7,30.2786],[46.6,30.105],[46.5,30.1472],[46.4092,30.1],[46.5,30.0379],[46.6,30.0973],[46.7,30.0446],[46.8,30.0475],[47.0,29.937]]]}},{"type":"Feature","properties":{"source_type":"natural","foo_threshold":20},"geometry":{"type":"Polygon","coordinates":[[[49.6,21.0643],[49.4279,21.2],[49.4,21.2975],[49.2,21.2649],[49.1642,21.3],[49.2,21.3637],[49.4,21.3029],[49.4227,21.4],[49.5,21.4829],[49.6,21.4487],[49.7768,21.3],[49.7124,21.1],[49.6,21.0643]]]}},{"type":"Feature","properties":{"source_type":"natural","foo_threshold":20},"geometry":{"type":"Polygon","coordinates":[[[58.8,26.1457],[58.7043,26.3],[58.703,26.4],[58.735,26.5],[58.8,26.5404],[58.9,26.5787],[59.1,26.4174],[59.2,26.4576],[59.2723,26.4],[59.2,26.3496],[59.0,26.3585],[58.9,26.2047],[58.8,26.1457]]]}},{"type":"Feature","properties":{"source_type":"natural","foo_threshold":20},"geometry":{"type":"Polygon","coordinates":[[[46.2,22.4842],[46.1907,22.6],[46.046,22.8],[46.082,22.9],[46.1,22.9409],[46.2,22.8238],[46.3,22.828],[46.3795,22.9],[46.3693,23.0],[46.4,23.0308],[46.5215,22.9],[46.5523,22.8],[46.4302,22.7],[46.3,22.6745],[46.2093,22.6],[46.2,22.4842]]]}},{"type":"Feature","properties":{"source_type":"natural","foo_threshold":20},"geometry":{"type":"Polygon","coordinates":[[[51.4,16.0888],[51.3324,16.2],[51.4,16.253],[51.7,16.2753],[51.9425,16.1],[51.9,16.0313],[51.8,16.026],[51.7,16.0744],[51.4,16.0888]]]}},{"type":"Feature","properties":{"source_type":"natural","foo_threshold":20},"geometry":{"type":"Polygon","coordinates":[[[51.6,16.9785],[51.5785,17.0],[51.5968,17.1],[51.7,17.1608],[51.9,17.1178],[52.0,17.1533],[52.1,17.123],[52.139,17.0],[52.0,16.9238],[51.8,17.0197],[51.6,16.9785]]]}},{"type":"Feature","properties":{"source_type":"natural","foo_threshold":20},"geometry":{"type":"Polygon","coordinates":[[[52.5,23.045],[52.4606,23.2],[52.6,23.5063],[52.748,23.4],[52.7537,23.3],[52.7018,23.1],[52.6,23.0387],[52.5,23.045]]]}},{"type":"Feature","properties":{"source_type":"natural","foo_threshold":20},"geometry":{"type":"Polygon","coordinates":[[[44.0,24.8968],[43.9,24.97],[43.8,24.9221],[43.719,25.1],[43.7436,25.3],[43.8,25.3046],[43.9,25.2039],[44.0,25.2233],[44.0233,25.2],[44.0067,25.0],[44.1164,24.9],[44.0,24.8968]]]}},{"type":"Feature","properties":{"source_type":"natural","foo_threshold":20},"geometry":{"type":"Polygon","coordinates":[[[60.0,32.3687],[59.8392,32.2],[59.8,32.1127],[59.6511,32.3],[59.747,32.5],[59.6987,32.6],[59.8,32.6005],[59.9,32.549],[60.0,32.42],[60.0,32.3687]]]}},{"type":"Feature","properties":{"source_type":"natural","foo_threshold":20},"geometry":{"type":"Polygon","coordinates":[[[59.2,26.5578],[58.9619,26.7],[59.1,26.7955],[59.4,26.7079],[59.5,26.7357],[59.6,26.6009],[59.704,26.6],[59.2,26.5578]]]}},{"type":"Feature","properties":{"source_type":"natural","foo_threshold":20},"geometry":{"type":"Polygon","coordinates":[[[55.7,18.4582],[55.6396,18.5],[55.6557,18.6],[55.7,18.6378],[55.9,18.6841],[56.0139,18.6],[56.0077,18.5],[55.9,18.4406],[55.8,18.4253],[55.7,18.4582]]]}},{"type":"Feature","properties":{"source_type":"natural","foo_threshold":20},"geometry":{"type":"Polygon","coordinates":[[[56.4,20.6328],[56.3359,20.7],[56.4535,20.8],[56.4935,20.9],[56.4,20.9751],[56.2825,21.0],[56.5,21.0189],[56.6,20.897],[56.6276,20.8],[56.6037,20.7],[56.5,20.62],[56.4,20.6328]]]}},{"type":"Feature","properties":{"source_type":"natural","foo_threshold":20},"geometry":{"type":"Polygon","coordinates":[[[57.5,20.4394],[57.4061,20.5],[57.4,20.6756],[57.3725,20.7],[57.4,20.821],[57.5,20.7985],[57.6613,20.7],[57.5,20.4394]]]}},{"type":"Feature","properties":{"source_type":"natural","foo_threshold":20},"geometry":{"type":"Polygon","coordinates":[[[50.1,20.54],[50.0073,20.6],[50.1,20.6537],[50.2,20.7685],[50.3,20.7697],[50.385,20.7],[50.3,20.5233],[50.1,20.54]]]}},{"type":"Feature","properties":{"source_type":"natural","foo_threshold":20},"geometry":{"type":"Polygon","coordinates":[[[53.3,16.7942],[53.2226,16.8],[53.2099,16.9],[53.3,16.9684],[53.4,16.9864],[53.6091,16.9],[53.5307,16.8],[53.3,16.7942]]]}},{"type":"Feature","properties":{"source_type":"natural","foo_threshold":20},"geometry":{"type":"Polygon","coordinates":[[[44.8,30.5862],[44.7,30.6258],[44.6387,30.7],[44.7112,30.8],[44.9,30.8368],[44.9484,30.8],[44.9825,30.7],[44.9,30.6175],[44.8,30.5862]]]}},{"type":"Feature","properties":{"source_type":"natural","foo_threshold":20},"geometry":{"type":"Polygon","coordinates":[[[45.9,26.982],[45.8608,27.2],[45.9,27.2393],[46.1,27.239],[46.139,27.2],[46.128,27.1],[46.0,26.987],[45.9,26.982]]]}},{"type":"Feature","properties":{"source_type":"natural","foo_threshold":20},"geometry":{"type":"Polygon","coordinates":[[[44.6,22.6567],[44.5567,22.7],[44.5594,22.8],[44.5,22.872],[44.257,22.9],[44.6,22.9621],[44.6378,22.9],[44.6406,22.8],[44.7557,22.7],[44.7,22.6443],[44.6,22.6567]]]}},{"type":"Feature","properties":{"source_type":"natural","foo_threshold":20},"geometry":{"type":"Polygon","coordinates":[[[46.4,24.4543],[46.3544,24.5],[46.4,24.6288],[46.5,24.626],[46.6,24.7039],[46.7,24.6946],[46.7276,24.6],[46.6,24.4667],[46.5,24.574],[46.4,24.4543]]]}},{"type":"Feature","properties":{"source_type":"natural","foo_threshold":20},"geometry":{"type":"Polygon","coordinates":[[[53.6,28.5749],[53.4,28.7244],[53.3689,28.8],[53.4,28.8311],[53.5,28.8398],[53.7372,28.6],[53.7,28.5059],[53.6,28.5749]]]}},{"type":"Feature","properties":{"source_type":"natural","foo_threshold":20},"geometry":{"type":"Polygon","coordinates":[[[58.5,29.257],[58.4053,29.3],[58.5054,29.4],[58.6,29.4507],[58.7236,29.4],[58.759,29.3],[58.7,29.2516],[58.6,29.2228],[58.5,29.257]]]}},{"type":"Feature","properties":{"source_type":"natural","foo_threshold":20},"geometry":{"type":"Polygon","coordinates":[[[48.3,29.9991],[48.2,30.1317],[48.1,30.1255],[47.979,30.2],[47.974,30.3],[48.0,30.326],[48.1,30.3195],[48.2,30.206],[48.3124,30.2],[48.3,29.9991]]]}},{"type":"Feature","properties":{"source_type":"natural","foo_threshold":20},"geometry":{"type":"Polygon","coordinates":[[[54.4,29.7619],[54.371,29.8],[54.47,29.9],[54.4997,30.0],[54.482,30.1],[54.5,30.1297],[54.5836,30.1],[54.6263,30.0],[54.545,29.9],[54.6,29.8361],[54.6862,29.8],[54.4,29.7619]]]}},{"type":"Feature","properties":{"source_type":"natural","foo_threshold":20},"geometry":{"type":"Polygon","coordinates":[[[58.8,29.8831],[58.744,30.0],[58.8,30.0406],[58.9,30.076],[59.0285,30.0],[59.0261,29.9],[59.0,29.8807],[58.9,29.861],[58.8,29.8831]]]}},{"type":"Feature","properties":{"source_type":"natural","foo_threshold":20},"geometry":{"type":"Polygon","coordinates":[[[51.5,23.1486],[51.41,23.2],[51.6,23.3686],[51.6732,23.3],[51.7071,23.2],[51.6,23.1087],[51.5,23.1486]]]}},{"type":"Feature","properties":{"source_type":"natural","foo_threshold":20},"geometry":{"type":"Polygon","coordinates":[[[53.9,28.0329],[54.1513,28.3],[54.1,28.3553],[54.0,28.2671],[53.9,28.2815],[53.8329,28.2],[53.8404,28.1],[53.9,28.0329]]]}},{"type":"Feature","properties":{"source_type":"natural","foo_threshold":20},"geometry":{"type":"Polygon","coordinates":[[[52.3,16.2904],[52.2022,16.3],[52.1876,16.4],[52.246,16.5],[52.4,16.5249],[52.4111,16.4],[52.3,16.2904]]]}},{"type":"Feature","properties":{"source_type":"natural","foo_threshold":20},"geometry":{"type":"Polygon","coordinates":[[[46.3,31.2292],[46.381,31.3],[46.3865,31.4],[46.3,31.4907],[46.2,31.4864],[46.1158,31.4],[46.3,31.2292]]]}},{"type":"Feature","properties":{"source_type":"natural","foo_threshold":20},"geometry":{"type":"Polygon","coordinates":[[[59.6,26.285],[59.53,26.3],[59.6,26.3467],[59.6171,26.4],[59.8,26.4615],[59.9191,26.4],[59.7,26.2543],[59.6,26.285]]]}},{"type":"Feature","properties":{"source_type":"natural","foo_threshold":20},"geometry":{"type":"Polygon","coordinates":[[[45.7,27.5463],[45.6463,27.6],[45.7,27.6537],[45.8,27.6587],[45.9,27.761],[45.961,27.7],[45.9607,27.6],[45.9,27.5393],[45.7,27.5463]]]}},{"type":"Feature","properties":{"source_type":"natural","foo_threshold":20},"geometry":{"type":"Polygon","coordinates":[[[54.8,29.5533],[54.6649,29.7],[54.7,29.7905],[54.8,29.73],[54.972,29.7],[54.9,29.5533],[54.8,29.5533]]]}},{"type":"Feature","properties":{"source_type":"natural","foo_threshold":20},"geometry":{"type":"Polygon","coordinates":[[[50.9,24.2994],[51.092,24.4],[51.1,24.4589],[51.2486,24.3],[51.1,24.2274],[51.0,24.2274],[50.9,24.2994]]]}},{"type":"Feature","properties":{"source_type":"natural","foo_threshold":20},"geometry":{"type":"Polygon","coordinates":[[[51.1,20.1722],[51.0602,20.2],[51.0369,20.3],[51.1,20.3529],[51.2,20.3597],[51.2782,20.3],[51.2583,20.2],[51.2,20.1644],[51.1,20.1722]]]}},{"type":"Feature","properties":{"source_type":"natural","foo_threshold":20},"geometry":{"type":"Polygon","coordinates":[[[54.5,23.938],[54.4219,24.0],[54.5,24.0605],[54.7,24.0941],[54.7621,24.0],[54.7,23.9467],[54.5,23.938]]]}},{"type":"Feature","properties":{"source_type":"natural","foo_threshold":20},"geometry":{"type":"Polygon","coordinates":[[[55.7,17.8997],[55.68,17.9],[55.9,18.0629],[56.0,18.0638],[56.1171,18.0],[56.0,17.9901],[55.9,17.8913],[55.7,17.8997]]]}},{"type":"Feature","properties":{"source_type":"natural","foo_threshold":20},"geometry":{"type":"Polygon","coordinates":[[[59.5,32.7832],[59.3,32.8703],[59.2684,32.9],[59.3,32.9577],[59.4,33.0024],[59.5,32.9453],[59.5493,32.9],[59.5,32.7832]]]}},{"type":"Feature","properties":{"source_type":"natural","foo_threshold":20},"geometry":{"type":"Polygon","coordinates":[[[55.5,28.3822],[55.459,28.4],[55.6,28.4156],[55.8,28.49],[55.9088,28.4],[55.7,28.31],[55.6,28.372],[55.5,28.3822]]]}},{"type":"Feature","properties":{"source_type":"natural","foo_threshold":20},"geometry":{"type":"Polygon","coordinates":[[[57.5,27.2356],[57.5605,27.3],[57.5532,27.4],[57.4,27.5594],[57.3296,27.5],[57.4233,27.4],[57.4158,27.3],[57.5,27.2356]]]}},{"type":"Feature","properties":{"source_type":"natural","foo_threshold":20},"geometry":{"type":"Polygon","coordinates":[[[55.7,26.6956],[55.6323,26.7],[55.7,26.8436],[55.8,26.8665],[55.909,26.8],[55.9,26.7],[55.7,26.6956]]]}},{"type":"Feature","properties":{"source_type":"natural","foo_threshold":20},"geometry":{"type":"Polygon","coordinates":[[[46.0,21.9602],[45.9254,22.1],[46.0,22.1649],[46.1297,22.1],[46.1628,22.0],[46.1,21.9508],[46.0,21.9602]]]}},{"type":"Feature","properties":{"source_type":"natural","foo_threshold":20},"geometry":{"type":"Polygon","coordinates":[[[59.2,22.661],[59.1,22.7733],[59.03,22.8],[59.1414,22.9],[59.2011,22.9],[59.2069,22.8],[59.3087,22.7],[59.3,22.641],[59.2,22.661]]]}},{"type":"Feature","properties":{"source_type":"natural","foo_threshold":20},"geometry":{"type":"Polygon","coordinates":[[[56.2,32.6744],[56.1663,32.7],[56.19,32.8],[56.3,32.8675],[56.4,32.8662],[56.4356,32.8],[56.3387,32.7],[56.2,32.6744]]]}},{"type":"Feature","properties":{"source_type":"natural","foo_threshold":20},"geometry":{"type":"Polygon","coordinates":[[[59.0,22.848],[58.982,23.0],[58.8725,23.1],[58.9,23.212],[59.1025,23.0],[59.1,22.9232],[59.0,22.848]]]}},{"type":"Feature","properties":{"source_type":"natural","foo_threshold":20},"geometry":{"type":"Polygon","coordinates":[[[44.7,31.5758],[44.6758,31.6],[44.7,31.801],[44.8,31.8217],[44.8169,31.7],[44.9046,31.6],[44.7,31.5758]]]}},{"type":"Feature","properties":{"source_type":"natural","foo_threshold":20},"geometry":{"type":"Polygon","coordinates":[[[51.3,24.655],[51.2414,24.7],[51.2338,24.8],[51.3,24.8391],[51.5,24.8073],[51.4,24.6815],[51.3,24.655]]]}},{"type":"Feature","properties":{"source_type":"natural","foo_threshold":20},"geometry":{"type":"Polygon","coordinates":[[[53.5,17.7598],[53.4491,17.8],[53.4694,17.9],[53.5,17.9697],[53.6,18.0244],[53.6488,18.0],[53.6144,17.9],[53.5,17.7598]]]}},{"type":"Feature","properties":{"source_type":"natural","foo_threshold":20},"geometry":{"type":"Polygon","coordinates":[[[44.9,22.1914],[44.77,22.3],[44.7737,22.5],[44.8,22.513],[44.9153,22.4],[44.9,22.1914]]]}},{"type":"Feature","properties":{"source_type":"natural","foo_threshold":20},"geometry":{"type":"Polygon","coordinates":[[[50.9,15.9968],[50.8,16.0358],[50.7358,16.1],[50.9,16.1604],[51.0513,16.1],[51.0,16.094],[50.9,15.9968]]]}},{"type":"Feature","properties":{"source_type":"natural","foo_threshold":20},"geometry":{"type":"Polygon","coordinates":[[[53.2,23.1267],[53.1756,23.2],[53.3,23.3086],[53.42,23.3],[53.4013,23.2],[53.2,23.1267]]]}},{"type":"Feature","properties":{"source_type":"natural","foo_threshold":20},"geometry":{"type":"Polygon","coordinates":[[[47.3,21.495],[47.2584,21.6],[47.4,21.7397],[47.4484,21.7],[47.4529,21.6],[47.3,21.495]]]}},{"type":"Feature","properties":{"source_type":"natural","foo_threshold":20},"geometry":{"type":"Polygon","coordinates":[[[57.7,32.6458],[57.6217,32.7],[57.8,32.8644],[57.9,32.815],[57.83,32.7],[57.7,32.6458]]]}},{"type":"Feature","properties":{"source_type":"natural","foo_threshold":20},"geometry":{"type":"Polygon","coordinates":[[[45.1,29.047],[45.2,29.0398],[45.2619,29.1],[45.2674,29.2],[45.2,29.258],[45.0425,29.1],[45.1,29.047]]]}},{"type":"Feature","properties":{"source_type":"natural","foo_threshold":20},"geometry":{"type":"Polygon","coordinates":[[[53.2,27.28],[53.4,27.2763],[53.3978,27.4],[53.3,27.4238],[53.245,27.4],[53.1478,27.3],[53.2,27.28]]]}},{"type":"Feature","properties":{"source_type":"natural","foo_threshold":20},"geometry":{"type":"Polygon","coordinates":[[[46.9,24.8163],[46.874,24.9],[46.9,24.926],[47.1,24.9395],[47.1395,24.9],[47.1,24.8241],[46.9,24.8163]]]}},{"type":"Feature","properties":{"source_type":"natural","foo_threshold":20},"geometry":{"type":"Polygon","coordinates":[[[46.9,26.5674],[46.8,26.6635],[46.7,26.6628],[46.6628,26.7],[46.7,26.7372],[46.9,26.7372],[46.9372,26.7],[46.9326,26.6],[46.9,26.5674]]]}},{"type":"Feature","properties":{"source_type":"natural","foo_threshold":20},"geometry":{"type":"Polygon","coordinates":[[[50.4,29.9429],[50.3429,30.0],[50.3484,30.1],[50.4,30.1516],[50.5,30.147],[50.547,30.1],[50.4,29.9429]]]}},{"type":"Feature","properties":{"source_type":"natural","foo_threshold":20},"geometry":{"type":"Polygon","coordinates":[[[50.4,17.4737],[50.3691,17.5],[50.3642,17.6],[50.4,17.6573],[50.5773,17.5],[50.5,17.4664],[50.4,17.4737]]]}},{"type":"Feature","properties":{"source_type":"natural","foo_threshold":20},"geometry":{"type":"Polygon","coordinates":[[[59.3,21.568],[59.254,21.6],[59.251,21.7],[59.3,21.757],[59.4,21.755],[59.4,21.6328],[59.3,21.568]]]}},{"type":"Feature","properties":{"source_type":"natural","foo_threshold":20},"geometry":{"type":"Polygon","coordinates":[[[51.0,23.5477],[50.9337,23.7],[51.0,23.7824],[51.0971,23.7],[51.0704,23.6],[51.0,23.5477]]]}},{"type":"Feature","properties":{"source_type":"natural","foo_threshold":20},"geometry":{"type":"Polygon","coordinates":[[[49.8,20.4619],[49.739,20.5],[49.9,20.5717],[50.0,20.584],[50.0382,20.5],[49.8,20.4619]]]}},{"type":"Feature","properties":{"source_type":"natural","foo_threshold":20},"geometry":{"type":"Polygon","coordinates":[[[50.6,29.4973],[50.496,29.6],[50.5785,29.7],[50.5599,29.8],[50.6,29.8401],[50.6401,29.8],[50.6,29.4973]]]}},{"type":"Feature","properties":{"source_type":"natural","foo_threshold":20},"geometry":{"type":"Polygon","coordinates":[[[47.0,24.4594],[46.8674,24.6],[46.9,24.6326],[47.1,24.607],[47.0,24.4594]]]}},{"type":"Feature","properties":{"source_type":"natural","foo_threshold":20},"geometry":{"type":"Polygon","coordinates":[[[52.2,23.2089],[52.2,23.3304],[52.3,23.3976],[52.3583,23.3],[52.3,23.2103],[52.2,23.2089]]]}},{"type":"Feature","properties":{"source_type":"natural","foo_threshold":20},"geometry":{"type":"Polygon","coordinates":[[[59.9,27.0365],[59.8118,27.1],[59.8251,27.2],[59.9,27.2657],[59.9546,27.2],[59.9502,27.1],[59.9,27.0365]]]}},{"type":"Feature","properties":{"source_type":"natural","foo_threshold":20},"geometry":{"type":"Polygon","coordinates":[[[59.4,25.898],[59.3362,26.0],[59.4,26.0621],[59.6007,26.0],[59.4,25.898]]]}},{"type":"Feature","properties":{"source_type":"natural","foo_threshold":20},"geometry":{"type":"Polygon","coordinates":[[[58.5,20.828],[58.46,20.9],[58.7,20.9586],[58.7,20.8522],[58.6,20.8607],[58.5,20.828]]]}},{"type":"Feature","properties":{"source_type":"natural","foo_threshold":20},"geometry":{"type":"Polygon","coordinates":[[[44.4,31.2315],[44.4572,31.3],[44.4578,31.4],[44.4,31.458],[44.3395,31.4],[44.3315,31.3],[44.4,31.2315]]]}},{"type":"Feature","properties":{"source_type":"natural","foo_threshold":20},"geometry":{"type":"Polygon","coordinates":[[[47.7,20.622],[47.635,20.7],[47.7,20.7433],[47.8652,20.7],[47.8,20.6388],[47.7,20.622]]]}},{"type":"Feature","properties":{"source_type":"natural","foo_threshold":20},"geometry":{"type":"Polygon","coordinates":[[[49.5,23.6655],[49.3762,23.8],[49.4,23.9026],[49.5233,23.8],[49.5377,23.7],[49.5,23.6655]]]}},{"type":"Feature","properties":{"source_type":"natural","foo_threshold":20},"geometry":{"type":"Polygon","coordinates":[[[55.2,32.8617],[55.1582,32.9],[55.1477,33.0],[55.2,33.045],[55.3,33.0267],[55.3,32.9709],[55.2,32.8617]]]}},{"type":"Feature","properties":{"source_type":"natural","foo_threshold":20},"geometry":{"type":"Polygon","coordinates":[[[52.9,23.4057],[52.84,23.5],[52.9,23.5314],[53.0514,23.5],[53.0,23.41],[52.9,23.4057]]]}},{"type":"Feature","properties":{"source_type":"natural","foo_threshold":20},"geometry":{"type":"Polygon","coordinates":[[[58.7,28.9961],[58.7,29.0371],[58.788,29.1],[58.9343,29.1],[58.8422,29.0],[58.7,28.9961]]]}},{"type":"Feature","properties":{"source_type":"natural","foo_threshold":20},"geometry":{"type":"Polygon","coordinates":[[[49.8,30.1969],[49.774,30.3],[49.9,30.3326],[49.9326,30.3],[49.9022,30.2],[49.8,30.1969]]]}},{"type":"Feature","properties":{"source_type":"natural","foo_threshold":20},"geometry":{"type":"Polygon","coordinates":[[[54.2,19.5289],[54.108,19.6],[54.3,19.6661],[54.3147,19.6],[54.2,19.5289]]]}},{"type":"Feature","properties":{"source_type":"natural","foo_threshold":20},"geometry":{"type":"Polygon","coordinates":[[[52.2,22.4039],[52.2927,22.5],[52.2,22.5968],[52.1366,22.5],[52.2,22.4039]]]}},{"type":"Feature","properties":{"source_type":"natural","foo_threshold":20},"geometry":{"type":"Polygon","coordinates":[[[45.3,28.2651],[45.2651,28.3],[45.4,28.4319],[45.4319,28.4],[45.421,28.3],[45.3,28.2651]]]}},{"type":"Feature","properties":{"source_type":"natural","foo_threshold":20},"geometry":{"type":"Polygon","coordinates":[[[53.4,23.7602],[53.3363,23.8],[53.318,23.9],[53.4135,23.9],[53.4721,23.8],[53.4,23.7602]]]}},{"type":"Feature","properties":{"source_type":"natural","foo_threshold":20},"geometry":{"type":"Polygon","coordinates":[[[45.5,20.9752],[45.4932,21.1],[45.6,21.1046],[45.6,20.9779],[45.5,20.9752]]]}},{"type":"Feature","properties":{"source_type":"natural","foo_threshold":20},"geometry":{"type":"Polygon","coordinates":[[[48.0,20.86],[47.9677,20.9],[48.0,20.9724],[48.1,21.0018],[48.1193,20.9],[48.0,20.86]]]}},{"type":"Feature","properties":{"source_type":"natural","foo_threshold":20},"geometry":{"type":"Polygon","coordinates":[[[48.7,23.5897],[48.6382,23.7],[48.7,23.764],[48.7859,23.7],[48.7,23.5897]]]}},{"type":"Feature","properties":{"source_type":"natural","foo_threshold":20},"geometry":{"type":"Polygon","coordinates":[[[49.2,30.3158],[49.2822,30.4],[49.2,30.4859],[49.112,30.4],[49.2,30.3158]]]}},{"type":"Feature","properties":{"source_type":"natural","foo_threshold":20},"geometry":{"type":"Polygon","coordinates":[[[52.5,17.2961],[52.6,17.4273],[52.6439,17.4],[52.6418,17.3],[52.5,17.2961]]]}},{"type":"Feature","properties":{"source_type":"natural","foo_threshold":20},"geometry":{"type":"Polygon","coordinates":[[[51.0,24.0991],[51.1,24.1664],[51.1859,24.1],[51.1,24.027],[51.0,24.0991]]]}},{"type":"Feature","properties":{"source_type":"natural","foo_threshold":20},"geometry":{"type":"Polygon","coordinates":[[[50.7,29.292],[50.7,29.4185],[50.8,29.4493],[50.8493,29.4],[50.7,29.292]]]}},{"type":"Feature","properties":{"source_type":"natural","foo_threshold":20},"geometry":{"type":"Polygon","coordinates":[[[45.7,30.418],[45.7805,30.5],[45.7,30.5853],[45.619,30.5],[45.7,30.418]]]}},{"type":"Feature","properties":{"source_type":"natural","foo_threshold":20},"geometry":{"type":"Polygon","coordinates":[[[49.3,20.1811],[49.2645,20.2],[49.3,20.2406],[49.3693,20.3],[49.4354,20.3],[49.4004,20.2],[49.3,20.1811]]]}},{"type":"Feature","properties":{"source_type":"natural","foo_threshold":20},"geometry":{"type":"Polygon","coordinates":[[[53.0,27.4729],[53.1,27.4009],[53.1752,27.5],[53.1,27.5237],[53.0,27.5081],[53.0,27.4729]]]}},{"type":"Feature","properties":{"source_type":"natural","foo_threshold":20},"geometry":{"type":"Polygon","coordinates":[[[46.1,28.0776],[46.0776,28.1],[46.1,28.1224],[46.3,28.1292],[46.3292,28.1],[46.3,28.0708],[46.1,28.0776]]]}},{"type":"Feature","properties":{"source_type":"natural","foo_threshold":20},"geometry":{"type":"Polygon","coordinates":[[[59.0,28.5185],[59.0736,28.6],[59.0,28.6805],[58.9195,28.6],[59.0,28.5185]]]}},{"type":"Feature","properties":{"source_type":"natural","foo_threshold":20},"geometry":{"type":"Polygon","coordinates":[[[51.2,16.8484],[51.1068,16.9],[51.2,17.0215],[51.2229,16.9],[51.2,16.8484]]]}},{"type":"Feature","properties":{"source_type":"natural","foo_threshold":20},"geometry":{"type":"Polygon","coordinates":[[[45.5,28.4619],[45.4619,28.5],[45.4521,28.6],[45.5,28.6479],[45.5479,28.6],[45.5381,28.5],[45.5,28.4619]]]}},{"type":"Feature","properties":{"source_type":"natural","foo_threshold":20},"geometry":{"type":"Polygon","coordinates":[[[54.8,19.8695],[54.753,20.0],[54.8,20.018],[54.8656,20.0],[54.853,19.9],[54.8,19.8695]]]}},{"type":"Feature","properties":{"source_type":"natural","foo_threshold":20},"geometry":{"type":"Polygon","coordinates":[[[51.4,17.5755],[51.357,17.6],[51.3619,17.7],[51.4678,17.7],[51.4374,17.6],[51.4,17.5755]]]}},{"type":"Feature","properties":{"source_type":"natural","foo_threshold":20},"geometry":{"type":"Polygon","coordinates":[[[58.2,31.1425],[58.1472,31.3],[58.2,31.3426],[58.2455,31.3],[58.2,31.1425]]]}},{"type":"Feature","properties":{"source_type":"natural","foo_threshold":20},"geometry":{"type":"Polygon","coordinates":[[[58.7,25.8907],[58.6393,26.0],[58.7,26.0758],[58.752,26.0],[58.7,25.8907]]]}},{"type":"Feature","properties":{"source_type":"natural","foo_threshold":20},"geometry":{"type":"Polygon","coordinates":[[[45.5,22.894],[45.4976,23.0],[45.3907,23.1],[45.4,23.1347],[45.5071,23.1],[45.5,22.894]]]}},{"type":"Feature","properties":{"source_type":"natural","foo_threshold":20},"geometry":{"type":"Polygon","coordinates":[[[50.2,17.665],[50.1789,17.7],[50.2,17.8029],[50.3247,17.7],[50.2,17.665]]]}},{"type":"Feature","properties":{"source_type":"natural","foo_threshold":20},"geometry":{"type":"Polygon","coordinates":[[[45.8,28.3602],[45.7602,28.4],[45.8,28.4398],[45.9,28.4409],[45.9409,28.4],[45.9,28.3591],[45.8,28.3602]]]}},{"type":"Feature","properties":{"source_type":"natural","foo_threshold":20},"geometry":{"type":"Polygon","coordinates":[[[53.3,18.3374],[53.241,18.4],[53.3,18.4467],[53.4189,18.4],[53.3,18.3374]]]}},{"type":"Feature","properties":{"source_type":"natural","foo_threshold":20},"geometry":{"type":"Polygon","coordinates":[[[48.9,31.0753],[48.8,31.2093],[48.9195,31.2],[48.9247,31.1],[48.9,31.0753]]]}},{"type":"Feature","properties":{"source_type":"natural","foo_threshold":20},"geometry":{"type":"Polygon","coordinates":[[[55.0,28.9902],[54.9764,29.0],[55.0,29.0433],[55.1,29.0633],[55.1411,29.0],[55.1,28.9566],[55.0,28.9902]]]}},{"type":"Feature","properties":{"source_type":"natural","foo_threshold":20},"geometry":{"type":"Polygon","coordinates":[[[50.9,24.5968],[51.1,24.6281],[51.1733,24.6],[51.1,24.5371],[51.0,24.5976],[50.9,24.5968]]]}},{"type":"Feature","properties":{"source_type":"natural","foo_threshold":20},"geometry":{"type":"Polygon","coordinates":[[[56.9,18.851],[56.8494,18.9],[56.9,18.9445],[57.0438,18.9],[56.9,18.851]]]}},{"type":"Feature","properties":{"source_type":"natural","foo_threshold":20},"geometry":{"type":"Polygon","coordinates":[[[46.4,28.6728],[46.3558,28.8],[46.4,28.8442],[46.4442,28.8],[46.4,28.6728]]]}},{"type":"Feature","properties":{"source_type":"natural","foo_threshold":20},"geometry":{"type":"Polygon","coordinates":[[[45.6,32.6961],[45.5527,32.7],[45.704,32.8],[45.7147,32.7],[45.6,32.6961]]]}},{"type":"Feature","properties":{"source_type":"natural","foo_threshold":20},"geometry":{"type":"Polygon","coordinates":[[[50.4,17.9779],[50.4,18.0467],[50.57,18.0],[50.5,17.9569],[50.4,17.9779]]]}},{"type":"Feature","properties":{"source_type":"natural","foo_threshold":20},"geometry":{"type":"Polygon","coordinates":[[[44.4,29.0785],[44.3,29.2247],[44.4,29.211],[44.4215,29.1],[44.4,29.0785]]]}},{"type":"Feature","properties":{"source_type":"natural","foo_threshold":20},"geometry":{"type":"Polygon","coordinates":[[[46.5,32.8205],[46.5745,32.9],[46.5,32.9696],[46.442,32.9],[46.5,32.8205]]]}},{"type":"Feature","properties":{"source_type":"natural","foo_threshold":20},"geometry":{"type":"Polygon","coordinates":[[[50.4,29.6996],[50.3,29.8141],[50.4,29.8304],[50.4304,29.8],[50.4,29.6996]]]}},{"type":"Feature","properties":{"source_type":"natural","foo_threshold":20},"geometry":{"type":"Polygon","coordinates":[[[44.3,22.0781],[44.2781,22.1],[44.3,22.1407],[44.5126,22.1],[44.3,22.0781]]]}},{"type":"Feature","properties":{"source_type":"natural","foo_threshold":20},"geometry":{"type":"Polygon","coordinates":[[[46.6,21.3733],[46.5704,21.5],[46.6,21.5304],[46.6822,21.5],[46.6,21.3733]]]}},{"type":"Feature","properties":{"source_type":"natural","foo_threshold":20},"geometry":{"type":"Polygon","coordinates":[[[56.8,32.6814],[56.7527,32.7],[56.7653,32.8],[56.8,32.8168],[56.865,32.7],[56.8,32.6814]]]}},{"type":"Feature","properties":{"source_type":"natural","foo_threshold":20},"geometry":{"type":"Polygon","coordinates":[[[52.4,17.5384],[52.3454,17.6],[52.4,17.683],[52.4509,17.6],[52.4,17.5384]]]}},{"type":"Feature","properties":{"source_type":"natural","foo_threshold":20},"geometry":{"type":"Polygon","coordinates":[[[46.6,20.84],[46.5296,21.0],[46.6324,21.0],[46.6,20.84]]]}},{"type":"Feature","properties":{"source_type":"natural","foo_threshold":20},"geometry":{"type":"Polygon","coordinates":[[[51.8,21.763],[51.7791,21.8],[51.8,21.8925],[51.8965,21.8],[51.8,21.763]]]}},{"type":"Feature","properties":{"source_type":"natural","foo_threshold":20},"geometry":{"type":"Polygon","coordinates":[[[56.5,28.3913],[56.4492,28.4],[56.6,28.4289],[56.6423,28.4],[56.6,28.3465],[56.5,28.3913]]]}},{"type":"Feature","properties":{"source_type":"natural","foo_threshold":20},"geometry":{"type":"Polygon","coordinates":[[[59.8,25.8771],[59.7044,25.9],[59.8,25.9748],[59.8555,25.9],[59.8,25.8771]]]}},{"type":"Feature","properties":{"source_type":"natural","foo_threshold":20},"geometry":{"type":"Polygon","coordinates":[[[57.4,28.7947],[57.5,28.9039],[57.5168,28.8],[57.4,28.7947]]]}},{"type":"Feature","properties":{"source_type":"natural","foo_threshold":20},"geometry":{"type":"Polygon","coordinates":[[[47.1,26.392],[47.074,26.6],[47.1,26.626],[47.126,26.6],[47.1,26.392]]]}},{"type":"Feature","properties":{"source_type":"natural","foo_threshold":20},"geometry":{"type":"Polygon","coordinates":[[[57.6,21.1344],[57.509,21.2],[57.6,21.2279],[57.6542,21.2],[57.6,21.1344]]]}},{"type":"Feature","properties":{"source_type":"natural","foo_threshold":20},"geometry":{"type":"Polygon","coordinates":[[[51.4,28.243],[51.4511,28.3],[51.4,28.349],[51.3164,28.3],[51.4,28.243]]]}},{"type":"Feature","properties":{"source_type":"natural","foo_threshold":20},"geometry":{"type":"Polygon","coordinates":[[[46.0,27.441],[45.941,27.5],[46.0,27.559],[46.059,27.5],[46.0,27.441]]]}},{"type":"Feature","properties":{"source_type":"natural","foo_threshold":20},"geometry":{"type":"Polygon","coordinates":[[[49.0,24.1753],[48.9753,24.2],[49.0,24.2796],[49.0981,24.2],[49.0,24.1753]]]}},{"type":"Feature","properties":{"source_type":"natural","foo_threshold":20},"geometry":{"type":"Polygon","coordinates":[[[55.7,18.2594],[55.6505,18.3],[55.7,18.346],[55.7894,18.3],[55.7,18.2594]]]}},{"type":"Feature","properties":{"source_type":"natural","foo_threshold":20},"geometry":{"type":"Polygon","coordinates":[[[58.0,25.8976],[57.94,25.9],[58.2229,25.9],[58.1,25.8697],[58.0,25.8976]]]}},{"type":"Feature","properties":{"source_type":"natural","foo_threshold":20},"geometry":{"type":"Polygon","coordinates":[[[53.0,22.9527],[52.9257,23.0],[53.0,23.052],[53.0473,23.0],[53.0,22.9527]]]}},{"type":"Feature","properties":{"source_type":"natural","foo_threshold":20},"geometry":{"type":"Polygon","coordinates":[[[54.9,27.233],[54.9963,27.3],[54.9,27.3215],[54.8554,27.3],[54.9,27.233]]]}},{"type":"Feature","properties":{"source_type":"natural","foo_threshold":20},"geometry":{"type":"Polygon","coordinates":[[[48.5,22.796],[48.5,23.08],[48.5353,22.9],[48.5,22.796]]]}},{"type":"Feature","properties":{"source_type":"natural","foo_threshold":20},"geometry":{"type":"Polygon","coordinates":[[[45.3,28.0446],[45.2446,28.1],[45.3,28.1554],[45.3554,28.1],[45.3,28.0446]]]}},{"type":"Feature","properties":{"source_type":"natural","foo_threshold":20},"geometry":{"type":"Polygon","coordinates":[[[52.2,21.8383],[52.1207,21.9],[52.2,21.9358],[52.2404,21.9],[52.2,21.8383]]]}},{"type":"Feature","properties":{"source_type":"natural","foo_threshold":20},"geometry":{"type":"Polygon","coordinates":[[[59.8,31.0553],[59.7558,31.1],[59.8,31.1442],[59.8981,31.1],[59.8,31.0553]]]}},{"type":"Feature","properties":{"source_type":"natural","foo_threshold":20},"geometry":{"type":"Polygon","coordinates":[[[59.8,26.0252],[59.7218,26.1],[59.8,26.1374],[59.8287,26.1],[59.8,26.0252]]]}},{"type":"Feature","properties":{"source_type":"natural","foo_threshold":20},"geometry":{"type":"Polygon","coordinates":[[[55.3,28.4339],[55.2553,28.5],[55.3,28.5287],[55.3845,28.5],[55.3,28.4339]]]}},{"type":"Feature","properties":{"source_type":"natural","foo_threshold":20},"geometry":{"type":"Polygon","coordinates":[[[54.1,27.9433],[54.1539,28.0],[54.1,28.0505],[54.0404,28.0],[54.1,27.9433]]]}},{"type":"Feature","properties":{"source_type":"natural","foo_threshold":20},"geometry":{"type":"Polygon","coordinates":[[[51.8,28.7447],[51.7447,28.8],[51.8,28.8553],[51.8553,28.8],[51.8,28.7447]]]}},{"type":"Feature","properties":{"source_type":"natural","foo_threshold":20},"geometry":{"type":"Polygon","coordinates":[[[48.1,28.0744],[48.0745,28.1],[48.1,28.2756],[48.1256,28.1],[48.1,28.0744]]]}},{"type":"Feature","properties":{"source_type":"natural","foo_threshold":20},"geometry":{"type":"Polygon","coordinates":[[[50.8,17.4793],[50.7419,17.5],[50.8,17.561],[50.8763,17.5],[50.8,17.4793]]]}},{"type":"Feature","properties":{"source_type":"natural","foo_threshold":20},"geometry":{"type":"Polygon","coordinates":[[[48.5,21.8685],[48.437,21.9],[48.5,21.9315],[48.6063,21.9],[48.5,21.8685]]]}},{"type":"Feature","properties":{"source_type":"natural","foo_threshold":20},"geometry":{"type":"Polygon","coordinates":[[[55.7,31.1571],[55.6556,31.2],[55.7,31.2639],[55.7655,31.2],[55.7,31.1571]]]}},{"type":"Feature","properties":{"source_type":"natural","foo_threshold":20},"geometry":{"type":"Polygon","coordinates":[[[46.4,23.9728],[46.3728,24.0],[46.4,24.0272],[46.5164,24.0],[46.4,23.9728]]]}},{"type":"Feature","properties":{"source_type":"natural","foo_threshold":20},"geometry":{"type":"Polygon","coordinates":[[[47.9,23.3843],[47.8554,23.5],[47.9,23.5174],[47.9,23.3843]]]}},{"type":"Feature","properties":{"source_type":"natural","foo_threshold":20},"geometry":{"type":"Polygon","coordinates":[[[45.2,24.4815],[45.1058,24.5],[45.3373,24.5],[45.2,24.4815]]]}},{"type":"Feature","properties":{"source_type":"natural","foo_threshold":20},"geometry":{"type":"Polygon","coordinates":[[[51.8,22.3483],[51.7495,22.4],[51.8,22.4372],[51.8493,22.4],[51.8,22.3483]]]}},{"type":"Feature","properties":{"source_type":"natural","foo_threshold":20},"geometry":{"type":"Polygon","coordinates":[[[49.0,26.0847],[49.0,26.1928],[49.0663,26.1],[49.0,26.0847]]]}},{"type":"Feature","properties":{"source_type":"natural","foo_threshold":20},"geometry":{"type":"Polygon","coordinates":[[[58.0,20.67],[57.9213,20.7],[58.0,20.7311],[58.0536,20.7],[58.0,20.67]]]}},{"type":"Feature","properties":{"source_type":"natural","foo_threshold":20},"geometry":{"type":"Polygon","coordinates":[[[57.9,31.3733],[57.852,31.4],[57.9,31.4554],[57.9554,31.4],[57.9,31.3733]]]}},{"type":"Feature","properties":{"source_type":"natural","foo_threshold":20},"geometry":{"type":"Polygon","coordinates":[[[53.8,28.8674],[53.7674,28.9],[53.8,28.9915],[53.8326,28.9],[53.8,28.8674]]]}},{"type":"Feature","properties":{"source_type":"natural","foo_threshold":20},"geometry":{"type":"Polygon","coordinates":[[[59.7,28.7701],[59.6567,28.8],[59.7,28.8785],[59.7312,28.8],[59.7,28.7701]]]}},{"type":"Feature","properties":{"source_type":"natural","foo_threshold":20},"geometry":{"type":"Polygon","coordinates":[[[50.9,24.7636],[50.9,24.8867],[50.9607,24.8],[50.9,24.7636]]]}},{"type":"Feature","properties":{"source_type":"natural","foo_threshold":20},"geometry":{"type":"Polygon","coordinates":[[[51.9,28.354],[51.9443,28.4],[51.9,28.4443],[51.8557,28.4],[51.9,28.354]]]}},{"type":"Feature","properties":{"source_type":"natural","foo_threshold":20},"geometry":{"type":"Polygon","coordinates":[[[50.9,28.8948],[50.9,29.0288],[50.9288,29.0],[50.9247,28.9],[50.9,28.8948]]]}},{"type":"Feature","properties":{"source_type":"natural","foo_threshold":20},"geometry":{"type":"Polygon","coordinates":[[[46.1,28.457],[46.057,28.5],[46.1,28.543],[46.143,28.5],[46.1,28.457]]]}},{"type":"Feature","properties":{"source_type":"natural","foo_threshold":20},"geometry":{"type":"Polygon","coordinates":[[[52.9,16.7795],[52.8795,16.8],[52.9,16.8405],[52.9897,16.8],[52.9,16.7795]]]}},{"type":"Feature","properties":{"source_type":"natural","foo_threshold":20},"geometry":{"type":"Polygon","coordinates":[[[51.5,18.5957],[51.6336,18.6],[51.6,18.5759],[51.5,18.5957]]]}},{"type":"Feature","properties":{"source_type":"natural","foo_threshold":20},"geometry":{"type":"Polygon","coordinates":[[[58.5,25.6794],[58.429,25.7],[58.5,25.7209],[58.5789,25.7],[58.5,25.6794]]]}},{"type":"Feature","properties":{"source_type":"natural","foo_threshold":20},"geometry":{"type":"Polygon","coordinates":[[[45.9,24.7608],[45.8608,24.8],[45.9,24.8392],[45.9393,24.8],[45.9,24.7608]]]}},{"type":"Feature","properties":{"source_type":"natural","foo_threshold":20},"geometry":{"type":"Polygon","coordinates":[[[46.4,27.3616],[46.3616,27.4],[46.4,27.4384],[46.4384,27.4],[46.4,27.3616]]]}},{"type":"Feature","properties":{"source_type":"natural","foo_threshold":20},"geometry":{"type":"Polygon","coordinates":[[[47.9,25.9954],[48.0,26.0262],[48.0093,26.0],[47.9,25.9954]]]}},{"type":"Feature","properties":{"source_type":"natural","foo_threshold":20},"geometry":{"type":"Polygon","coordinates":[[[51.7,20.0762],[51.6662,20.1],[51.7,20.1491],[51.7331,20.1],[51.7,20.0762]]]}},{"type":"Feature","properties":{"source_type":"natural","foo_threshold":20},"geometry":{"type":"Polygon","coordinates":[[[47.5,32.4638],[47.4638,32.5],[47.5,32.5362],[47.5362,32.5],[47.5,32.4638]]]}},{"type":"Feature","properties":{"source_type":"natural","foo_threshold":20},"geometry":{"type":"Polygon","coordinates":[[[48.9,30.0957],[48.879,30.1],[48.9,30.2174],[48.9,30.0957]]]}},{"type":"Feature","properties":{"source_type":"natural","foo_threshold":20},"geometry":{"type":"Polygon","coordinates":[[[57.8,31.2768],[57.7732,31.3],[57.8,31.3567],[57.834,31.3],[57.8,31.2768]]]}},{"type":"Feature","properties":{"source_type":"natural","foo_threshold":20},"geometry":{"type":"Polygon","coordinates":[[[44.5,21.5815],[44.4129,21.6],[44.5,21.6277],[44.5,21.5815]]]}},{"type":"Feature","properties":{"source_type":"natural","foo_threshold":20},"geometry":{"type":"Polygon","coordinates":[[[49.7,23.7876],[49.669,23.8],[49.7,23.8248],[49.7886,23.8],[49.7,23.7876]]]}},{"type":"Feature","properties":{"source_type":"natural","foo_threshold":20},"geometry":{"type":"Polygon","coordinates":[[[44.9,28.6661],[44.8661,28.7],[44.9,28.734],[44.934,28.7],[44.9,28.6661]]]}},{"type":"Feature","properties":{"source_type":"natural","foo_threshold":20},"geometry":{"type":"Polygon","coordinates":[[[59.4,26.28],[59.3475,26.3],[59.47,26.3],[59.4,26.28]]]}},{"type":"Feature","properties":{"source_type":"natural","foo_threshold":20},"geometry":{"type":"Polygon","coordinates":[[[47.9,22.7836],[47.8319,22.8],[47.9,22.8345],[47.9,22.7836]]]}},{"type":"Feature","properties":{"source_type":"natural","foo_threshold":20},"geometry":{"type":"Polygon","coordinates":[[[46.5,27.4667],[46.4667,27.5],[46.5,27.5333],[46.5333,27.5],[46.5,27.4667]]]}},{"type":"Feature","properties":{"source_type":"natural","foo_threshold":20},"geometry":{"type":"Polygon","coordinates":[[[51.4,23.0861],[51.4,23.18],[51.432,23.1],[51.4,23.0861]]]}},{"type":"Feature","properties":{"source_type":"natural","foo_threshold":20},"geometry":{"type":"Polygon","coordinates":[[[49.5,24.6723],[49.41,24.7],[49.5,24.7104],[49.5,24.6723]]]}},{"type":"Feature","properties":{"source_type":"natural","foo_threshold":20},"geometry":{"type":"Polygon","coordinates":[[[53.6,17.5899],[53.6,17.6185],[53.7046,17.6],[53.6,17.5899]]]}},{"type":"Feature","properties":{"source_type":"natural","foo_threshold":20},"geometry":{"type":"Polygon","coordinates":[[[47.3,24.7252],[47.2718,24.8],[47.3,24.8118],[47.3,24.7252]]]}},{"type":"Feature","properties":{"source_type":"natural","foo_threshold":20},"geometry":{"type":"Polygon","coordinates":[[[59.7,28.2888],[59.6744,28.3],[59.7,28.3342],[59.7513,28.3],[59.7,28.2888]]]}},{"type":"Feature","properties":{"source_type":"natural","foo_threshold":20},"geometry":{"type":"Polygon","coordinates":[[[50.8,24.6704],[50.7704,24.7],[50.863,24.7],[50.8,24.6704]]]}},{"type":"Feature","properties":{"source_type":"natural","foo_threshold":20},"geometry":{"type":"Polygon","coordinates":[[[51.0,21.68],[50.9656,21.7],[51.0,21.7277],[51.0337,21.7],[51.0,21.68]]]}},{"type":"Feature","properties":{"source_type":"natural","foo_threshold":20},"geometry":{"type":"Polygon","coordinates":[[[48.3,22.1474],[48.3,22.2158],[48.3318,22.2],[48.3,22.1474]]]}},{"type":"Feature","properties":{"source_type":"natural","foo_threshold":20},"geometry":{"type":"Polygon","coordinates":[[[44.8,22.8724],[44.7724,22.9],[44.8,22.9276],[44.8276,22.9],[44.8,22.8724]]]}},{"type":"Feature","properties":{"source_type":"natural","foo_threshold":20},"geometry":{"type":"Polygon","coordinates":[[[48.7,25.4724],[48.6681,25.5],[48.7,25.5243],[48.7249,25.5],[48.7,25.4724]]]}},{"type":"Feature","properties":{"source_type":"natural","foo_threshold":20},"geometry":{"type":"Polygon","coordinates":[[[60.0,25.5658],[59.9664,25.6],[60.0,25.6444],[60.0,25.5658]]]}},{"type":"Feature","properties":{"source_type":"natural","foo_threshold":20},"geometry":{"type":"Polygon","coordinates":[[[46.3,23.4655],[46.2566,23.5],[46.3,23.5106],[46.3,23.4655]]]}},{"type":"Feature","properties":{"source_type":"natural","foo_threshold":20},"geometry":{"type":"Polygon","coordinates":[[[47.3,31.1776],[47.3,31.2489],[47.3264,31.2],[47.3,31.1776]]]}},{"type":"Feature","properties":{"source_type":"natural","foo_threshold":20},"geometry":{"type":"Polygon","coordinates":[[[49.5,26.1901],[49.4677,26.2],[49.5,26.2296],[49.5284,26.2],[49.5,26.1901]]]}},{"type":"Feature","properties":{"source_type":"natural","foo_threshold":20},"geometry":{"type":"Polygon","coordinates":[[[50.9,23.9516],[50.8758,24.0],[50.9,24.0271],[50.9,23.9516]]]}},{"type":"Feature","properties":{"source_type":"natural","foo_threshold":20},"geometry":{"type":"Polygon","coordinates":[[[51.6,17.3901],[51.5645,17.4],[51.6507,17.4],[51.6,17.3901]]]}},{"type":"Feature","properties":{"source_type":"natural","foo_threshold":20},"geometry":{"type":"Polygon","coordinates":[[[55.4,22.6863],[55.3655,22.7],[55.4262,22.7],[55.4,22.6863]]]}},{"type":"Feature","properties":{"source_type":"natural","foo_threshold":20},"geometry":{"type":"Polygon","coordinates":[[[46.5,21.2913],[46.5,21.326],[46.5371,21.3],[46.5,21.2913]]]}},{"type":"Feature","properties":{"source_type":"natural","foo_threshold":20},"geometry":{"type":"Polygon","coordinates":[[[59.9,26.5865],[59.8533,26.6],[59.928,26.6],[59.9,26.5865]]]}},{"type":"Feature","properties":{"source_type":"natural","foo_threshold":20},"geometry":{"type":"Polygon","coordinates":[[[58.8,20.9956],[58.7497,21.0],[58.8,21.0251],[58.8,20.9956]]]}},{"type":"Feature","properties":{"source_type":"natural","foo_threshold":20},"geometry":{"type":"Polygon","coordinates":[[[50.8,17.094],[50.7744,17.1],[50.8,17.1432],[50.8,17.094]]]}},{"type":"Feature","properties":{"source_type":"natural","foo_threshold":20},"geometry":{"type":"Polygon","coordinates":[[[54.7,17.0957],[54.7,17.1382],[54.721,17.1],[54.7,17.0957]]]}},{"type":"Feature","properties":{"source_type":"natural","foo_threshold":20},"geometry":{"type":"Polygon","coordinates":[[[55.1,20.1891],[55.1,20.2196],[55.1297,20.2],[55.1,20.1891]]]}},{"type":"Feature","properties":{"source_type":"natural","foo_threshold":20},"geometry":{"type":"Polygon","coordinates":[[[55.5,32.3924],[55.4658,32.4],[55.5,32.4256],[55.5,32.3924]]]}},{"type":"Feature","properties":{"source_type":"natural","foo_threshold":20},"geometry":{"type":"Polygon","coordinates":[[[50.6,24.9696],[50.5696,25.0],[50.6,25.0068],[50.6,24.9696]]]}},{"type":"Feature","properties":{"source_type":"natural","foo_threshold":20},"geometry":{"type":"Polygon","coordinates":[[[51.2,23.7856],[51.1629,23.8],[51.2,23.8173],[51.2,23.7856]]]}},{"type":"Feature","properties":{"source_type":"natural","foo_threshold":20},"geometry":{"type":"Polygon","coordinates":[[[58.2,30.7887],[58.17,30.8],[58.2233,30.8],[58.2,30.7887]]]}},{"type":"Feature","properties":{"source_type":"natural","foo_threshold":20},"geometry":{"type":"Polygon","coordinates":[[[45.6,22.7762],[45.592,22.8],[45.6238,22.8],[45.6,22.7762]]]}},{"type":"Feature","properties":{"source_type":"natural","foo_threshold":20},"geometry":{"type":"Polygon","coordinates":[[[45.0,23.1815],[44.9709,23.2],[45.0,23.2073],[45.0,23.1815]]]}},{"type":"Feature","properties":{"source_type":"natural","foo_threshold":20},"geometry":{"type":"Polygon","coordinates":[[[50.2,29.8957],[50.2,29.921],[50.221,29.9],[50.2,29.8957]]]}},{"type":"Feature","properties":{"source_type":"natural","foo_threshold":40},"geometry":{"type":"Polygon","coordinates":[[[52.5,27.8169],[52.4,27.9532],[52.0,28.1993],[51.7,28.2874],[51.6,28.23],[51.58,28.3],[51.6118,28.4],[51.796,28.5],[51.8417,28.6],[52.1,28.5916],[52.26,28.5],[52.3,28.2891],[52.5,28.2793],[52.6495,28.2],[52.6622,28.1],[52.7,28.0588],[53.0,28.0896],[53.1267,28.0],[53.1739,27.9],[53.1,27.8282],[52.9,27.8627],[52.8,27.9279],[52.5,27.8169]]]}},{"type":"Feature","properties":{"source_type":"natural","foo_threshold":40},"geometry":{"type":"Polygon","coordinates":[[[58.1,27.2821],[58.0688,27.3],[58.1,27.3353],[58.3,27.4071],[58.4,27.488],[58.4383,27.6],[58.4056,27.7],[58.5,27.7469],[58.7,27.7566],[58.9,27.5403],[59.1,27.5882],[59.2402,27.5],[59.2,27.4248],[59.1,27.3844],[58.9,27.4217],[58.5,27.383],[58.3,27.2384],[58.2,27.2317],[58.1,27.2821]]]}},{"type":"Feature","properties":{"source_type":"natural","foo_threshold":40},"geometry":{"type":"Polygon","coordinates":[[[51.7,27.8996],[51.666,27.9],[51.6,28.0123],[51.5,27.9726],[51.3729,28.1],[51.5,28.272],[51.6,28.195],[51.8,28.1227],[51.9,28.0186],[51.8906,27.9],[51.7,27.8996]]]}},{"type":"Feature","properties":{"source_type":"natural","foo_threshold":40},"geometry":{"type":"Polygon","coordinates":[[[55.1,26.8637],[55.0434,26.9],[55.1491,27.0],[55.1,27.0864],[55.0575,27.1],[55.2753,27.3],[55.37,27.3],[55.4,27.1988],[55.3,27.18],[55.2129,27.1],[55.3,27.0103],[55.4,26.9811],[55.4338,26.9],[55.2,26.8479],[55.1,26.8637]]]}},{"type":"Feature","properties":{"source_type":"natural","foo_threshold":40},"geometry":{"type":"Polygon","coordinates":[[[47.6,26.9967],[47.6944,27.1],[47.7,27.2106],[47.8,27.2264],[47.84,27.2],[47.8596,27.1],[47.8,26.9342],[47.7,26.9178],[47.6,26.9967]]]}},{"type":"Feature","properties":{"source_type":"natural","foo_threshold":40},"geometry":{"type":"Polygon","coordinates":[[[46.9,32.364],[46.8602,32.4],[46.8384,32.5],[46.8961,32.6],[47.0,32.6126],[47.0099,32.5],[47.1,32.4118],[47.2089,32.4],[47.1,32.3595],[46.9,32.364]]]}},{"type":"Feature","properties":{"source_type":"natural","foo_threshold":40},"geometry":{"type":"Polygon","coordinates":[[[50.2,16.1956],[50.1733,16.3],[50.5,16.3521],[50.5427,16.3],[50.5,16.1794],[50.4,16.2608],[50.2,16.1956]]]}},{"type":"Feature","properties":{"source_type":"natural","foo_threshold":40},"geometry":{"type":"Polygon","coordinates":[[[49.2,30.2624],[49.1503,30.3],[49.2,30.3017],[49.296,30.4],[49.3,30.5007],[49.4,30.4147],[49.4234,30.3],[49.4,30.2523],[49.3,30.2317],[49.2,30.2624]]]}},{"type":"Feature","properties":{"source_type":"natural","foo_threshold":40},"geometry":{"type":"Polygon","coordinates":[[[51.4,28.3979],[51.3612,28.5],[51.4,28.5588],[51.5569,28.5],[51.5913,28.4],[51.5,28.317],[51.4,28.3979]]]}},{"type":"Feature","properties":{"source_type":"natural","foo_threshold":40},"geometry":{"type":"Polygon","coordinates":[[[57.2,31.4947],[57.3,31.5835],[57.4698,31.5],[57.4,31.4234],[57.2,31.4947]]]}},{"type":"Feature","properties":{"source_type":"natural","foo_threshold":40},"geometry":{"type":"Polygon","coordinates":[[[54.2,28.32],[54.1482,28.4],[54.2,28.5067],[54.3425,28.4],[54.3,28.3502],[54.2,28.32]]]}},{"type":"Feature","properties":{"source_type":"natural","foo_threshold":40},"geometry":{"type":"Polygon","coordinates":[[[49.9,30.5958],[49.8421,30.7],[49.9,30.7112],[49.9882,30.8],[50.0,30.8513],[50.0099,30.7],[49.9,30.5958]]]}},{"type":"Feature","properties":{"source_type":"natural","foo_threshold":40},"geometry":{"type":"Polygon","coordinates":[[[51.9,28.308],[51.9885,28.4],[51.9,28.4885],[51.8115,28.4],[51.9,28.308]]]}},{"type":"Feature","properties":{"source_type":"natural","foo_threshold":40},"geometry":{"type":"Polygon","coordinates":[[[45.7,27.5927],[45.8,27.6174],[45.9,27.7219],[45.9219,27.7],[45.9,27.5785],[45.7,27.5927]]]}},{"type":"Feature","properties":{"source_type":"natural","foo_threshold":40},"geometry":{"type":"Polygon","coordinates":[[[45.9,29.7796],[45.805,29.8],[46.0,29.8338],[46.1627,29.8],[45.9,29.7796]]]}},{"type":"Feature","properties":{"source_type":"natural","foo_threshold":40},"geometry":{"type":"Polygon","coordinates":[[[59.4,27.2768],[59.4,27.3038],[59.5,27.3314],[59.5442,27.3],[59.5,27.2215],[59.4,27.2768]]]}},{"type":"Feature","properties":{"source_type":"natural","foo_threshold":40},"geometry":{"type":"Polygon","coordinates":[[[58.1,28.2888],[58.0682,28.3],[58.1,28.3415],[58.2,28.3427],[58.2213,28.3],[58.2,28.2771],[58.1,28.2888]]]}},{"type":"Feature","properties":{"source_type":"natural","foo_threshold":40},"geometry":{"type":"Polygon","coordinates":[[[56.0,27.4824],[55.945,27.5],[56.2,27.5302],[56.2295,27.5],[56.0,27.4824]]]}},{"type":"Feature","properties":{"source_type":"natural","foo_threshold":40},"geometry":{"type":"Polygon","coordinates":[[[55.8,27.6914],[55.8,27.7173],[55.9,27.7326],[55.9335,27.7],[55.9,27.6747],[55.8,27.6914]]]}},{"type":"Feature","properties":{"source_type":"natural","foo_threshold":40},"geometry":{"type":"Polygon","coordinates":[[[50.4,29.9859],[50.3969,30.1],[50.4365,30.1],[50.4,29.9859]]]}},{"type":"Feature","properties":{"source_type":"natural","foo_threshold":40},"geometry":{"type":"Polygon","coordinates":[[[55.0,27.4605],[54.9645,27.5],[55.0,27.5235],[55.0669,27.5],[55.0,27.4605]]]}},{"type":"Feature","properties":{"source_type":"natural","foo_threshold":40},"geometry":{"type":"Polygon","coordinates":[[[54.2,28.0886],[54.152,28.1],[54.2,28.16],[54.24,28.1],[54.2,28.0886]]]}},{"type":"Feature","properties":{"source_type":"natural","foo_threshold":40},"geometry":{"type":"Polygon","coordinates":[[[54.9,27.67],[54.8509,27.7],[54.9,27.7318],[54.9,27.67]]]}},{"type":"Feature","properties":{"source_type":"natural","foo_threshold":40},"geometry":{"type":"Polygon","coordinates":[[[48.6,19.7695],[48.5521,19.8],[48.6,19.8305],[48.6,19.7695]]]}},{"type":"Feature","properties":{"source_type":"natural","foo_threshold":40},"geometry":{"type":"Polygon","coordinates":[[[44.7,22.6885],[44.6478,22.7],[44.7,22.7115],[44.7,22.6885]]]}},{"type":"Feature","properties":{"source_type":"natural","foo_threshold":40},"geometry":{"type":"Polygon","coordinates":[[[54.4,17.2922],[54.3591,17.3],[54.4241,17.3],[54.4,17.2922]]]}},{"type":"Feature","properties":{"source_type":"natural","foo_threshold":40},"geometry":{"type":"Polygon","coordinates":[[[46.3,32.8968],[46.2575,32.9],[46.3,32.9179],[46.3,32.8968]]]}},{"type":"Feature","properties":{"source_type":"natural","foo_threshold":40},"geometry":{"type":"Polygon","coordinates":[[[49.4,30.994],[49.3518,31.0],[49.4381,31.0],[49.4,30.994]]]}},{"type":"Feature","properties":{"source_type":"anthro","foo_threshold":10},"geometry":{"type":"Polygon","coordinates":[[[47.8,21.4859],[47.7,21.5094],[47.6651,21.7],[47.5524,21.8],[47.6,21.8476],[47.7,21.8356],[47.7657,21.9],[47.7671,22.0],[47.8625,22.1],[47.8961,22.3],[47.858,22.7],[47.9416,22.8],[48.0,22.9764],[48.0336,23.0],[47.9664,23.2],[47.9546,23.5],[47.8511,23.6],[47.9678,23.7],[47.945,23.8],[47.9836,23.9],[47.9764,24.0],[47.9,24.0465],[47.8,24.062],[47.7,24.0238],[47.6,24.0692],[47.5,23.9749],[47.4,24.0961],[47.2,24.0467],[47.0939,24.1],[47.1664,24.0],[47.0811,23.8],[47.1,23.7575],[47.2,23.7562],[47.2185,23.7],[47.2,23.6438],[47.1,23.6233],[47.0992,23.5],[47.1587,23.4],[47.0683,23.3],[47.0638,23.2],[46.9153,23.1],[46.945,22.9],[46.9067,22.7],[46.813,22.6],[46.8,22.5435],[46.5,22.2442],[46.4585,22.4],[46.5,22.4877],[46.6,22.5024],[46.6847,22.6],[46.6613,22.7],[46.7826,22.8],[46.7474,22.9],[46.7,22.9438],[46.6,22.8421],[46.5,22.9358],[46.4358,23.0],[46.5507,23.1],[46.5,23.1441],[46.3666,23.0],[46.3646,22.9],[46.3,22.8354],[46.2,22.8335],[46.1335,22.9],[46.1585,23.1],[46.1,23.1631],[46.0,23.1678],[45.9,23.255],[45.8215,23.2],[45.8185,23.1],[45.7,22.9678],[45.6678,23.0],[45.6805,23.1],[45.4519,23.3],[45.574,23.4],[45.5847,23.5],[45.5,23.5671],[45.4425,23.5],[45.4381,23.4],[45.4,23.3619],[45.3,23.3692],[45.213,23.3],[45.3336,23.2],[45.3512,23.1],[45.4508,23.0],[45.4387,22.9],[45.5559,22.8],[45.5343,22.7],[45.4,22.5836],[45.2,22.555],[45.1516,22.5],[45.2,22.4472],[45.4,22.4205],[45.5106,22.3],[45.4,22.2767],[45.3153,22.2],[45.3,22.0947],[45.2,22.1805],[45.1106,22.1],[45.113,22.0],[45.1858,21.9],[45.1,21.7519],[44.8,21.7271],[44.755,21.9],[44.6836,22.0],[44.6847,22.1],[44.6,22.2024],[44.4,22.1767],[44.3,22.2847],[44.2381,22.2],[44.2619,22.1],[44.3,22.0568],[44.5,22.0671],[44.6276,21.9],[44.6,21.8724],[44.4,21.8678],[44.2,21.947],[44.1,22.0343],[44.0,22.0438],[43.8,21.9499],[43.7499,22.0],[43.8421,22.1],[43.8364,22.3],[43.8,22.3255],[43.7,22.2243],[43.6243,22.3],[43.6354,22.5],[43.7,22.5646],[43.8,22.5673],[43.9,22.4745],[44.0,22.5425],[44.2,22.5869],[44.5,22.5454],[44.5924,22.5],[44.6,22.3638],[44.7,22.4141],[44.7523,22.3],[44.9,22.1501],[44.9664,22.2],[44.9302,22.4],[44.8393,22.5],[44.8,22.5316],[44.6,22.5024],[44.5266,22.6],[44.6,22.6734],[44.7,22.6732],[44.7276,22.7],[44.6272,22.8],[44.6255,22.9],[44.7,22.9745],[44.8,22.8648],[45.0,23.0415],[45.1,22.8562],[45.155,22.9],[45.1511,23.1],[44.9541,23.3],[44.9546,23.4],[45.0847,23.5],[45.1,23.5527],[45.1153,23.5],[45.2,23.4233],[45.2565,23.5],[45.2,23.5815],[45.1416,23.6],[45.3,23.8277],[45.5,23.9039],[45.6,23.8276],[45.6882,23.9],[45.6608,24.2],[45.6,24.2815],[45.4776,24.3],[45.4776,24.4],[45.5619,24.5],[45.5,24.5463],[45.1,24.5708],[44.9276,24.4],[45.0,24.3404],[45.1,24.4533],[45.3,24.4195],[45.3205,24.3],[45.5053,24.1],[45.4039,24.0],[45.4,23.948],[45.0,24.024],[44.8,24.24],[44.7,24.2348],[44.6444,24.4],[44.574,24.5],[44.6657,24.6],[44.6,24.6724],[44.4,24.6826],[44.3,24.7613],[44.2,24.7532],[44.1,24.674],[44.0,24.6685],[43.8381,24.8],[43.9,24.8619],[44.1,24.8571],[44.1488,24.9],[44.0467,25.0],[44.0341,25.2],[44.0,25.245],[43.9,25.2444],[43.8,25.3457],[43.7,25.3444],[43.6,25.2596],[43.5,25.2815],[43.4644,25.4],[43.4,25.4644],[43.3,25.3149],[43.1859,25.3],[43.12,25.2],[43.3,25.1809],[43.3224,25.1],[43.2,24.9536],[43.1,25.0657],[42.9,25.0441],[42.8174,25.0],[42.9367,24.9],[42.8,24.87],[42.7392,24.8],[42.8,24.7485],[43.0504,24.7],[42.9,24.5859],[42.8,24.5847],[42.7,24.6477],[42.6,24.6243],[42.6,24.5514],[42.6514,24.5],[42.4029,24.5],[42.3543,24.6],[42.36,24.7],[42.5,24.7981],[42.57,24.8],[42.6,24.86],[42.5882,25.0],[42.4,25.1907],[42.3195,25.1],[42.3,25.0179],[42.2,25.0257],[42.1805,25.1],[42.1,25.1591],[41.8,25.1467],[41.645,25.0],[41.7,24.945],[41.8,24.9387],[41.9,24.8093],[42.0,24.9362],[42.1,24.8788],[42.2,24.865],[42.2753,24.8],[42.2,24.61],[42.1,24.6724],[41.9713,24.7],[41.9,24.7633],[41.6236,24.7],[41.6267,24.5],[41.5663,24.3],[41.3,24.2513],[41.2,24.3689],[41.1716,24.5],[41.3,24.5508],[41.3438,24.6],[41.3067,24.7],[41.4,24.7267],[41.5,24.644],[41.5961,24.7],[41.457,24.8],[41.4,24.8811],[41.4596,25.0],[41.4,25.0882],[41.3,25.1194],[41.195,25.3],[41.1187,25.5],[41.2133,25.6],[41.1582,25.7],[41.0,25.7847],[40.9,25.7783],[40.8,25.716],[40.8665,25.6],[40.9067,25.4],[40.8,25.361],[40.7,25.3801],[40.5,25.5121],[40.4207,25.6],[40.527,25.7],[40.5,25.7675],[40.3,25.7126],[40.2044,25.8],[40.3036,25.9],[40.3,25.94],[40.2,25.9044],[39.9,26.112],[39.7089,26.3],[39.7,26.38],[39.5062,26.3],[39.5255,26.2],[39.5,26.1747],[39.4733,26.2],[39.492,26.3],[39.4462,26.4],[39.5,26.4646],[39.7,26.4046],[39.8,26.524],[39.9,26.7186],[40.072,26.7],[40.0447,26.6],[40.1,26.5447],[40.2,26.5289],[40.2711,26.6],[40.2,26.6194],[40.105,26.7],[40.2025,26.8],[40.2294,26.9],[40.3,26.956],[40.544,27.0],[40.6,27.08],[40.7031,27.1],[40.756,27.2],[40.756,27.3],[40.8,27.3236],[40.9,27.304],[41.0,27.1573],[41.1,27.1133],[41.2,27.2511],[41.3054,27.3],[41.1486,27.4],[41.5,27.756],[41.666,27.6],[41.7309,27.6],[41.7489,27.7],[41.6189,27.8],[41.7495,27.9],[41.7617,28.0],[41.7,28.1486],[41.6,28.215],[41.5,28.2126],[41.4,28.1427],[41.3,28.1336],[40.8494,28.4],[40.9494,28.5],[40.88,28.7],[40.942,28.8],[40.9,28.8933],[40.7829,29.0],[40.9522,29.2],[40.9,29.2671],[40.7617,29.3],[40.9,29.3256],[41.0179,29.4],[40.9467,29.6],[41.2,29.6371],[41.2367,29.7],[41.1,29.7042],[40.8693,29.8],[41.0,29.8493],[41.0374,29.9],[40.958,30.0],[41.0,30.042],[41.1,30.0497],[41.2,29.9666],[41.3,30.0614],[41.4,30.0617],[41.4305,30.1],[41.2685,30.3],[41.3405,30.4],[41.2749,30.5],[41.3,30.5251],[41.5,30.5663],[41.5663,30.5],[41.4595,30.4],[41.5,30.3537],[41.7,30.3519],[41.8,30.2393],[41.9,30.3375],[42.0174,30.2],[42.1,30.1512],[42.157,30.2],[42.1555,30.3],[42.2429,30.4],[42.1,30.5499],[42.0,30.5732],[41.9,30.6732],[41.8,30.5608],[41.7,30.6354],[41.6,30.5334],[41.5334,30.6],[41.5,30.7481],[41.4,30.6413],[41.3,30.6625],[41.2,30.7767],[41.1,30.787],[41.0,30.6894],[40.9,30.6859],[40.8009,30.6],[40.7867,30.5],[40.7805,30.8],[40.6008,30.9],[40.66,31.0],[40.54,31.1],[40.6338,31.2],[40.5,31.33],[40.4,31.3093],[40.26,31.4],[40.335,31.5],[40.4,31.5325],[40.5,31.428],[40.6,31.4482],[40.9,31.6205],[41.0,31.5387],[41.1,31.5409],[41.2,31.4404],[41.3,31.5612],[41.4,31.5617],[41.4617,31.5],[41.4619,31.3],[41.5,31.2381],[41.6,31.2425],[41.7,31.1568],[42.0,31.1565],[42.0565,31.1],[42.0559,31.0],[42.163,30.9],[42.1425,30.8],[42.2,30.7587],[42.2429,30.8],[42.2454,30.9],[42.3,30.9546],[42.4,30.8547],[42.6,30.8327],[42.6327,30.8],[42.5,30.6484],[42.4,30.6484],[42.3523,30.6],[42.542,30.5],[42.5,30.458],[42.4,30.4474],[42.3571,30.4],[42.5,30.2362],[42.6,30.2336],[42.6708,30.3],[42.6664,30.4],[42.7,30.4336],[42.8,30.4463],[42.8374,30.5],[42.7463,30.6],[42.7565,30.7],[42.8,30.7435],[42.9671,30.6],[42.953,30.4],[43.0,30.3562],[43.5,30.365],[43.6646,30.2],[43.5,30.0532],[43.2,30.057],[43.1,30.2429],[43.0,30.2438],[42.9614,30.2],[42.9603,30.1],[42.8658,30.0],[42.9,29.9369],[43.3,29.961],[43.4,29.8533],[43.5,29.9543],[43.5543,29.9],[43.553,29.8],[43.355,29.6],[43.3468,29.5],[43.4,29.4468],[43.4519,29.5],[43.4438,29.6],[43.5,29.6562],[43.6,29.544],[43.7,29.5476],[43.9,29.3574],[44.2,29.3512],[44.2512,29.3],[44.2636,29.2],[44.4,29.0632],[44.4481,29.1],[44.4528,29.2],[44.5,29.2472],[44.6,29.2476],[44.8,29.0676],[44.9,29.071],[44.971,29.0],[44.9568,28.9],[45.0,28.842],[45.1,28.955],[45.155,28.9],[45.1454,28.7],[45.2,28.6404],[45.2511,28.7],[45.2379,28.8],[45.3,28.8621],[45.4,28.8668],[45.5666,28.7],[45.4634,28.6],[45.4628,28.5],[45.269,28.3],[45.3,28.272],[45.4,28.2656],[45.4356,28.3],[45.4316,28.4],[45.5332,28.5],[45.5272,28.6],[45.6332,28.7],[45.6381,28.8],[45.7,28.8619],[46.0,28.867],[46.1,28.9665],[46.2,28.9657],[46.3,29.0592],[46.7,29.0315],[47.0,29.0585],[47.1,28.9598],[47.4,28.9493],[47.5463,28.8],[47.5574,28.7],[47.6,28.6459],[47.8,28.443],[48.2,28.4497],[48.4,28.4053],[48.4153,28.3],[48.5425,28.2],[48.5215,28.1],[48.7205,27.9],[48.7284,27.7],[48.9,27.5106],[49.1,27.5106],[49.2276,27.4],[49.2292,27.2],[49.3,27.1329],[49.4268,27.1],[49.4511,27.0],[49.4,26.9343],[49.1732,27.0],[49.1805,27.1],[49.0805,27.2],[49.0785,27.3],[49.0,27.4036],[48.8,27.3785],[48.7,27.4575],[48.5,27.4596],[48.4501,27.4],[48.6185,27.2],[48.608,27.1],[48.4657,27.0],[48.6,26.9024],[48.7,26.9233],[48.7233,26.9],[48.6268,26.8],[48.6559,26.6],[48.8678,26.4],[48.8663,26.3],[48.8,26.2337],[48.7,26.3377],[48.5,26.1671],[48.2,26.1463],[48.1,26.0532],[47.9,26.2341],[47.7454,26.2],[47.8268,26.1],[47.8445,26.0],[47.9,25.9404],[48.03,25.9],[48.1,25.7892],[48.1153,25.7],[48.4,25.4195],[48.6,25.4315],[48.6315,25.4],[48.5,25.2664],[48.4,25.2785],[48.3268,25.2],[48.308,25.0],[48.4093,24.9],[48.4,24.76],[48.4031,24.8],[48.5164,24.8],[48.5024,24.5],[48.5336,24.3],[48.5,24.2185],[48.3,24.2044],[48.365,24.1],[48.296,24.0],[48.5,23.8217],[48.5242,23.7],[48.5024,23.5],[48.6185,23.4],[48.5387,23.2],[48.4375,23.1],[48.435,22.7],[48.33,22.6],[48.3356,22.5],[48.4242,22.4],[48.2409,22.2],[48.2315,22.1],[48.3514,22.0],[48.1,21.7724],[48.0,21.8685],[47.9336,21.8],[47.9292,21.7],[47.83,21.6],[47.8,21.4859]]]}},{"type":"Feature","properties":{"source_type":"anthro","foo_threshold":10},"geometry":{"type":"Polygon","coordinates":[[[46.2,32.9258],[46.1258,33.0],[46.1271,33.1],[46.2,33.1729],[46.3317,33.2],[46.3413,33.3],[46.3,33.3304],[46.2,33.3302],[46.1302,33.4],[46.136,33.5],[46.1,33.5368],[45.8,33.5426],[45.7426,33.6],[45.8427,33.7],[45.8524,33.9],[45.8,33.9346],[45.7,33.93],[45.5266,34.1],[45.6289,34.2],[45.425,34.4],[45.4341,34.7],[45.5418,34.8],[45.5441,34.9],[45.6503,35.0],[45.6,35.0519],[45.5,34.9421],[45.3,34.9507],[45.2,35.0657],[44.9,35.0492],[44.7,35.24],[44.6,35.1372],[44.5,35.1356],[44.4,35.2356],[44.335,35.2],[44.4425,35.1],[44.4523,35.0],[44.4,34.9477],[44.3,34.9528],[44.1826,35.1],[44.2112,35.3],[44.4386,35.4],[44.2,35.6907],[43.9,35.8477],[43.8,35.8495],[43.7,35.9585],[43.5,35.9631],[43.3,35.7447],[43.2447,35.8],[43.2421,35.9],[43.1,36.0418],[42.9,36.0368],[42.7,36.2555],[42.6,36.2474],[42.5,36.3379],[42.4,36.3339],[42.3,36.4379],[42.2,36.336],[42.0,36.34],[41.9,36.44],[41.7,36.4488],[41.6,36.5438],[41.5,36.5515],[41.2671,36.3],[41.2646,35.9],[41.3702,35.8],[41.3619,35.6],[41.3,35.5381],[41.2381,35.6],[41.2402,35.7],[41.0,35.8447],[40.9435,35.8],[40.9343,35.7],[40.5392,35.3],[40.559,35.2],[40.4656,35.1],[40.8543,34.7],[40.9,34.667],[41.0,34.6648],[41.0648,34.6],[41.0681,34.5],[41.1,34.4696],[41.2,34.5703],[41.8,34.5472],[42.0,34.5106],[42.0,34.405],[41.9,34.4685],[41.8,34.4528],[41.7,34.3795],[41.6,34.4467],[41.5,34.3613],[41.1,34.3304],[40.8,34.3427],[40.7,34.233],[40.6,34.2441],[40.5,34.1444],[40.4,34.1441],[40.3,34.0488],[40.1,34.0372],[39.9,33.845],[39.8,33.845],[39.7,33.7467],[39.5,33.7651],[39.3,33.5541],[39.2,33.5519],[39.1,33.474],[39.0,33.4961],[38.9,33.3758],[38.7074,33.4],[38.9,33.5264],[39.0,33.5371],[39.024,33.7],[38.9,33.807],[38.6,33.8836],[38.5,33.8533],[38.4,33.7658],[38.2,33.8065],[38.1651,33.9],[38.2,33.935],[38.4,33.9387],[38.4488,34.0],[38.4732,34.2],[38.4,34.2732],[38.3056,34.3],[38.4,34.3268],[38.6,34.308],[38.8,34.5756],[38.9,34.6093],[39.0,34.5435],[39.2,34.764],[39.4,34.7579],[39.5,34.8614],[39.9,34.842],[40.0,34.7598],[40.1,34.7605],[40.2,34.663],[40.3,34.6568],[40.4625,34.8],[40.4,34.832],[40.3,34.9585],[40.2,34.9619],[40.1619,35.0],[40.1499,35.1],[40.1,35.1386],[40.0,35.1435],[39.9435,35.2],[39.9524,35.3],[39.8,35.4499],[39.6,35.4457],[39.4623,35.3],[39.4619,35.1],[39.4,35.0381],[39.3,35.0324],[39.2,35.126],[38.9,35.1287],[38.8592,35.1],[38.8508,35.0],[38.8,34.9492],[38.4,35.002],[38.2177,34.9],[38.2,34.7892],[38.0,34.7121],[37.6,34.658],[37.5485,34.6],[37.5623,34.5],[37.5,34.4377],[37.3,34.4426],[37.2,34.3594],[37.1,34.3585],[37.0292,34.3],[37.0,34.1867],[36.9,34.2732],[36.7768,34.3],[36.7,34.3862],[36.61,34.4],[36.9,34.4489],[37.1432,34.8],[37.2,34.8409],[37.4,34.8509],[37.4208,34.9],[37.23,35.0],[37.3191,35.1],[37.1,35.248],[37.0,35.2776],[36.8,35.1914],[36.7024,35.3],[36.8317,35.4],[36.7887,35.5],[36.836,35.7],[36.815,35.8],[36.9,35.868],[37.1,35.8715],[37.16,35.9],[37.0729,36.0],[37.096,36.2],[37.3,36.516],[37.3933,36.6],[37.694,36.7],[37.8,36.8026],[37.9,36.7869],[38.0,36.7104],[38.0933,36.8],[38.1071,36.9],[38.2,36.9639],[38.4,36.8946],[38.4946,36.8],[38.5,36.5985],[38.7,36.6544],[39.0,36.6289],[39.0217,36.8],[39.1,36.8817],[39.1435,36.7],[39.2,36.6636],[39.3,36.6728],[39.4,36.76],[39.6,36.7612],[39.656,36.8],[39.5591,36.9],[39.6,37.1514],[39.6133,37.1],[39.7216,37.0],[39.744,36.8],[39.8,36.7579],[39.9,36.7881],[40.3,36.7592],[40.4856,36.8],[40.6495,37.1],[40.5764,37.2],[40.64,37.3],[40.7156,37.3],[40.8,37.2282],[41.0,37.1591],[41.4,37.118],[41.8,37.1633],[42.0,37.0657],[42.2,37.0452],[42.34,37.1],[42.5,37.1152],[42.8,36.9107],[43.0,36.8665],[43.5,36.5859],[43.6781,36.6],[43.8,36.6633],[44.14,36.6],[44.2372,36.5],[44.2035,36.4],[44.3,36.2809],[44.5,36.1695],[44.7,36.0931],[44.8,36.0872],[44.9606,36.0],[44.9993,35.9],[44.9944,35.7],[45.3,35.435],[45.4,35.4024],[45.5,35.4686],[45.7,35.4669],[45.8441,35.4],[45.9422,34.9],[46.0253,34.8],[46.0171,34.7],[45.9247,34.6],[45.9315,34.4],[46.0015,34.3],[45.9654,34.1],[46.0,33.9664],[46.0503,33.9],[46.0572,33.8],[46.4635,33.5],[46.5747,33.3],[46.5,33.2657],[46.4683,33.2],[46.4714,33.1],[46.4,33.0286],[46.3,33.0264],[46.2,32.9258]]]}},{"type":"Feature","properties":{"source_type":"anthro","foo_threshold":10},"geometry":{"type":"Polygon","coordinates":[[[51.2,28.537],[51.137,28.6],[51.129,28.8],[51.1,28.8302],[51.0,28.8324],[50.9324,28.9],[50.9314,29.0],[50.8,29.1427],[50.7,29.1499],[50.6499,29.2],[50.8208,29.4],[50.7,29.4368],[50.6368,29.5],[50.6293,29.8],[50.6,29.8222],[50.5692,29.8],[50.5595,29.7],[50.5,29.6405],[50.4405,29.7],[50.4308,29.8],[50.3,29.8297],[50.2297,29.9],[50.1314,30.0],[50.1341,30.1],[49.9346,30.3],[49.8,30.329],[49.763,30.3],[49.7619,30.2],[49.7,30.1381],[49.6,30.1356],[49.5356,30.2],[49.536,30.3],[49.4316,30.4],[49.6,30.5644],[49.7,30.5634],[49.8,30.6696],[49.9,30.5775],[50.0233,30.7],[50.0379,31.0],[50.0,31.0379],[49.9,31.0339],[49.8681,31.0],[49.9721,30.9],[49.9787,30.8],[49.9,30.7213],[49.8,30.7258],[49.5,31.0262],[49.3,31.0251],[49.2689,31.0],[49.3,30.9632],[49.4,30.9689],[49.5699,30.8],[49.5656,30.7],[49.5,30.6344],[49.4,30.735],[49.3,30.6362],[49.1,30.6507],[49.0,30.5418],[48.9,30.6519],[48.8415,30.6],[48.8642,30.4],[48.813,30.3],[48.8646,30.1],[48.8,30.0354],[48.7,30.0867],[48.6,30.0415],[48.5,29.8565],[48.3492,30.0],[48.3444,30.2],[48.3,30.2515],[48.2,30.2441],[48.1,30.3457],[48.0,30.3379],[47.8532,30.5],[48.0,30.6329],[48.0329,30.6],[48.0362,30.5],[48.1,30.4543],[48.2,30.4526],[48.2692,30.5],[48.2591,30.8],[48.0441,31.0],[48.0432,31.2],[48.0,31.2515],[47.9565,31.2],[47.9587,31.1],[47.8,30.9405],[47.7,30.9413],[47.6413,31.0],[47.6541,31.2],[47.7214,31.3],[47.7157,31.4],[47.7734,31.6],[47.7,31.6243],[47.6,31.5806],[47.4929,31.4],[47.4,31.3671],[47.3,31.4432],[47.2435,31.4],[47.2571,31.2],[47.2,31.0105],[47.116,31.0],[47.1,30.96],[47.0,31.0087],[46.7567,31.0],[46.8,31.0039],[46.8716,31.1],[46.8495,31.5],[46.7511,31.6],[46.8474,31.7],[46.8441,31.8],[46.9,31.8559],[47.1,31.6533],[47.2,31.7562],[47.4,31.7537],[47.5,31.644],[47.6,31.7435],[47.7,31.7468],[47.8,31.8445],[47.9,31.8308],[48.1,31.6322],[48.2,31.6329],[48.3,31.5375],[48.3767,31.6],[48.3907,31.7],[48.3,31.774],[48.2,31.7585],[48.1,31.8481],[48.0,31.8678],[47.9,32.01],[47.7,31.9511],[47.5383,32.1],[47.5366,32.2],[47.3,32.4288],[47.1,32.4239],[47.0239,32.5],[47.0408,32.8],[47.1,32.8592],[47.1592,32.8],[47.169,32.7],[47.2,32.6703],[47.246,32.7],[47.2758,32.8],[47.1,32.9528],[47.0,32.8408],[46.9,32.847],[46.8,32.9528],[46.7,32.9447],[46.6447,33.0],[46.646,33.1],[46.5585,33.2],[46.6,33.28],[46.9,33.2433],[47.0665,33.1],[47.3,32.97],[47.354,33.0],[47.3931,33.1],[47.2126,33.2],[47.1,33.3629],[47.0213,33.4],[47.3,33.4649],[47.7,33.2165],[47.9,33.1828],[47.9788,33.1],[48.003,32.9],[48.3,32.8457],[48.6,32.8764],[48.7,32.8169],[48.7424,32.7],[48.8,32.6503],[49.2,32.4993],[49.4487,32.3],[49.9,32.0389],[49.998,31.9],[49.9234,31.7],[50.0502,31.5],[50.1823,31.1],[50.5,31.0181],[50.8,30.8084],[50.8735,30.5],[50.9,30.4819],[51.3,30.4404],[51.5,30.3224],[51.6182,30.2],[51.5995,30.0],[51.6388,29.9],[51.8,29.6504],[51.9,29.5907],[52.1467,29.3],[52.2753,29.1],[52.2724,29.0],[52.3,28.9747],[52.5075,29.1],[52.5983,29.0],[52.5358,28.9],[52.635,28.8],[52.8,28.7209],[52.9193,28.8],[52.924,28.9],[53.2,28.9362],[53.2477,29.0],[53.2495,29.1],[53.3,29.1505],[53.4,29.126],[53.4356,29.0],[53.5,28.9576],[53.7,28.9623],[53.8728,28.8],[53.8707,28.6],[53.8,28.5293],[53.5,28.8424],[53.4,28.8435],[53.353,28.8],[53.3404,28.6],[53.3,28.5596],[53.1499,28.7],[53.155,28.8],[53.1,28.8685],[53.026,28.8],[53.0489,28.7],[52.9,28.5638],[52.7,28.547],[52.6,28.6503],[51.8,28.6239],[51.7,28.5279],[51.5,28.5301],[51.4,28.6301],[51.3,28.5274],[51.2,28.537]]]}},{"type":"Feature","properties":{"source_type":"anthro","foo_threshold":10},"geometry":{"type":"Polygon","coordinates":[[[46.9,13.9789],[46.8669,14.0],[46.8499,14.2],[46.5746,14.3],[46.7,14.3174],[46.8,14.443],[46.9,14.4782],[47.0,14.3215],[47.0805,14.4],[46.7947,14.6],[46.8808,14.7],[46.8524,15.0],[46.8961,15.1],[46.9371,15.1],[47.0,14.9733],[47.1,14.9046],[47.3,15.0674],[47.3582,15.3],[47.3,15.3914],[47.22,15.3],[47.21,15.2],[47.1,15.1291],[47.0533,15.2],[47.0447,15.3],[47.0,15.3194],[46.9537,15.4],[47.0,15.4463],[47.1,15.4703],[47.3,15.4009],[47.5,15.417],[47.7033,15.5],[47.8,15.6224],[48.0,15.644],[48.1874,15.6],[48.1505,15.5],[48.192,15.4],[48.4,15.3674],[48.5,15.2976],[48.6,15.3589],[48.7,15.326],[48.7925,15.4],[48.82,15.5],[48.9,15.5686],[49.0,15.5323],[49.1,15.57],[49.1213,15.6],[49.068,15.7],[49.0855,15.8],[49.1,15.8533],[49.2,15.9533],[49.2533,15.9],[49.2707,15.7],[49.3,15.6853],[49.5,15.7424],[49.8,15.6768],[49.9743,15.8],[49.7642,15.9],[49.7,16.0771],[49.4,16.0733],[49.3467,16.1],[49.4,16.14],[49.7,16.1123],[49.7224,16.2],[49.8,16.2381],[49.9,16.1505],[50.0,16.1392],[50.1,16.0381],[50.3,16.0481],[50.4,15.9369],[50.5,15.9308],[50.5308,15.9],[50.5,15.835],[50.3,15.7746],[50.072,15.8],[50.0032,15.7],[50.1374,15.6],[49.92,15.5],[49.9935,15.3],[49.8,15.1176],[49.7,15.0907],[49.6,14.9933],[49.5,14.9976],[49.4,15.0625],[49.1,15.0732],[49.0476,15.0],[49.1,14.9409],[49.3,14.93],[49.33,14.9],[49.3,14.87],[49.1,14.8591],[48.9,14.7689],[48.7,14.7525],[48.6,14.8415],[48.5,14.836],[48.3424,14.7],[48.1,14.692],[48.0,14.5732],[47.9,14.5474],[47.7,14.5644],[47.6,14.6708],[47.5375,14.6],[47.5,14.4732],[47.3,14.5218],[47.2,14.5024],[47.1195,14.4],[47.1268,14.3],[47.0269,14.1],[47.0371,14.0],[47.0,13.9726],[46.9,13.9789]]]}},{"type":"Feature","properties":{"source_type":"anthro","foo_threshold":10},"geometry":{"type":"Polygon","coordinates":[[[44.5,31.5324],[44.3444,31.7],[44.3532,32.0],[44.2519,32.1],[44.2847,32.3],[44.0613,32.5],[44.1,32.6053],[44.2233,32.6],[44.2309,32.7],[44.1776,32.8],[44.1907,32.9],[43.9,33.1724],[43.8,33.158],[43.7,33.245],[43.6,33.1388],[43.4,33.1335],[43.1,33.4262],[43.0,33.426],[42.926,33.5],[43.0,33.574],[43.2,33.5742],[43.3,33.4726],[43.4,33.5668],[43.5,33.4556],[43.7911,33.4],[43.9,33.2794],[44.012,33.3],[44.2,33.08],[44.3,33.1153],[44.3631,33.2],[44.387,33.3],[44.3,33.387],[44.1,33.428],[44.1,33.56],[44.2,33.52],[44.6,33.66],[44.6362,33.5],[44.5174,33.4],[44.5233,33.3],[44.6,33.2381],[44.8,33.26],[44.9512,33.1],[45.0024,33.0],[44.9,32.9463],[44.8,32.988],[44.7,32.8991],[44.6,32.9894],[44.5093,32.9],[44.632,32.7],[44.768,32.7],[44.8,32.8633],[45.1,32.8053],[45.3,32.8141],[45.3322,32.7],[45.4,32.6292],[45.7,32.6497],[45.8,32.5565],[45.9,32.6489],[46.1,32.6508],[46.1508,32.6],[46.1,32.5492],[46.0,32.5503],[45.9,32.4447],[45.8,32.4435],[45.7519,32.4],[45.7493,32.2],[45.7,32.1507],[45.4,32.17],[45.3,32.2591],[45.2,32.255],[45.155,32.3],[45.158,32.4],[45.2,32.442],[45.3,32.443],[45.3638,32.5],[45.1,32.7947],[45.0,32.792],[44.9174,32.7],[45.0336,32.6],[45.0308,32.4],[44.913,32.3],[45.2,32.0398],[45.3,32.0415],[45.3415,32.0],[45.3481,31.9],[45.3,31.8519],[45.2,31.8484],[45.0,32.07],[44.9,32.0767],[44.8,31.9708],[44.7,31.9716],[44.6369,31.9],[44.6644,31.6],[44.6,31.5356],[44.5,31.5324]]]}},{"type":"Feature","properties":{"source_type":"anthro","foo_threshold":10},"geometry":{"type":"Polygon","coordinates":[[[43.9,18.2925],[43.8,18.3467],[43.6116,18.6],[43.6321,18.7],[43.5571,18.9],[43.6716,19.1],[43.6638,19.2],[43.6,19.2477],[43.5,19.1815],[43.4548,19.2],[43.4308,19.3],[43.6,19.3523],[43.6379,19.4],[43.6,19.5608],[43.5,19.4484],[43.3,19.4084],[43.2,19.3065],[43.1,19.2729],[43.0294,19.4],[43.1005,19.5],[43.1007,19.6],[43.0407,19.7],[43.2758,19.9],[43.2555,20.1],[43.3,20.1445],[43.404,20.1],[43.4292,19.8],[43.3,19.7336],[43.3,19.6903],[43.48,19.7],[43.6,19.8164],[43.9,19.5445],[43.9625,19.6],[43.9608,19.7],[44.0,19.7393],[44.1,19.7292],[44.2,19.7757],[44.2482,19.7],[44.1811,19.6],[44.332,19.4],[44.2811,19.2],[44.21,19.1],[44.3,18.928],[44.3467,18.9],[44.4024,18.7],[44.3,18.6638],[44.2,18.5104],[44.1,18.5359],[44.0257,18.5],[44.02,18.4],[43.9,18.2925]]]}},{"type":"Feature","properties":{"source_type":"anthro","foo_threshold":10},"geometry":{"type":"Polygon","coordinates":[[[51.6,16.3991],[51.506,16.5],[51.5261,16.6],[51.4,16.78],[51.3,16.7968],[51.2447,17.0],[51.2,17.0481],[51.044,16.9],[51.0404,16.7],[51.0,16.6128],[50.9596,16.7],[50.9575,16.8],[50.9,16.8511],[50.8,16.8435],[50.7435,16.9],[50.7408,17.0],[50.8444,17.1],[50.8532,17.2],[50.9724,17.3],[50.9678,17.5],[51.0,17.5322],[51.0322,17.5],[51.0153,17.4],[51.1,17.3369],[51.2,17.4315],[51.4,17.2463],[51.5,17.242],[51.6,17.3454],[51.7,17.3343],[51.7343,17.3],[51.6,17.1429],[51.5215,17.1],[51.5459,17.0],[51.7141,16.9],[51.5093,16.8],[51.6,16.7251],[51.9,16.7322],[52.1,16.9315],[52.2,17.2153],[52.3447,17.2],[52.4,17.1608],[52.4365,17.1],[52.4409,17.0],[52.4,16.8908],[52.5,16.8777],[52.7,16.9432],[52.9565,16.7],[52.9,16.6147],[52.7,16.6055],[52.5,16.5337],[52.4859,16.6],[52.4,16.6625],[52.3,16.6795],[52.2,16.6241],[52.1,16.67],[52.0,16.6671],[51.9153,16.6],[51.9375,16.4],[51.9,16.3625],[51.6,16.3991]]]}},{"type":"Feature","properties":{"source_type":"anthro","foo_threshold":10},"geometry":{"type":"Polygon","coordinates":[[[51.4,19.0827],[51.3749,19.2],[51.5,19.3174],[51.7,19.3153],[51.8758,19.5],[51.9,19.6242],[52.0,19.7233],[52.1,19.7251],[52.1882,19.8],[52.1732,19.9],[52.2692,20.0],[52.2836,20.1],[52.4602,20.3],[52.5,20.3398],[52.6,20.3404],[52.8716,20.6],[52.8836,20.7],[52.9976,20.8],[53.0,21.1971],[53.1354,21.1],[53.04,20.8],[53.1075,20.7],[53.1573,20.4],[53.04,20.2],[52.8467,20.0],[52.6738,19.9],[52.644,19.8],[52.5327,19.7],[52.4,19.44],[52.3,19.4318],[51.9,19.248],[51.7,19.0133],[51.6,19.1044],[51.5,19.034],[51.4,19.0827]]]}},{"type":"Feature","properties":{"source_type":"anthro","foo_threshold":10},"geometry":{"type":"Polygon","coordinates":[[[48.3,15.647],[48.244,15.7],[48.2,15.8164],[47.8,15.9543],[47.7205,16.0],[47.66,16.1],[47.7,16.1457],[47.8,16.1514],[47.9,16.1067],[48.0,16.1933],[48.1,16.192],[48.3,16.2575],[48.3567,16.3],[48.41,16.5],[48.5,16.59],[48.6,16.43],[48.74,16.5],[48.8,16.6086],[48.9,16.6715],[49.1,16.5781],[49.2,16.6332],[49.2398,16.5],[49.3,16.4233],[49.358,16.5],[49.3678,16.6],[49.4,16.6322],[49.4322,16.6],[49.442,16.5],[49.5,16.4106],[49.5633,16.4],[49.51,16.3],[49.4,16.2343],[49.2,16.324],[49.2533,16.1],[49.1,15.928],[48.8343,16.0],[48.8772,16.1],[48.8,16.1771],[48.746,16.1],[48.4859,16.0],[48.5437,15.8],[48.4,15.6822],[48.3,15.647]]]}},{"type":"Feature","properties":{"source_type":"anthro","foo_threshold":10},"geometry":{"type":"Polygon","coordinates":[[[48.0,26.3574],[48.2,26.4064],[48.5,26.4053],[48.546,26.5],[48.5447,26.7],[48.5,26.7638],[48.4,26.6492],[48.1,26.6435],[48.0435,26.7],[48.0273,26.8],[48.037,26.9],[48.2716,27.1],[48.2484,27.4],[48.4,27.5362],[48.5,27.5404],[48.5625,27.6],[48.5,27.6651],[48.3,27.6651],[48.1,27.4708],[48.0,27.5836],[47.9489,27.5],[47.9553,27.4],[47.9,27.3447],[47.8,27.3484],[47.6779,27.2],[47.6752,27.1],[47.6,27.0248],[47.5,27.1237],[47.2713,26.9],[47.3,26.8725],[47.5,26.8715],[47.6,26.769],[47.7,26.8698],[47.8,26.8714],[47.8714,26.8],[47.7686,26.7],[47.7656,26.6],[47.8,26.5559],[47.9356,26.5],[47.93,26.4],[48.0,26.3574]]]}},{"type":"Feature","properties":{"source_type":"anthro","foo_threshold":10},"geometry":{"type":"Polygon","coordinates":[[[45.9,21.1555],[45.8555,21.2],[45.8555,21.3],[45.8,21.3671],[45.7,21.3444],[45.6,21.2454],[45.5,21.3859],[45.4117,21.4],[45.5646,21.5],[45.7,21.5093],[45.7651,21.6],[45.755,21.7],[45.8,21.745],[45.9,21.6409],[45.9383,21.7],[45.9427,21.8],[45.8,21.8507],[45.6795,22.0],[45.6644,22.2],[45.7,22.2356],[45.8,22.2315],[45.8315,22.2],[45.826,22.1],[46.0505,21.9],[46.0617,21.7],[46.1,21.6607],[46.1664,21.7],[46.1631,21.8],[46.2758,21.9],[46.2565,22.0],[46.4,22.1205],[46.5,22.0664],[46.6,22.0836],[46.7,22.1486],[46.8,22.0838],[46.9,22.0929],[46.9343,22.0],[46.9,21.9657],[46.8,21.9785],[46.6787,21.9],[46.4973,21.7],[46.446,21.6],[46.4,21.5933],[46.1,21.3415],[46.0,21.1826],[45.9,21.1555]]]}},{"type":"Feature","properties":{"source_type":"anthro","foo_threshold":10},"geometry":{"type":"Polygon","coordinates":[[[44.8,19.7933],[44.7,19.816],[44.6,20.0309],[44.524,20.1],[44.6629,20.3],[44.6,20.3338],[44.5,20.32],[44.46,20.4],[44.5,20.4873],[44.7,20.4325],[44.8,20.31],[44.9,20.3277],[45.1,20.444],[45.3,20.4317],[45.4,20.6164],[45.5,20.5404],[45.6,20.513],[45.6876,20.6],[45.687,20.7],[45.5795,20.8],[45.6519,20.9],[45.6511,21.1],[45.7,21.1489],[45.8,21.1343],[45.8343,21.1],[45.8505,20.9],[45.7674,20.6],[45.8,20.4533],[45.736,20.4],[45.7,20.31],[45.4,20.3877],[45.3607,20.3],[45.2,20.2859],[45.1211,20.2],[45.1292,20.1],[45.0613,19.9],[45.0,19.83],[44.8,19.7933]]]}},{"type":"Feature","properties":{"source_type":"anthro","foo_threshold":10},"geometry":{"type":"Polygon","coordinates":[[[44.1,20.8733],[43.9,20.9536],[43.7,20.9703],[43.6724,21.1],[43.6,21.1671],[43.5,21.1644],[43.4,21.0907],[43.367,21.1],[43.3173,21.2],[43.4,21.2322],[43.5,21.3647],[43.6409,21.4],[43.6336,21.5],[43.5428,21.6],[43.5045,21.7],[43.5274,21.8],[43.6,21.83],[43.7,21.8153],[43.9516,21.6],[43.9493,21.5],[43.8308,21.4],[43.9,21.118],[44.0,21.1096],[44.0939,21.2],[44.0554,21.3],[44.0991,21.4],[44.0619,21.5],[44.1,21.6451],[44.3,21.6476],[44.3476,21.6],[44.3659,21.5],[44.3,21.4341],[44.2,21.5657],[44.1381,21.5],[44.3,21.3268],[44.5,21.3356],[44.5356,21.3],[44.4039,21.2],[44.2106,21.0],[44.2,20.9457],[44.1,20.8733]]]}},{"type":"Feature","properties":{"source_type":"anthro","foo_threshold":10},"geometry":{"type":"Polygon","coordinates":[[[45.4,19.22],[45.2,19.3743],[45.1489,19.5],[45.1824,19.6],[45.4,19.808],[46.1,19.8244],[46.2,19.9138],[46.2522,19.9],[46.3,19.8217],[46.3138,19.7],[46.3,19.6037],[46.2024,19.5],[46.1943,19.4],[46.0,19.36],[45.9,19.3708],[45.8,19.4246],[45.6,19.34],[45.5,19.364],[45.42,19.3],[45.4,19.22]]]}},{"type":"Feature","properties":{"source_type":"anthro","foo_threshold":10},"geometry":{"type":"Polygon","coordinates":[[[43.9,23.1844],[43.8,23.3906],[43.6293,23.5],[43.6,23.5489],[43.5756,23.5],[43.5,23.4611],[43.4,23.4808],[43.2,23.37],[43.0678,23.5],[43.1,23.5322],[43.2,23.5224],[43.3,23.6039],[43.4,23.5067],[43.4907,23.6],[43.4675,23.7],[43.4,23.7113],[43.2785,23.8],[43.33,24.0],[43.4,24.0467],[43.5,24.0615],[43.6,24.0195],[43.7,24.0251],[43.8,24.1009],[44.0,23.9445],[44.1,24.0267],[44.3,24.03],[44.33,24.0],[44.3,23.97],[44.2,23.9815],[44.1195,23.9],[44.1178,23.8],[44.0,23.8555],[43.908,23.8],[44.0709,23.6],[43.9,23.5685],[43.844,23.5],[44.0233,23.3],[44.0,23.2067],[43.9,23.1844]]]}},{"type":"Feature","properties":{"source_type":"anthro","foo_threshold":10},"geometry":{"type":"Polygon","coordinates":[[[52.8,21.3815],[52.6638,21.5],[52.6692,21.8],[52.8,21.9308],[52.9,21.9308],[53.0,22.0308],[53.1,21.9315],[53.2,22.0118],[53.4,22.072],[53.472,22.0],[53.4971,21.9],[53.444,21.8],[53.33,21.7],[53.2971,21.6],[53.1,21.4495],[52.8,21.3815]]]}},{"type":"Feature","properties":{"source_type":"anthro","foo_threshold":10},"geometry":{"type":"Polygon","coordinates":[[[52.7,29.0425],[52.6617,29.1],[52.6906,29.2],[52.6553,29.3],[52.8,29.3224],[53.0,29.1435],[53.0481,29.2],[53.0631,29.3],[53.0,29.357],[52.9,29.3555],[52.8,29.4758],[52.7,29.4859],[52.6,29.4245],[52.4,29.4856],[52.4,29.5277],[52.5,29.5153],[52.5749,29.6],[52.6,29.6831],[52.8,29.7353],[53.1,29.6565],[53.2,29.6654],[53.4,29.5454],[53.542,29.4],[53.5,29.358],[53.4,29.3749],[53.3039,29.3],[53.2493,29.2],[53.1,29.0481],[52.7,29.0425]]]}},{"type":"Feature","properties":{"source_type":"anthro","foo_threshold":10},"geometry":{"type":"Polygon","coordinates":[[[54.3,28.4224],[54.2224,28.5],[54.2255,28.6],[54.2,28.6298],[54.1,28.731],[54.0,28.7304],[53.832,28.9],[53.8499,29.0],[53.8,29.0758],[53.6,29.0758],[53.5758,29.1],[53.6,29.213],[53.9,29.2369],[53.9369,29.2],[53.9501,29.0],[54.0,28.9659],[54.1933,29.1],[54.2,29.213],[54.248,29.2],[54.2184,29.1],[54.3,29.0514],[54.4,28.9251],[54.4745,28.9],[54.513,28.8],[54.74,28.7],[54.7678,28.6],[54.7,28.5322],[54.5,28.531],[54.4,28.4248],[54.3,28.4224]]]}},{"type":"Feature","properties":{"source_type":"anthro","foo_threshold":10},"geometry":{"type":"Polygon","coordinates":[[[46.6,30.5467],[46.5467,30.6],[46.5565,30.7],[46.3532,30.9],[46.3477,31.0],[46.4,31.0523],[46.6906,31.0],[46.5672,30.9],[46.6,30.8511],[46.6733,30.9],[46.7,30.9622],[46.7008,30.9],[46.8,30.8062],[47.0,30.8052],[47.2,30.9753],[47.2497,30.8],[47.3,30.7673],[47.4,30.8284],[47.5,30.8315],[47.6141,30.7],[47.653,30.6],[47.6,30.547],[47.4,30.5294],[47.3,30.6327],[46.8,30.6418],[46.7,30.5435],[46.6,30.5467]]]}},{"type":"Feature","properties":{"source_type":"anthro","foo_threshold":10},"geometry":{"type":"Polygon","coordinates":[[[51.3,15.7438],[51.2,15.8438],[51.1,15.8393],[50.9408,16.0],[51.0,16.0592],[51.2,16.0612],[51.3,16.1468],[51.4,16.0533],[51.5,16.0315],[51.7,16.0497],[51.8,15.9459],[52.0,15.8398],[52.1,15.8415],[52.1415,15.8],[52.1,15.7298],[51.9,15.7678],[51.3,15.7438]]]}},{"type":"Feature","properties":{"source_type":"anthro","foo_threshold":10},"geometry":{"type":"Polygon","coordinates":[[[46.4,24.4654],[46.5,24.5657],[46.6,24.4671],[46.8,24.6668],[47.0,24.464],[47.2,24.6292],[47.3,24.4233],[47.4859,24.6],[47.3374,24.7],[47.3537,24.8],[47.3,24.8435],[47.2,24.8335],[47.1,24.9214],[46.9,24.9322],[46.8481,24.9],[46.8468,24.8],[46.8,24.7532],[46.6,24.7438],[46.5,24.6388],[46.4,24.637],[46.3612,24.6],[46.367,24.5],[46.4,24.4654]]]}},{"type":"Feature","properties":{"source_type":"anthro","foo_threshold":10},"geometry":{"type":"Polygon","coordinates":[[[49.2,23.5961],[49.1,23.6947],[48.8805,23.8],[48.7933,23.9],[48.7853,24.0],[48.6427,24.2],[48.8,24.2656],[48.9,24.268],[49.1,24.0489],[49.3,23.9974],[49.3585,23.9],[49.363,23.8],[49.2425,23.7],[49.3336,23.6],[49.3,23.5664],[49.2,23.5961]]]}},{"type":"Feature","properties":{"source_type":"anthro","foo_threshold":10},"geometry":{"type":"Polygon","coordinates":[[[45.0,25.4325],[45.1,25.4282],[45.197,25.5],[45.3,25.6825],[45.5411,25.7],[45.6362,25.8],[45.5085,25.9],[45.4514,25.9],[45.2,25.7427],[45.0,25.9109],[44.9,25.884],[44.9,25.7354],[45.0,25.4325]]]}},{"type":"Feature","properties":{"source_type":"anthro","foo_threshold":10},"geometry":{"type":"Polygon","coordinates":[[[46.2,23.242],[46.3,23.2481],[46.4,23.3497],[46.6,23.3565],[46.6625,23.4],[46.6,23.4532],[46.4,23.4418],[46.3,23.5511],[46.1,23.5815],[45.9,23.5882],[45.8205,23.5],[45.8476,23.4],[45.9,23.345],[46.0,23.3543],[46.2,23.242]]]}},{"type":"Feature","properties":{"source_type":"anthro","foo_threshold":10},"geometry":{"type":"Polygon","coordinates":[[[44.9,31.0372],[44.8372,31.1],[44.8334,31.2],[44.9381,31.3],[44.9,31.3352],[44.8,31.3339],[44.6332,31.5],[44.7,31.5668],[44.9,31.5587],[45.0,31.4602],[45.2,31.4587],[45.2587,31.4],[45.2574,31.3],[45.2,31.2427],[45.1,31.2441],[45.063,31.2],[45.0636,31.1],[45.0,31.0364],[44.9,31.0372]]]}},{"type":"Feature","properties":{"source_type":"anthro","foo_threshold":10},"geometry":{"type":"Polygon","coordinates":[[[53.0,28.1278],[52.8263,28.3],[52.8317,28.4],[52.9,28.4683],[53.1,28.4713],[53.2,28.3703],[53.4,28.3585],[53.4585,28.3],[53.464,28.2],[53.4,28.136],[53.3,28.2343],[53.1,28.2284],[53.0,28.1278]]]}},{"type":"Feature","properties":{"source_type":"anthro","foo_threshold":10},"geometry":{"type":"Polygon","coordinates":[[[50.8,18.5933],[50.7,18.6961],[50.6,18.6764],[50.5711,18.7],[50.8,18.7633],[51.0,18.72],[51.1,18.7767],[51.3,18.7133],[51.4,18.7178],[51.5,18.8633],[51.6,18.885],[51.7,18.8657],[51.7767,18.8],[51.7145,18.7],[51.6,18.6685],[51.4,18.6976],[51.0,18.6933],[50.916,18.6],[50.8,18.5933]]]}},{"type":"Feature","properties":{"source_type":"anthro","foo_threshold":10},"geometry":{"type":"Polygon","coordinates":[[[51.4,23.6836],[51.2488,23.8],[51.2613,24.2],[51.3,24.2387],[51.5,24.2039],[51.6,24.2174],[51.6,24.1676],[51.5,24.148],[51.4,24.1758],[51.3493,24.1],[51.5898,23.8],[51.4,23.6836]]]}},{"type":"Feature","properties":{"source_type":"anthro","foo_threshold":10},"geometry":{"type":"Polygon","coordinates":[[[53.7,22.0783],[53.648,22.1],[53.7,22.1325],[53.78,22.3],[53.6775,22.5],[53.8,22.586],[53.912,22.5],[53.9956,22.2],[53.9,22.06],[53.8,22.034],[53.7,22.0783]]]}},{"type":"Feature","properties":{"source_type":"anthro","foo_threshold":10},"geometry":{"type":"Polygon","coordinates":[[[44.8,22.9664],[44.6692,23.1],[44.6528,23.2],[44.6795,23.4],[44.6393,23.5],[44.6836,23.6],[44.6186,23.7],[44.7,23.7268],[44.7268,23.7],[44.7164,23.6],[44.8,23.4844],[44.8322,23.2],[44.9164,23.1],[44.8,22.9664]]]}},{"type":"Feature","properties":{"source_type":"anthro","foo_threshold":10},"geometry":{"type":"Polygon","coordinates":[[[50.9,24.3767],[50.7,24.4664],[50.6,24.4591],[50.5591,24.5],[50.6441,24.6],[50.6368,24.7],[50.7,24.7632],[50.9,24.5481],[51.0,24.5559],[51.0559,24.5],[51.0587,24.4],[51.0,24.3413],[50.9,24.3767]]]}},{"type":"Feature","properties":{"source_type":"anthro","foo_threshold":10},"geometry":{"type":"Polygon","coordinates":[[[48.9,16.7285],[48.7309,16.9],[48.79,17.0],[48.9,17.08],[49.0,17.0753],[49.0656,17.0],[49.09,16.9],[49.0541,16.8],[49.0,16.7479],[48.9,16.7285]]]}},{"type":"Feature","properties":{"source_type":"anthro","foo_threshold":10},"geometry":{"type":"Polygon","coordinates":[[[49.0,26.6372],[48.9372,26.7],[48.9395,26.8],[48.8432,26.9],[48.856,27.0],[48.7619,27.1],[48.8,27.1381],[48.9,27.1375],[48.9375,27.1],[48.944,27.0],[49.1,26.8409],[49.208,26.8],[49.1861,26.7],[49.0,26.6372]]]}},{"type":"Feature","properties":{"source_type":"anthro","foo_threshold":10},"geometry":{"type":"Polygon","coordinates":[[[46.1,22.1758],[46.0795,22.3],[45.8602,22.5],[45.9,22.6215],[46.1,22.642],[46.142,22.6],[46.1493,22.5],[46.261,22.4],[46.1205,22.3],[46.1,22.1758]]]}},{"type":"Feature","properties":{"source_type":"anthro","foo_threshold":10},"geometry":{"type":"Polygon","coordinates":[[[48.4,16.54],[48.37,16.6],[48.3,16.6233],[48.2343,16.7],[48.3,17.0075],[48.4,17.1433],[48.61,17.0],[48.316,16.8],[48.46,16.6],[48.4,16.54]]]}},{"type":"Feature","properties":{"source_type":"anthro","foo_threshold":10},"geometry":{"type":"Polygon","coordinates":[[[57.7,28.2317],[57.6317,28.3],[57.6305,28.4],[57.6651,28.6],[57.7,28.635],[57.9702,28.4],[57.8,28.2261],[57.7,28.2317]]]}},{"type":"Feature","properties":{"source_type":"anthro","foo_threshold":10},"geometry":{"type":"Polygon","coordinates":[[[46.1,26.8595],[46.1511,26.9],[46.0421,27.0],[46.1444,27.1],[46.1319,27.2],[46.1,27.229],[45.9,27.2305],[45.8707,27.2],[45.86,27.0],[45.9,26.9568],[46.0,26.9587],[46.1,26.8595]]]}},{"type":"Feature","properties":{"source_type":"anthro","foo_threshold":10},"geometry":{"type":"Polygon","coordinates":[[[54.6,21.6931],[54.5,21.71],[54.3701,21.8],[54.5,21.854],[54.9073,21.8],[54.885,21.7],[54.8,21.6728],[54.6,21.6931]]]}},{"type":"Feature","properties":{"source_type":"anthro","foo_threshold":10},"geometry":{"type":"Polygon","coordinates":[[[46.2,32.2555],[46.0484,32.4],[46.1,32.4516],[46.2,32.4392],[46.3,32.5489],[46.5,32.5574],[46.5574,32.5],[46.5,32.4426],[46.4,32.4481],[46.3336,32.4],[46.3336,32.3],[46.3,32.2664],[46.2,32.2555]]]}},{"type":"Feature","properties":{"source_type":"anthro","foo_threshold":10},"geometry":{"type":"Polygon","coordinates":[[[44.2,23.2795],[44.1795,23.3],[44.208,23.4],[44.1,23.41],[44.1,23.5663],[44.2,23.5242],[44.3,23.5292],[44.4,23.6315],[44.4987,23.6],[44.3067,23.4],[44.3,23.23],[44.2,23.2795]]]}},{"type":"Feature","properties":{"source_type":"anthro","foo_threshold":10},"geometry":{"type":"Polygon","coordinates":[[[52.7,27.4364],[52.5,27.6324],[52.4,27.6386],[52.3386,27.7],[52.4,27.7614],[52.6,27.7698],[52.7623,27.6],[52.7636,27.5],[52.7,27.4364]]]}},{"type":"Feature","properties":{"source_type":"anthro","foo_threshold":10},"geometry":{"type":"Polygon","coordinates":[[[49.7,26.5962],[49.6,26.6602],[49.5,26.674],[49.474,26.7],[49.5,26.7837],[49.7,26.8024],[49.9164,26.7],[49.9,26.5791],[49.7,26.5962]]]}},{"type":"Feature","properties":{"source_type":"anthro","foo_threshold":10},"geometry":{"type":"Polygon","coordinates":[[[47.3,27.9767],[47.4,27.9715],[47.5,28.0217],[47.5235,28.1],[47.5025,28.2],[47.57,28.3],[47.46,28.3],[47.3,28.202],[47.3,27.9767]]]}},{"type":"Feature","properties":{"source_type":"anthro","foo_threshold":10},"geometry":{"type":"Polygon","coordinates":[[[47.9,30.0348],[47.736,30.2],[47.7377,30.3],[47.8,30.3623],[47.9,30.3638],[47.9638,30.3],[47.9621,30.2],[48.0592,30.1],[48.0,30.0408],[47.9,30.0348]]]}},{"type":"Feature","properties":{"source_type":"anthro","foo_threshold":10},"geometry":{"type":"Polygon","coordinates":[[[48.9,25.8947],[48.9358,26.0],[49.0,26.0642],[49.2,26.0559],[49.2559,26.0],[49.1,25.845],[49.0,25.8287],[48.9,25.8947]]]}},{"type":"Feature","properties":{"source_type":"anthro","foo_threshold":10},"geometry":{"type":"Polygon","coordinates":[[[58.0,27.6454],[57.84,27.8],[58.0,27.9724],[58.1,27.9689],[58.1689,27.9],[58.0571,27.8],[58.0546,27.7],[58.0,27.6454]]]}},{"type":"Feature","properties":{"source_type":"anthro","foo_threshold":10},"geometry":{"type":"Polygon","coordinates":[[[53.9,19.6894],[53.8738,19.7],[53.9,19.7475],[54.0,19.8488],[54.0755,19.8],[54.2,19.7896],[54.2582,19.7],[54.2,19.6418],[54.0,19.6515],[53.9,19.6894]]]}},{"type":"Feature","properties":{"source_type":"anthro","foo_threshold":10},"geometry":{"type":"Polygon","coordinates":[[[44.4,22.6767],[44.3,22.7049],[44.2429,22.8],[44.3,22.8571],[44.5,22.8628],[44.5628,22.8],[44.5559,22.7],[44.5,22.6441],[44.4,22.6767]]]}},{"type":"Feature","properties":{"source_type":"anthro","foo_threshold":10},"geometry":{"type":"Polygon","coordinates":[[[57.3,27.8269],[57.2269,27.9],[57.3,27.9731],[57.4,28.0381],[57.5,28.0404],[57.5404,28.0],[57.5661,27.9],[57.5,27.8339],[57.3,27.8269]]]}},{"type":"Feature","properties":{"source_type":"anthro","foo_threshold":10},"geometry":{"type":"Polygon","coordinates":[[[53.5,28.3339],[53.4339,28.4],[53.4474,28.6],[53.5,28.6526],[53.6523,28.5],[53.6614,28.4],[53.6,28.3386],[53.5,28.3339]]]}},{"type":"Feature","properties":{"source_type":"anthro","foo_threshold":10},"geometry":{"type":"Polygon","coordinates":[[[50.1,22.1625],[50.0625,22.2],[50.2,22.3505],[50.3,22.3623],[50.3623,22.3],[50.3559,22.2],[50.3,22.1441],[50.1,22.1625]]]}},{"type":"Feature","properties":{"source_type":"anthro","foo_threshold":10},"geometry":{"type":"Polygon","coordinates":[[[46.8,31.846],[46.6484,32.0],[46.8,32.1582],[46.9508,32.0],[46.8,31.846]]]}},{"type":"Feature","properties":{"source_type":"anthro","foo_threshold":10},"geometry":{"type":"Polygon","coordinates":[[[45.0,31.5499],[44.846,31.7],[44.8537,31.8],[44.9,31.8463],[45.1489,31.6],[45.1,31.5511],[45.0,31.5499]]]}},{"type":"Feature","properties":{"source_type":"anthro","foo_threshold":10},"geometry":{"type":"Polygon","coordinates":[[[48.4,27.7381],[48.5795,27.9],[48.4,28.0678],[48.3516,28.0],[48.3505,27.9],[48.3505,27.8],[48.4,27.7381]]]}},{"type":"Feature","properties":{"source_type":"anthro","foo_threshold":10},"geometry":{"type":"Polygon","coordinates":[[[51.8,18.87],[51.74,19.0],[51.8,19.06],[52.0,19.044],[52.0093,19.0],[51.913,18.9],[51.9,18.836],[51.8,18.87]]]}},{"type":"Feature","properties":{"source_type":"anthro","foo_threshold":10},"geometry":{"type":"Polygon","coordinates":[[[45.1,29.0308],[45.0308,29.1],[45.2,29.2714],[45.2714,29.2],[45.2696,29.1],[45.2,29.0304],[45.1,29.0308]]]}},{"type":"Feature","properties":{"source_type":"anthro","foo_threshold":10},"geometry":{"type":"Polygon","coordinates":[[[46.8,21.5537],[46.7537,21.6],[46.8,21.7362],[46.974,21.8],[47.0,21.9215],[47.0215,21.9],[47.0093,21.7],[46.9,21.6795],[46.8,21.5537]]]}},{"type":"Feature","properties":{"source_type":"anthro","foo_threshold":10},"geometry":{"type":"Polygon","coordinates":[[[44.6,31.1273],[44.5273,31.2],[44.7,31.3693],[44.7693,31.3],[44.7686,31.2],[44.7,31.1314],[44.6,31.1273]]]}},{"type":"Feature","properties":{"source_type":"anthro","foo_threshold":10},"geometry":{"type":"Polygon","coordinates":[[[53.9,28.0324],[53.8324,28.1],[53.8348,28.2],[53.9,28.2652],[54.0,28.2696],[54.0696,28.2],[53.9,28.0324]]]}},{"type":"Feature","properties":{"source_type":"anthro","foo_threshold":10},"geometry":{"type":"Polygon","coordinates":[[[48.7,24.7625],[48.5477,24.9],[48.7,25.016],[48.773,24.9],[48.7839,24.8],[48.7,24.7625]]]}},{"type":"Feature","properties":{"source_type":"anthro","foo_threshold":10},"geometry":{"type":"Polygon","coordinates":[[[46.7,23.7904],[46.8,23.78],[46.8826,23.9],[46.8,23.9692],[46.7,23.9585],[46.6292,23.9],[46.7,23.7904]]]}},{"type":"Feature","properties":{"source_type":"anthro","foo_threshold":10},"geometry":{"type":"Polygon","coordinates":[[[55.1,28.1332],[55.0332,28.2],[55.2,28.3605],[55.2605,28.3],[55.2681,28.2],[55.2,28.1319],[55.1,28.1332]]]}},{"type":"Feature","properties":{"source_type":"anthro","foo_threshold":10},"geometry":{"type":"Polygon","coordinates":[[[52.9,27.139],[52.839,27.2],[52.8329,27.3],[52.9,27.3671],[53.0636,27.2],[53.0,27.1364],[52.9,27.139]]]}},{"type":"Feature","properties":{"source_type":"anthro","foo_threshold":10},"geometry":{"type":"Polygon","coordinates":[[[45.7,20.1968],[45.7,20.29],[45.8,20.336],[45.988,20.3],[45.9,20.1991],[45.7,20.1968]]]}},{"type":"Feature","properties":{"source_type":"anthro","foo_threshold":10},"geometry":{"type":"Polygon","coordinates":[[[46.3,22.458],[46.258,22.5],[46.2555,22.6],[46.3,22.6445],[46.4408,22.6],[46.4779,22.5],[46.3,22.458]]]}},{"type":"Feature","properties":{"source_type":"anthro","foo_threshold":10},"geometry":{"type":"Polygon","coordinates":[[[48.9,31.061],[48.9377,31.1],[48.9379,31.2],[48.9,31.2386],[48.8,31.2447],[48.7,31.3575],[48.6387,31.3],[48.9,31.061]]]}},{"type":"Feature","properties":{"source_type":"anthro","foo_threshold":10},"geometry":{"type":"Polygon","coordinates":[[[49.7,25.274],[49.6131,25.3],[49.5588,25.4],[49.8,25.4112],[49.8164,25.3],[49.7,25.274]]]}},{"type":"Feature","properties":{"source_type":"anthro","foo_threshold":10},"geometry":{"type":"Polygon","coordinates":[[[53.9,17.0835],[54.0,17.254],[54.1,17.2568],[54.1568,17.2],[54.0,17.0847],[53.9,17.0835]]]}},{"type":"Feature","properties":{"source_type":"anthro","foo_threshold":10},"geometry":{"type":"Polygon","coordinates":[[[52.3,19.0847],[52.2356,19.1],[52.293,19.2],[52.4,19.2736],[52.5,19.264],[52.58,19.2],[52.4,19.1758],[52.3,19.0847]]]}},{"type":"Feature","properties":{"source_type":"anthro","foo_threshold":10},"geometry":{"type":"Polygon","coordinates":[[[46.3,31.2395],[46.1424,31.4],[46.2,31.4576],[46.3,31.4543],[46.3543,31.4],[46.3605,31.3],[46.3,31.2395]]]}},{"type":"Feature","properties":{"source_type":"anthro","foo_threshold":10},"geometry":{"type":"Polygon","coordinates":[[[58.6,28.856],[58.556,28.9],[58.6,28.944],[58.8,28.9576],[58.8576,28.9],[58.8,28.8424],[58.6,28.856]]]}},{"type":"Feature","properties":{"source_type":"anthro","foo_threshold":10},"geometry":{"type":"Polygon","coordinates":[[[46.8,23.5224],[46.9,23.5322],[46.9664,23.6],[46.9,23.6671],[46.8,23.6785],[46.7215,23.6],[46.8,23.5224]]]}},{"type":"Feature","properties":{"source_type":"anthro","foo_threshold":10},"geometry":{"type":"Polygon","coordinates":[[[44.2,17.9335],[44.1385,18.0],[44.2,18.0703],[44.3,18.083],[44.342,18.0],[44.3,17.9223],[44.2,17.9335]]]}},{"type":"Feature","properties":{"source_type":"anthro","foo_threshold":10},"geometry":{"type":"Polygon","coordinates":[[[49.2,23.0657],[49.1657,23.1],[49.2,23.1908],[49.3,23.2268],[49.3489,23.1],[49.3,23.0511],[49.2,23.0657]]]}},{"type":"Feature","properties":{"source_type":"anthro","foo_threshold":10},"geometry":{"type":"Polygon","coordinates":[[[57.5,27.231],[57.431,27.3],[57.4307,27.4],[57.5,27.4693],[57.5693,27.4],[57.569,27.3],[57.5,27.231]]]}},{"type":"Feature","properties":{"source_type":"anthro","foo_threshold":10},"geometry":{"type":"Polygon","coordinates":[[[46.9,26.5644],[46.9368,26.6],[46.931,26.7],[46.9,26.7311],[46.7,26.7276],[46.6612,26.7],[46.7,26.664],[46.8,26.665],[46.9,26.5644]]]}},{"type":"Feature","properties":{"source_type":"anthro","foo_threshold":10},"geometry":{"type":"Polygon","coordinates":[[[44.4,31.2301],[44.3301,31.3],[44.3286,31.4],[44.4,31.4714],[44.4714,31.4],[44.4699,31.3],[44.4,31.2301]]]}},{"type":"Feature","properties":{"source_type":"anthro","foo_threshold":10},"geometry":{"type":"Polygon","coordinates":[[[54.2,17.0608],[54.1608,17.1],[54.2,17.1392],[54.5188,17.1],[54.2,17.0608]]]}},{"type":"Feature","properties":{"source_type":"anthro","foo_threshold":10},"geometry":{"type":"Polygon","coordinates":[[[48.5,21.6685],[48.44,21.8],[48.5,21.86],[48.6,21.8336],[48.6336,21.8],[48.5,21.6685]]]}},{"type":"Feature","properties":{"source_type":"anthro","foo_threshold":10},"geometry":{"type":"Polygon","coordinates":[[[48.4,25.958],[48.321,26.0],[48.4,26.042],[48.5,26.043],[48.6812,26.0],[48.4,25.958]]]}},{"type":"Feature","properties":{"source_type":"anthro","foo_threshold":10},"geometry":{"type":"Polygon","coordinates":[[[43.9,17.5642],[43.8704,17.6],[43.9,17.6956],[44.0,17.683],[44.0755,17.6],[44.0,17.5497],[43.9,17.5642]]]}},{"type":"Feature","properties":{"source_type":"anthro","foo_threshold":10},"geometry":{"type":"Polygon","coordinates":[[[48.1,28.0576],[48.1403,28.1],[48.1585,28.3],[48.1,28.345],[48.0516,28.3],[48.0671,28.1],[48.1,28.0576]]]}},{"type":"Feature","properties":{"source_type":"anthro","foo_threshold":10},"geometry":{"type":"Polygon","coordinates":[[[44.9,21.2894],[44.8755,21.3],[44.94,21.4],[45.1307,21.4],[45.0,21.2732],[44.9,21.2894]]]}},{"type":"Feature","properties":{"source_type":"anthro","foo_threshold":10},"geometry":{"type":"Polygon","coordinates":[[[47.1,26.345],[47.157,26.4],[47.1339,26.6],[47.1,26.63],[47.0632,26.6],[47.0598,26.4],[47.1,26.345]]]}},{"type":"Feature","properties":{"source_type":"anthro","foo_threshold":10},"geometry":{"type":"Polygon","coordinates":[[[53.3,29.6142],[53.2498,29.7],[53.2776,29.8],[53.4,29.8589],[53.4858,29.8],[53.4,29.7758],[53.3242,29.7],[53.3,29.6142]]]}},{"type":"Feature","properties":{"source_type":"anthro","foo_threshold":10},"geometry":{"type":"Polygon","coordinates":[[[47.7,29.9372],[47.6372,30.0],[47.7,30.0628],[47.8,30.0675],[47.8675,30.0],[47.8,29.9325],[47.7,29.9372]]]}},{"type":"Feature","properties":{"source_type":"anthro","foo_threshold":10},"geometry":{"type":"Polygon","coordinates":[[[46.0,27.4769],[46.0222,27.5],[45.9198,27.6],[45.9,27.7206],[45.8,27.6193],[45.68,27.6],[45.7,27.5709],[45.9,27.579],[46.0,27.4769]]]}},{"type":"Feature","properties":{"source_type":"anthro","foo_threshold":10},"geometry":{"type":"Polygon","coordinates":[[[53.2,18.1018],[53.1457,18.2],[53.2,18.2543],[53.3251,18.2],[53.3,18.1136],[53.2,18.1018]]]}},{"type":"Feature","properties":{"source_type":"anthro","foo_threshold":10},"geometry":{"type":"Polygon","coordinates":[[[53.9,20.3141],[53.8189,20.4],[53.9,20.473],[54.0327,20.4],[53.9,20.3141]]]}},{"type":"Feature","properties":{"source_type":"anthro","foo_threshold":10},"geometry":{"type":"Polygon","coordinates":[[[50.5,24.939],[50.439,25.0],[50.4457,25.1],[50.5,25.1543],[50.5543,25.1],[50.561,25.0],[50.5,24.939]]]}},{"type":"Feature","properties":{"source_type":"anthro","foo_threshold":10},"geometry":{"type":"Polygon","coordinates":[[[54.4,22.259],[54.348,22.4],[54.4,22.4628],[54.512,22.3],[54.4,22.259]]]}},{"type":"Feature","properties":{"source_type":"anthro","foo_threshold":10},"geometry":{"type":"Polygon","coordinates":[[[50.1,25.6894],[50.0,25.7295],[49.9685,25.8],[50.0,25.84],[50.1,25.8322],[50.1322,25.8],[50.1,25.6894]]]}},{"type":"Feature","properties":{"source_type":"anthro","foo_threshold":10},"geometry":{"type":"Polygon","coordinates":[[[45.4,31.2432],[45.3432,31.3],[45.4,31.3568],[45.5,31.3543],[45.5543,31.3],[45.5,31.2457],[45.4,31.2432]]]}},{"type":"Feature","properties":{"source_type":"anthro","foo_threshold":10},"geometry":{"type":"Polygon","coordinates":[[[46.1,28.06],[46.3,28.0657],[46.3374,28.1],[46.3,28.1366],[46.1,28.1322],[46.0634,28.1],[46.1,28.06]]]}},{"type":"Feature","properties":{"source_type":"anthro","foo_threshold":10},"geometry":{"type":"Polygon","coordinates":[[[45.5,19.9894],[45.4805,20.1],[45.6,20.1024],[45.6151,20.0],[45.5,19.9894]]]}},{"type":"Feature","properties":{"source_type":"anthro","foo_threshold":10},"geometry":{"type":"Polygon","coordinates":[[[48.0,16.2133],[48.0,16.3371],[48.1,16.3289],[48.126,16.3],[48.1,16.2133],[48.0,16.2133]]]}},{"type":"Feature","properties":{"source_type":"anthro","foo_threshold":10},"geometry":{"type":"Polygon","coordinates":[[[44.8,20.1858],[44.9,20.1733],[44.9492,20.2],[44.9,20.264],[44.8,20.2914],[44.7543,20.2],[44.8,20.1858]]]}},{"type":"Feature","properties":{"source_type":"anthro","foo_threshold":10},"geometry":{"type":"Polygon","coordinates":[[[45.1,19.1384],[45.0642,19.3],[45.1,19.3547],[45.1694,19.3],[45.1629,19.2],[45.1,19.1384]]]}},{"type":"Feature","properties":{"source_type":"anthro","foo_threshold":10},"geometry":{"type":"Polygon","coordinates":[[[46.5,32.1528],[46.4528,32.2],[46.5,32.2472],[46.6,32.2523],[46.6523,32.2],[46.6,32.1477],[46.5,32.1528]]]}},{"type":"Feature","properties":{"source_type":"anthro","foo_threshold":10},"geometry":{"type":"Polygon","coordinates":[[[46.4,23.9657],[46.5,23.9501],[46.5511,24.0],[46.5,24.0524],[46.4,24.0477],[46.3587,24.0],[46.4,23.9657]]]}},{"type":"Feature","properties":{"source_type":"anthro","foo_threshold":10},"geometry":{"type":"Polygon","coordinates":[[[48.5,32.4533],[48.6,32.4568],[48.645,32.5],[48.6,32.5511],[48.5,32.558],[48.4565,32.5],[48.5,32.4533]]]}},{"type":"Feature","properties":{"source_type":"anthro","foo_threshold":10},"geometry":{"type":"Polygon","coordinates":[[[54.6,19.8847],[54.5536,19.9],[54.6,19.9446],[54.7,19.9546],[54.7546,19.9],[54.7,19.8454],[54.6,19.8847]]]}},{"type":"Feature","properties":{"source_type":"anthro","foo_threshold":10},"geometry":{"type":"Polygon","coordinates":[[[50.4,29.9792],[50.5272,30.1],[50.5,30.1281],[50.374,30.1],[50.3734,30.0],[50.4,29.9792]]]}},{"type":"Feature","properties":{"source_type":"anthro","foo_threshold":10},"geometry":{"type":"Polygon","coordinates":[[[46.9,24.6532],[46.8532,24.7],[46.9,24.7468],[47.0,24.7435],[47.0435,24.7],[47.0,24.6565],[46.9,24.6532]]]}},{"type":"Feature","properties":{"source_type":"anthro","foo_threshold":10},"geometry":{"type":"Polygon","coordinates":[[[47.5,21.1669],[47.4716,21.3],[47.5,21.3284],[47.5985,21.3],[47.5565,21.2],[47.5,21.1669]]]}},{"type":"Feature","properties":{"source_type":"anthro","foo_threshold":10},"geometry":{"type":"Polygon","coordinates":[[[48.0,16.4733],[47.984,16.5],[48.1,16.5523],[48.168,16.5],[48.1,16.432],[48.0,16.4733]]]}},{"type":"Feature","properties":{"source_type":"anthro","foo_threshold":10},"geometry":{"type":"Polygon","coordinates":[[[60.0,27.2847],[59.9565,27.4],[59.956,27.6],[60.0,27.644],[60.0,27.2847]]]}},{"type":"Feature","properties":{"source_type":"anthro","foo_threshold":10},"geometry":{"type":"Polygon","coordinates":[[[49.0,31.3612],[49.1,31.3595],[49.1374,31.4],[49.1,31.445],[49.0,31.4495],[48.9493,31.4],[49.0,31.3612]]]}},{"type":"Feature","properties":{"source_type":"anthro","foo_threshold":10},"geometry":{"type":"Polygon","coordinates":[[[51.9,28.3222],[51.8222,28.4],[51.9,28.4778],[51.9778,28.4],[51.9,28.3222]]]}},{"type":"Feature","properties":{"source_type":"anthro","foo_threshold":10},"geometry":{"type":"Polygon","coordinates":[[[44.2,22.9785],[44.156,23.0],[44.2,23.0533],[44.3,23.0635],[44.3251,23.0],[44.3,22.9749],[44.2,22.9785]]]}},{"type":"Feature","properties":{"source_type":"anthro","foo_threshold":10},"geometry":{"type":"Polygon","coordinates":[[[57.9,27.9247],[57.8247,28.0],[57.9,28.0753],[57.9753,28.0],[57.9,27.9247]]]}},{"type":"Feature","properties":{"source_type":"anthro","foo_threshold":10},"geometry":{"type":"Polygon","coordinates":[[[45.1,27.2857],[45.297,27.3],[45.2,27.3626],[45.1,27.3376],[45.0735,27.3],[45.1,27.2857]]]}},{"type":"Feature","properties":{"source_type":"anthro","foo_threshold":10},"geometry":{"type":"Polygon","coordinates":[[[54.1,27.9273],[54.0273,28.0],[54.1,28.0727],[54.1727,28.0],[54.1,27.9273]]]}},{"type":"Feature","properties":{"source_type":"anthro","foo_threshold":10},"geometry":{"type":"Polygon","coordinates":[[[48.5,19.5298],[48.4298,19.6],[48.5,19.6702],[48.5702,19.6],[48.5,19.5298]]]}},{"type":"Feature","properties":{"source_type":"anthro","foo_threshold":10},"geometry":{"type":"Polygon","coordinates":[[[48.5,30.5331],[48.6139,30.6],[48.5,30.6404],[48.4429,30.6],[48.5,30.5331]]]}},{"type":"Feature","properties":{"source_type":"anthro","foo_threshold":10},"geometry":{"type":"Polygon","coordinates":[[[54.1,28.2276],[54.0276,28.3],[54.1,28.3724],[54.1724,28.3],[54.1,28.2276]]]}},{"type":"Feature","properties":{"source_type":"anthro","foo_threshold":10},"geometry":{"type":"Polygon","coordinates":[[[44.8,25.0185],[44.8613,25.1],[44.8,25.1785],[44.7349,25.1],[44.8,25.0185]]]}},{"type":"Feature","properties":{"source_type":"anthro","foo_threshold":10},"geometry":{"type":"Polygon","coordinates":[[[57.2,28.0613],[57.1613,28.1],[57.2,28.1387],[57.3,28.1362],[57.3362,28.1],[57.3,28.0638],[57.2,28.0613]]]}},{"type":"Feature","properties":{"source_type":"anthro","foo_threshold":10},"geometry":{"type":"Polygon","coordinates":[[[57.7,26.8749],[57.6692,27.0],[57.7,27.0308],[57.7675,26.9],[57.7,26.8749]]]}},{"type":"Feature","properties":{"source_type":"anthro","foo_threshold":10},"geometry":{"type":"Polygon","coordinates":[[[57.4,27.43],[57.33,27.5],[57.4,27.57],[57.4701,27.5],[57.4,27.43]]]}},{"type":"Feature","properties":{"source_type":"anthro","foo_threshold":10},"geometry":{"type":"Polygon","coordinates":[[[49.2,24.2532],[49.1532,24.3],[49.2,24.3468],[49.3205,24.3],[49.2,24.2532]]]}},{"type":"Feature","properties":{"source_type":"anthro","foo_threshold":10},"geometry":{"type":"Polygon","coordinates":[[[52.0,27.9307],[51.9307,28.0],[52.0,28.0693],[52.0693,28.0],[52.0,27.9307]]]}},{"type":"Feature","properties":{"source_type":"anthro","foo_threshold":10},"geometry":{"type":"Polygon","coordinates":[[[44.9,32.4195],[44.9575,32.5],[44.9,32.5685],[44.8251,32.5],[44.9,32.4195]]]}},{"type":"Feature","properties":{"source_type":"anthro","foo_threshold":10},"geometry":{"type":"Polygon","coordinates":[[[50.5,22.3332],[50.4332,22.4],[50.5,22.4668],[50.5668,22.4],[50.5,22.3332]]]}},{"type":"Feature","properties":{"source_type":"anthro","foo_threshold":10},"geometry":{"type":"Polygon","coordinates":[[[47.6,24.3322],[47.6678,24.4],[47.6,24.4638],[47.5322,24.4],[47.6,24.3322]]]}},{"type":"Feature","properties":{"source_type":"anthro","foo_threshold":10},"geometry":{"type":"Polygon","coordinates":[[[57.4,27.0325],[57.3325,27.1],[57.4,27.1675],[57.4675,27.1],[57.4,27.0325]]]}},{"type":"Feature","properties":{"source_type":"anthro","foo_threshold":10},"geometry":{"type":"Polygon","coordinates":[[[46.4,27.3657],[46.5377,27.5],[46.5,27.5334],[46.3663,27.4],[46.4,27.3657]]]}},{"type":"Feature","properties":{"source_type":"anthro","foo_threshold":10},"geometry":{"type":"Polygon","coordinates":[[[46.4,28.6602],[46.4395,28.7],[46.4341,28.8],[46.4,28.8298],[46.3703,28.8],[46.3676,28.7],[46.4,28.6602]]]}},{"type":"Feature","properties":{"source_type":"anthro","foo_threshold":10},"geometry":{"type":"Polygon","coordinates":[[[50.3,24.4724],[50.2724,24.5],[50.3,24.5276],[50.4,24.5381],[50.4381,24.5],[50.4,24.4619],[50.3,24.4724]]]}},{"type":"Feature","properties":{"source_type":"anthro","foo_threshold":10},"geometry":{"type":"Polygon","coordinates":[[[49.1,21.8346],[49.0346,21.9],[49.1,21.9654],[49.1654,21.9],[49.1,21.8346]]]}},{"type":"Feature","properties":{"source_type":"anthro","foo_threshold":10},"geometry":{"type":"Polygon","coordinates":[[[46.5,32.8317],[46.4317,32.9],[46.5,32.9683],[46.5683,32.9],[46.5,32.8317]]]}},{"type":"Feature","properties":{"source_type":"anthro","foo_threshold":10},"geometry":{"type":"Polygon","coordinates":[[[51.4,28.2335],[51.3335,28.3],[51.4,28.3665],[51.4665,28.3],[51.4,28.2335]]]}},{"type":"Feature","properties":{"source_type":"anthro","foo_threshold":10},"geometry":{"type":"Polygon","coordinates":[[[46.9,32.6322],[46.8322,32.7],[46.9,32.7678],[46.9678,32.7],[46.9,32.6322]]]}},{"type":"Feature","properties":{"source_type":"anthro","foo_threshold":10},"geometry":{"type":"Polygon","coordinates":[[[48.2,16.5457],[48.162,16.6],[48.2,16.676],[48.2844,16.6],[48.2,16.5457]]]}},{"type":"Feature","properties":{"source_type":"anthro","foo_threshold":10},"geometry":{"type":"Polygon","coordinates":[[[50.1,22.7372],[50.0372,22.8],[50.1,22.8628],[50.1628,22.8],[50.1,22.7372]]]}},{"type":"Feature","properties":{"source_type":"anthro","foo_threshold":10},"geometry":{"type":"Polygon","coordinates":[[[47.4,26.3392],[47.4644,26.4],[47.4,26.4657],[47.3398,26.4],[47.4,26.3392]]]}},{"type":"Feature","properties":{"source_type":"anthro","foo_threshold":10},"geometry":{"type":"Polygon","coordinates":[[[56.1,28.3671],[56.0671,28.4],[56.1,28.4329],[56.226,28.4],[56.1,28.3671]]]}},{"type":"Feature","properties":{"source_type":"anthro","foo_threshold":10},"geometry":{"type":"Polygon","coordinates":[[[55.0,28.4383],[54.9383,28.5],[55.0,28.5617],[55.0617,28.5],[55.0,28.4383]]]}},{"type":"Feature","properties":{"source_type":"anthro","foo_threshold":10},"geometry":{"type":"Polygon","coordinates":[[[45.8,28.369],[45.9,28.3709],[45.9279,28.4],[45.9,28.4281],[45.8,28.4275],[45.7689,28.4],[45.8,28.369]]]}},{"type":"Feature","properties":{"source_type":"anthro","foo_threshold":10},"geometry":{"type":"Polygon","coordinates":[[[46.2,20.4408],[46.1408,20.5],[46.2,20.5592],[46.2592,20.5],[46.2,20.4408]]]}},{"type":"Feature","properties":{"source_type":"anthro","foo_threshold":10},"geometry":{"type":"Polygon","coordinates":[[[52.1,27.8393],[52.0393,27.9],[52.1,27.9607],[52.1607,27.9],[52.1,27.8393]]]}},{"type":"Feature","properties":{"source_type":"anthro","foo_threshold":10},"geometry":{"type":"Polygon","coordinates":[[[56.5,28.2503],[56.4051,28.3],[56.5,28.3497],[56.5497,28.3],[56.5,28.2503]]]}},{"type":"Feature","properties":{"source_type":"anthro","foo_threshold":10},"geometry":{"type":"Polygon","coordinates":[[[58.0,28.557],[57.957,28.6],[58.0,28.654],[58.0992,28.6],[58.0,28.557]]]}},{"type":"Feature","properties":{"source_type":"anthro","foo_threshold":10},"geometry":{"type":"Polygon","coordinates":[[[52.2,22.4429],[52.1429,22.5],[52.2,22.5571],[52.2571,22.5],[52.2,22.4429]]]}},{"type":"Feature","properties":{"source_type":"anthro","foo_threshold":10},"geometry":{"type":"Polygon","coordinates":[[[45.7,30.441],[45.641,30.5],[45.7,30.559],[45.759,30.5],[45.7,30.441]]]}},{"type":"Feature","properties":{"source_type":"anthro","foo_threshold":10},"geometry":{"type":"Polygon","coordinates":[[[49.4,23.6429],[49.3429,23.7],[49.4,23.7571],[49.4571,23.7],[49.4,23.6429]]]}},{"type":"Feature","properties":{"source_type":"anthro","foo_threshold":10},"geometry":{"type":"Polygon","coordinates":[[[57.4,28.8435],[57.3435,28.9],[57.4,28.9632],[57.4565,28.9],[57.4,28.8435]]]}},{"type":"Feature","properties":{"source_type":"anthro","foo_threshold":10},"geometry":{"type":"Polygon","coordinates":[[[44.9,23.6058],[44.874,23.7],[44.9,23.726],[44.9706,23.7],[44.9,23.6058]]]}},{"type":"Feature","properties":{"source_type":"anthro","foo_threshold":10},"geometry":{"type":"Polygon","coordinates":[[[45.9,32.2444],[45.8444,32.3],[45.9,32.3556],[45.9556,32.3],[45.9,32.2444]]]}},{"type":"Feature","properties":{"source_type":"anthro","foo_threshold":10},"geometry":{"type":"Polygon","coordinates":[[[44.9,28.3425],[44.9724,28.4],[44.9,28.4395],[44.8505,28.4],[44.9,28.3425]]]}},{"type":"Feature","properties":{"source_type":"anthro","foo_threshold":10},"geometry":{"type":"Polygon","coordinates":[[[51.7,32.6459],[51.7,32.7471],[51.8009,32.7],[51.7,32.6459]]]}},{"type":"Feature","properties":{"source_type":"anthro","foo_threshold":10},"geometry":{"type":"Polygon","coordinates":[[[53.9,29.6221],[53.8335,29.7],[53.9,29.7502],[53.926,29.7],[53.9,29.6221]]]}},{"type":"Feature","properties":{"source_type":"anthro","foo_threshold":10},"geometry":{"type":"Polygon","coordinates":[[[47.0,31.845],[46.945,31.9],[47.0,31.955],[47.055,31.9],[47.0,31.845]]]}},{"type":"Feature","properties":{"source_type":"anthro","foo_threshold":10},"geometry":{"type":"Polygon","coordinates":[[[48.9,26.0467],[48.8467,26.1],[48.9,26.1533],[48.9533,26.1],[48.9,26.0467]]]}},{"type":"Feature","properties":{"source_type":"anthro","foo_threshold":10},"geometry":{"type":"Polygon","coordinates":[[[51.0,23.9488],[50.9488,24.0],[51.0,24.0512],[51.0512,24.0],[51.0,23.9488]]]}},{"type":"Feature","properties":{"source_type":"anthro","foo_threshold":10},"geometry":{"type":"Polygon","coordinates":[[[44.6,20.62],[44.57,20.8],[44.6009,20.8],[44.6188,20.7],[44.6,20.62]]]}},{"type":"Feature","properties":{"source_type":"anthro","foo_threshold":10},"geometry":{"type":"Polygon","coordinates":[[[46.7,24.0415],[46.7495,24.1],[46.7,24.1388],[46.6489,24.1],[46.7,24.0415]]]}},{"type":"Feature","properties":{"source_type":"anthro","foo_threshold":10},"geometry":{"type":"Polygon","coordinates":[[[56.9,32.7492],[56.8492,32.8],[56.9,32.8508],[56.9508,32.8],[56.9,32.7492]]]}},{"type":"Feature","properties":{"source_type":"anthro","foo_threshold":10},"geometry":{"type":"Polygon","coordinates":[[[45.6,31.1499],[45.5499,31.2],[45.6,31.2501],[45.6501,31.2],[45.6,31.1499]]]}},{"type":"Feature","properties":{"source_type":"anthro","foo_threshold":10},"geometry":{"type":"Polygon","coordinates":[[[59.0,28.5511],[58.9511,28.6],[59.0,28.6489],[59.0489,28.6],[59.0,28.5511]]]}},{"type":"Feature","properties":{"source_type":"anthro","foo_threshold":10},"geometry":{"type":"Polygon","coordinates":[[[45.6,22.8524],[45.5524,22.9],[45.6,22.9476],[45.6476,22.9],[45.6,22.8524]]]}},{"type":"Feature","properties":{"source_type":"anthro","foo_threshold":10},"geometry":{"type":"Polygon","coordinates":[[[44.4,20.2673],[44.4,20.36],[44.49,20.3],[44.4,20.2673]]]}},{"type":"Feature","properties":{"source_type":"anthro","foo_threshold":10},"geometry":{"type":"Polygon","coordinates":[[[46.7,32.7507],[46.6507,32.8],[46.7,32.8493],[46.7493,32.8],[46.7,32.7507]]]}},{"type":"Feature","properties":{"source_type":"anthro","foo_threshold":10},"geometry":{"type":"Polygon","coordinates":[[[47.1,22.2532],[47.0532,22.3],[47.1,22.3468],[47.1468,22.3],[47.1,22.2532]]]}},{"type":"Feature","properties":{"source_type":"anthro","foo_threshold":10},"geometry":{"type":"Polygon","coordinates":[[[48.7,17.4711],[48.7,17.5039],[48.84,17.5],[48.7,17.4711]]]}},{"type":"Feature","properties":{"source_type":"anthro","foo_threshold":10},"geometry":{"type":"Polygon","coordinates":[[[49.1,22.356],[49.056,22.4],[49.1,22.444],[49.144,22.4],[49.1,22.356]]]}},{"type":"Feature","properties":{"source_type":"anthro","foo_threshold":10},"geometry":{"type":"Polygon","coordinates":[[[49.3,16.7644],[49.2529,16.8],[49.3,16.8768],[49.3,16.7644]]]}},{"type":"Feature","properties":{"source_type":"anthro","foo_threshold":10},"geometry":{"type":"Polygon","coordinates":[[[51.5,23.4565],[51.4565,23.5],[51.5,23.5435],[51.5435,23.5],[51.5,23.4565]]]}},{"type":"Feature","properties":{"source_type":"anthro","foo_threshold":10},"geometry":{"type":"Polygon","coordinates":[[[50.2,24.358],[50.158,24.4],[50.2,24.442],[50.242,24.4],[50.2,24.358]]]}},{"type":"Feature","properties":{"source_type":"anthro","foo_threshold":10},"geometry":{"type":"Polygon","coordinates":[[[58.2,28.4602],[58.1602,28.5],[58.2,28.5502],[58.2398,28.5],[58.2,28.4602]]]}},{"type":"Feature","properties":{"source_type":"anthro","foo_threshold":10},"geometry":{"type":"Polygon","coordinates":[[[54.4,19.7815],[54.3336,19.8],[54.4,19.8604],[54.4,19.7815]]]}},{"type":"Feature","properties":{"source_type":"anthro","foo_threshold":10},"geometry":{"type":"Polygon","coordinates":[[[59.1,26.4585],[59.0585,26.5],[59.1,26.5415],[59.1415,26.5],[59.1,26.4585]]]}},{"type":"Feature","properties":{"source_type":"anthro","foo_threshold":10},"geometry":{"type":"Polygon","coordinates":[[[46.0,22.8596],[45.9596,22.9],[46.0,22.9404],[46.0404,22.9],[46.0,22.8596]]]}},{"type":"Feature","properties":{"source_type":"anthro","foo_threshold":10},"geometry":{"type":"Polygon","coordinates":[[[50.0,21.3602],[49.9602,21.4],[50.0,21.4398],[50.0398,21.4],[50.0,21.3602]]]}},{"type":"Feature","properties":{"source_type":"anthro","foo_threshold":10},"geometry":{"type":"Polygon","coordinates":[[[50.4,25.2602],[50.3602,25.3],[50.4,25.3398],[50.4398,25.3],[50.4,25.2602]]]}},{"type":"Feature","properties":{"source_type":"anthro","foo_threshold":10},"geometry":{"type":"Polygon","coordinates":[[[44.9,18.8588],[44.9,19.0024],[44.9244,18.9],[44.9,18.8588]]]}},{"type":"Feature","properties":{"source_type":"anthro","foo_threshold":10},"geometry":{"type":"Polygon","coordinates":[[[54.5,20.0642],[54.4626,20.1],[54.5,20.1538],[54.53,20.1],[54.5,20.0642]]]}},{"type":"Feature","properties":{"source_type":"anthro","foo_threshold":10},"geometry":{"type":"Polygon","coordinates":[[[46.5,24.9617],[46.5324,25.0],[46.5,25.0343],[46.4485,25.0],[46.5,24.9617]]]}},{"type":"Feature","properties":{"source_type":"anthro","foo_threshold":10},"geometry":{"type":"Polygon","coordinates":[[[50.6,24.8625],[50.5625,24.9],[50.6,24.9375],[50.6375,24.9],[50.6,24.8625]]]}},{"type":"Feature","properties":{"source_type":"anthro","foo_threshold":10},"geometry":{"type":"Polygon","coordinates":[[[44.2,20.728],[44.155,20.8],[44.2,20.836],[44.2,20.728]]]}},{"type":"Feature","properties":{"source_type":"anthro","foo_threshold":10},"geometry":{"type":"Polygon","coordinates":[[[58.2,27.7625],[58.1625,27.8],[58.2,27.8375],[58.2375,27.8],[58.2,27.7625]]]}},{"type":"Feature","properties":{"source_type":"anthro","foo_threshold":10},"geometry":{"type":"Polygon","coordinates":[[[44.9,28.6678],[44.94,28.7],[44.9,28.7511],[44.8736,28.7],[44.9,28.6678]]]}},{"type":"Feature","properties":{"source_type":"anthro","foo_threshold":10},"geometry":{"type":"Polygon","coordinates":[[[44.6,18.9708],[44.5708,19.0],[44.6,19.0566],[44.6292,19.0],[44.6,18.9708]]]}},{"type":"Feature","properties":{"source_type":"anthro","foo_threshold":10},"geometry":{"type":"Polygon","coordinates":[[[45.5,21.1644],[45.4644,21.2],[45.5,21.2356],[45.5356,21.2],[45.5,21.1644]]]}},{"type":"Feature","properties":{"source_type":"anthro","foo_threshold":10},"geometry":{"type":"Polygon","coordinates":[[[45.9,24.7628],[45.9341,24.8],[45.9,24.8322],[45.8623,24.8],[45.9,24.7628]]]}},{"type":"Feature","properties":{"source_type":"anthro","foo_threshold":10},"geometry":{"type":"Polygon","coordinates":[[[49.7,20.9671],[49.6671,21.0],[49.7,21.0329],[49.7329,21.0],[49.7,20.9671]]]}},{"type":"Feature","properties":{"source_type":"anthro","foo_threshold":10},"geometry":{"type":"Polygon","coordinates":[[[56.3,28.6758],[56.2758,28.7],[56.3,28.7242],[56.3644,28.7],[56.3,28.6758]]]}},{"type":"Feature","properties":{"source_type":"anthro","foo_threshold":10},"geometry":{"type":"Polygon","coordinates":[[[57.4,28.3749],[57.3749,28.4],[57.4,28.46],[57.4251,28.4],[57.4,28.3749]]]}},{"type":"Feature","properties":{"source_type":"anthro","foo_threshold":10},"geometry":{"type":"Polygon","coordinates":[[[44.2,20.1685],[44.1685,20.2],[44.2,20.2315],[44.2315,20.2],[44.2,20.1685]]]}},{"type":"Feature","properties":{"source_type":"anthro","foo_threshold":10},"geometry":{"type":"Polygon","coordinates":[[[51.8,23.0692],[51.7692,23.1],[51.8,23.1308],[51.8308,23.1],[51.8,23.0692]]]}},{"type":"Feature","properties":{"source_type":"anthro","foo_threshold":10},"geometry":{"type":"Polygon","coordinates":[[[44.8,20.9708],[44.7708,21.0],[44.8,21.0292],[44.8292,21.0],[44.8,20.9708]]]}},{"type":"Feature","properties":{"source_type":"anthro","foo_threshold":10},"geometry":{"type":"Polygon","coordinates":[[[46.1,28.4709],[46.1339,28.5],[46.1,28.5275],[46.0728,28.5],[46.1,28.4709]]]}},{"type":"Feature","properties":{"source_type":"anthro","foo_threshold":10},"geometry":{"type":"Polygon","coordinates":[[[47.5,32.4731],[47.5291,32.5],[47.5,32.5327],[47.4702,32.5],[47.5,32.4731]]]}},{"type":"Feature","properties":{"source_type":"anthro","foo_threshold":10},"geometry":{"type":"Polygon","coordinates":[[[49.2,20.0724],[49.1724,20.1],[49.2,20.1276],[49.2276,20.1],[49.2,20.0724]]]}},{"type":"Feature","properties":{"source_type":"anthro","foo_threshold":10},"geometry":{"type":"Polygon","coordinates":[[[46.6,21.0724],[46.5724,21.1],[46.6,21.1276],[46.6276,21.1],[46.6,21.0724]]]}},{"type":"Feature","properties":{"source_type":"anthro","foo_threshold":10},"geometry":{"type":"Polygon","coordinates":[[[44.6,21.574],[44.574,21.6],[44.6,21.626],[44.626,21.6],[44.6,21.574]]]}},{"type":"Feature","properties":{"source_type":"anthro","foo_threshold":10},"geometry":{"type":"Polygon","coordinates":[[[44.4,20.787],[44.4,20.813],[44.4873,20.8],[44.4,20.787]]]}},{"type":"Feature","properties":{"source_type":"anthro","foo_threshold":10},"geometry":{"type":"Polygon","coordinates":[[[51.3,16.2795],[51.2795,16.3],[51.3,16.3386],[51.3205,16.3],[51.3,16.2795]]]}},{"type":"Feature","properties":{"source_type":"anthro","foo_threshold":10},"geometry":{"type":"Polygon","coordinates":[[[59.7,26.4749],[59.6749,26.5],[59.7,26.5251],[59.7251,26.5],[59.7,26.4749]]]}},{"type":"Feature","properties":{"source_type":"anthro","foo_threshold":10},"geometry":{"type":"Polygon","coordinates":[[[44.4,20.472],[44.4,20.5014],[44.48,20.5],[44.4,20.472]]]}},{"type":"Feature","properties":{"source_type":"anthro","foo_threshold":10},"geometry":{"type":"Polygon","coordinates":[[[50.3,18.77],[50.3,18.8053],[50.36,18.8],[50.3,18.77]]]}},{"type":"Feature","properties":{"source_type":"anthro","foo_threshold":10},"geometry":{"type":"Polygon","coordinates":[[[51.3,22.8758],[51.2758,22.9],[51.3,22.9242],[51.3242,22.9],[51.3,22.8758]]]}},{"type":"Feature","properties":{"source_type":"anthro","foo_threshold":10},"geometry":{"type":"Polygon","coordinates":[[[60.0,28.174],[59.974,28.2],[60.0,28.2685],[60.0,28.174]]]}},{"type":"Feature","properties":{"source_type":"anthro","foo_threshold":10},"geometry":{"type":"Polygon","coordinates":[[[45.3,28.0779],[45.324,28.1],[45.3,28.128],[45.2781,28.1],[45.3,28.0779]]]}},{"type":"Feature","properties":{"source_type":"anthro","foo_threshold":10},"geometry":{"type":"Polygon","coordinates":[[[48.5,21.9826],[48.4611,22.0],[48.5,22.0174],[48.5,21.9826]]]}},{"type":"Feature","properties":{"source_type":"anthro","foo_threshold":10},"geometry":{"type":"Polygon","coordinates":[[[51.8,28.7761],[51.8213,28.8],[51.8,28.821],[51.7762,28.8],[51.8,28.7761]]]}},{"type":"Feature","properties":{"source_type":"anthro","foo_threshold":10},"geometry":{"type":"Polygon","coordinates":[[[53.5,22.07],[53.47,22.1],[53.52,22.1],[53.5,22.07]]]}},{"type":"Feature","properties":{"source_type":"anthro","foo_threshold":10},"geometry":{"type":"Polygon","coordinates":[[[44.6,21.38],[44.58,21.4],[44.6,21.42],[44.6,21.38]]]}},{"type":"Feature","properties":{"source_type":"anthro","foo_threshold":10},"geometry":{"type":"Polygon","coordinates":[[[57.6,28.8894],[57.6,28.9137],[57.6304,28.9],[57.6,28.8894]]]}},{"type":"Feature","properties":{"source_type":"anthro","foo_threshold":10},"geometry":{"type":"Polygon","coordinates":[[[55.5,21.7813],[55.4785,21.8],[55.5,21.8095],[55.5,21.7813]]]}},{"type":"Feature","properties":{"source_type":"anthro","foo_threshold":20},"geometry":{"type":"Polygon","coordinates":[[[44.2,24.8709],[44.0933,25.0],[44.0682,25.2],[44.0,25.2901],[43.9,25.2888],[43.8,25.3913],[43.6,25.363],[43.5702,25.4],[43.7,25.6617],[43.8207,25.7],[43.8223,25.8],[43.7191,25.9],[43.8,26.0067],[43.7,25.9677],[43.6,25.8582],[43.4,25.8477],[43.3,25.7943],[43.19,25.6],[43.304,25.5],[43.2,25.4103],[43.0,25.3131],[42.974,25.4],[43.0,25.4779],[43.0582,25.5],[42.9,25.6641],[42.778,25.7],[42.7864,25.8],[42.6927,25.9],[42.7131,26.0],[42.9,26.0806],[43.0,26.261],[43.1,26.1312],[43.3,26.1582],[43.3418,26.2],[43.3705,26.4],[43.4,26.4155],[43.5,26.3712],[43.549,26.4],[43.5113,26.6],[43.5521,26.7],[43.5468,26.8],[43.5,27.0211],[43.4,27.08],[43.3,26.9483],[43.2,26.9428],[43.0303,27.0],[43.0,27.0489],[42.8,27.0636],[42.7,27.0032],[42.6514,26.9],[42.8273,26.6],[42.8,26.5432],[42.7,26.5957],[42.6,26.5993],[42.4,26.3035],[42.3,26.3225],[42.2,26.4669],[42.1,26.4519],[42.0639,26.5],[42.1095,26.6],[42.3,26.6718],[42.4229,26.8],[42.4,26.848],[42.2,26.845],[42.0921,26.9],[42.2457,27.0],[42.2,27.0985],[42.1,27.114],[42.0,27.0448],[41.8,27.0381],[41.7,27.0486],[41.6723,27.1],[41.8,27.1682],[41.9,27.1611],[41.9404,27.2],[41.9294,27.3],[42.0338,27.4],[41.9419,27.5],[42.1,27.66],[42.2369,27.7],[42.2,27.7436],[42.1,27.7282],[42.0445,27.8],[42.1608,27.9],[42.3,27.9543],[42.4,27.9739],[42.8,27.8933],[43.0,27.953],[43.0813,27.9],[42.9,27.7942],[42.8127,27.7],[42.8133,27.6],[43.0,27.5186],[43.2,27.6164],[43.3,27.57],[43.4,27.5944],[43.7,27.758],[43.874,27.8],[43.7,27.9754],[43.6,27.9986],[43.4878,28.1],[43.56,28.2],[43.5,28.2369],[43.4,28.2117],[43.3243,28.3],[43.4,28.3883],[43.8,28.2246],[43.8178,28.2],[43.6371,28.1],[43.7,28.0267],[43.9,28.0107],[44.0,27.9425],[44.1,27.9413],[44.1886,27.9],[44.135,27.8],[44.2,27.7895],[44.3,27.8157],[44.4871,28.0],[44.6179,28.2],[44.4547,28.3],[44.247,28.5],[44.0,28.5993],[43.8,28.6075],[43.7234,28.7],[43.7231,28.8],[43.8147,28.9],[43.8,29.0264],[43.7,29.0543],[43.4,29.0158],[43.3,29.118],[43.0,29.1552],[43.0,29.3171],[43.1,29.3844],[43.3,29.241],[43.4,29.2947],[43.4933,29.3],[43.4371,29.4],[43.5,29.4733],[43.7,29.4768],[43.8,29.3817],[43.5033,29.3],[43.7,29.1835],[43.8,29.2388],[43.8306,29.3],[44.2,29.3024],[44.2272,29.2],[44.4,29.0264],[44.4961,29.1],[44.5,29.1433],[44.6,29.1586],[44.8,29.0353],[44.9,29.042],[44.942,29.0],[44.8472,28.7],[44.9,28.6356],[44.98,28.7],[45.0,28.7644],[45.0749,28.7],[45.123,28.6],[45.1168,28.5],[45.0,28.4423],[44.9,28.479],[44.724,28.3],[45.0,28.287],[45.3,28.4891],[45.3195,28.4],[45.2381,28.3],[45.3,28.244],[45.4,28.2311],[45.4712,28.3],[45.4631,28.4],[45.5664,28.5],[45.5543,28.6],[45.6664,28.7],[45.7,28.8238],[46.0,28.834],[46.1,28.9329],[46.2,28.9315],[46.3,29.0185],[46.5681,29.0],[46.6,28.8736],[46.7,28.7467],[46.8548,28.9],[46.8465,29.0],[46.9,29.0124],[47.0,29.0169],[47.1,28.9195],[47.3946,28.9],[47.5,28.7716],[47.5623,28.6],[47.2,28.3056],[47.1555,28.0],[47.2,27.8725],[47.142,27.8],[46.9,27.6792],[46.857,27.6],[46.8629,27.5],[47.2,27.379],[47.5,27.4158],[47.7,27.3848],[47.7406,27.3],[47.6559,27.2],[47.6505,27.1],[47.6,27.0495],[47.5,27.1474],[47.2425,26.9],[47.3,26.845],[47.5,26.843],[47.6,26.7381],[47.7,26.8395],[47.8,26.8428],[47.8428,26.8],[47.7372,26.7],[47.7311,26.6],[47.8374,26.5],[47.8625,26.4],[48.0,26.3147],[48.135,26.3],[48.2291,26.2],[48.1,26.117],[47.9,26.2682],[47.7,26.2292],[47.6206,26.3],[47.6,26.4195],[47.4276,26.6],[47.3613,26.6],[47.2,26.4878],[47.1678,26.6],[47.1,26.6599],[47.0264,26.6],[47.0195,26.4],[47.0528,26.3],[47.0,26.2545],[46.9,26.2306],[46.8,26.2855],[46.6,26.2754],[46.5467,26.3],[46.6,26.3533],[46.6211,26.5],[46.5,26.6348],[46.3554,26.6],[46.3,26.528],[46.228,26.6],[46.2,26.7058],[46.0,26.7112],[45.5,26.8251],[45.4614,26.2],[45.5747,26.0],[45.3,25.9624],[45.2617,26.0],[45.2661,26.1],[45.2,26.168],[45.0,26.2648],[44.9,26.1817],[44.8,26.2272],[44.7029,26.2],[44.6963,26.0],[44.8,25.742],[44.7983,25.6],[44.7,25.54],[44.6,25.5392],[44.4145,25.4],[44.4293,25.3],[44.5626,25.2],[44.6124,25.1],[44.5,24.9994],[44.3838,25.1],[44.2,25.1461],[44.1339,25.1],[44.222,25.0],[44.2,24.8709]]]}},{"type":"Feature","properties":{"source_type":"anthro","foo_threshold":20},"geometry":{"type":"Polygon","coordinates":[[[46.1,23.7961],[46.0112,23.9],[46.0416,24.0],[46.1377,24.1],[45.8271,24.2],[46.0,24.2662],[46.1,24.365],[46.2225,24.4],[46.1793,24.5],[46.0,24.6174],[45.8,24.6543],[45.7,24.78],[45.4,24.9585],[45.2,24.8811],[45.0,24.8844],[44.9118,25.0],[44.9542,25.2],[45.1,25.2537],[45.2,25.3338],[45.3,25.34],[45.3527,25.5],[45.4,25.5407],[45.7921,25.7],[45.861,25.8],[45.8,25.8914],[45.6897,25.9],[45.6337,26.2],[45.5264,26.3],[45.7,26.4279],[45.8,26.4504],[45.9,26.3644],[46.0,26.3711],[46.0991,26.4],[46.2,26.4914],[46.3,26.4767],[46.3836,26.4],[46.5,26.244],[46.6131,26.0],[46.7,25.9433],[47.0,25.971],[47.3,25.9379],[47.4,25.894],[47.5018,25.8],[47.4,25.64],[47.4258,25.5],[47.4057,25.4],[47.58,25.1],[47.3492,24.9],[47.2,24.8671],[47.1,24.9428],[46.9,24.9644],[46.7791,24.9],[46.7291,24.8],[46.6,24.7876],[46.5,24.6776],[46.4,24.674],[46.3224,24.6],[46.334,24.5],[46.4,24.4308],[46.5,24.5315],[46.6,24.4343],[46.8,24.6336],[47.0,24.428],[47.1,24.5093],[47.1471,24.5],[47.2155,24.4],[47.0,24.3228],[46.9983,24.2],[46.9,24.1296],[46.8,24.0968],[46.7,24.1776],[46.6,24.12],[46.5,24.1322],[46.4,24.0954],[46.3174,24.0],[46.4,23.9315],[46.5005,23.9],[46.4,23.72],[46.2,23.7352],[46.1,23.7961]]]}},{"type":"Feature","properties":{"source_type":"anthro","foo_threshold":20},"geometry":{"type":"Polygon","coordinates":[[[51.2,28.574],[51.174,28.6],[51.158,28.8],[51.1,28.8605],[51.0,28.8647],[50.9647,28.9],[50.9628,29.0],[50.8,29.1853],[50.6998,29.2],[50.8416,29.4],[50.6736,29.5],[50.6585,29.8],[50.6,29.8444],[50.5384,29.8],[50.5,29.681],[50.4616,29.8],[50.3,29.8594],[50.1628,30.0],[50.1681,30.1],[49.9692,30.3],[49.9,30.3467],[49.8,30.358],[49.726,30.3],[49.7,30.1762],[49.6,30.1712],[49.5712,30.2],[49.572,30.3],[49.4631,30.4],[49.6,30.5288],[49.7,30.5268],[49.8,30.6392],[49.9,30.555],[50.0465,30.7],[50.1,31.0858],[50.3,30.9236],[50.5,30.8872],[50.7,30.7907],[50.7425,30.7],[50.761,30.5],[50.8763,30.4],[51.3,30.3224],[51.5,30.2113],[51.5331,29.9],[51.691,29.6],[51.8773,29.5],[52.0,29.3869],[52.1273,29.2],[52.1422,29.0],[52.2521,28.9],[52.5979,28.7],[51.8,28.6479],[51.7,28.5558],[51.5,28.5602],[51.4,28.6602],[51.3,28.5548],[51.2,28.574]]]}},{"type":"Feature","properties":{"source_type":"anthro","foo_threshold":20},"geometry":{"type":"Polygon","coordinates":[[[49.2,30.6842],[49.1069,30.7],[49.1267,30.8],[49.0,30.8173],[48.9,30.9138],[48.8,30.9112],[48.7,30.8608],[48.6027,31.0],[48.6314,31.1],[48.7,31.1582],[48.8,31.118],[48.9,31.0219],[48.9753,31.1],[48.9758,31.2],[48.9,31.2771],[48.8,31.2894],[48.8,31.3507],[48.9,31.3955],[49.0,31.3224],[49.1,31.319],[49.1749,31.4],[49.1,31.4901],[48.995,31.5],[49.0133,31.6],[48.9607,31.8],[48.708,31.9],[48.7964,32.2],[48.7,32.2994],[48.5,32.38],[48.4,32.3878],[48.2,32.3352],[48.1209,32.3],[48.1,32.2459],[47.8,32.2018],[47.7,32.0233],[47.5767,32.1],[47.5732,32.2],[47.3,32.4575],[47.1,32.4479],[47.0479,32.5],[47.1,32.8185],[47.1381,32.7],[47.2,32.6406],[47.3,32.7204],[47.4,32.7524],[47.9,32.8475],[48.1,32.8231],[48.3,32.7464],[48.5,32.7589],[48.5757,32.7],[48.3888,32.6],[48.413,32.5],[48.5,32.4067],[48.6,32.4136],[48.7,32.5418],[49.1,32.4363],[49.1682,32.4],[49.3,32.201],[49.4,32.176],[49.48,32.1],[49.4962,32.0],[49.5781,31.9],[49.58,31.8],[49.6721,31.7],[49.9,31.5688],[49.9909,31.4],[50.0331,31.2],[50.0858,31.1],[49.9,31.0678],[49.8362,31.0],[49.9442,30.9],[49.9575,30.8],[49.9,30.7425],[49.8,30.7515],[49.5,31.0524],[49.3,31.0501],[49.2378,31.0],[49.3,30.9264],[49.4,30.9378],[49.5398,30.8],[49.5311,30.7],[49.5,30.6689],[49.4,30.77],[49.3,30.6724],[49.2,30.6842]]]}},{"type":"Feature","properties":{"source_type":"anthro","foo_threshold":20},"geometry":{"type":"Polygon","coordinates":[[[45.0,22.3085],[44.9,22.4785],[44.8,22.5631],[44.6,22.5378],[44.5532,22.6],[44.6,22.6468],[44.7,22.6463],[44.7553,22.7],[44.6543,22.8],[44.6509,22.9],[44.7,22.9491],[44.8,22.8296],[45.0,22.9793],[45.1,22.8124],[45.2,22.8689],[45.3,22.8728],[45.5118,22.8],[45.5,22.7642],[45.2,22.6231],[45.1,22.735],[45.0,22.7056],[44.9827,22.6],[45.1845,22.4],[45.1,22.3241],[45.0,22.3085]]]}},{"type":"Feature","properties":{"source_type":"anthro","foo_threshold":20},"geometry":{"type":"Polygon","coordinates":[[[44.2,21.994],[44.1,22.0685],[44.0,22.0876],[43.9,22.0664],[43.8728,22.3],[43.8,22.3509],[43.7,22.2486],[43.6486,22.3],[43.6708,22.5],[43.7,22.5292],[43.8,22.5346],[43.9,22.4491],[44.2,22.5129],[44.3,22.44],[44.4,22.4936],[44.5,22.41],[44.4,22.342],[44.3,22.388],[44.1576,22.3],[44.1712,22.2],[44.3,22.0136],[44.5,22.0343],[44.5343,22.0],[44.5,21.9277],[44.2,21.994]]]}},{"type":"Feature","properties":{"source_type":"anthro","foo_threshold":20},"geometry":{"type":"Polygon","coordinates":[[[46.1,26.819],[46.2,26.8913],[46.3,26.844],[46.5,26.8506],[46.548,26.9],[46.6,27.1238],[46.3,27.1251],[46.2,27.04],[46.1638,27.2],[46.1,27.258],[45.9,27.261],[45.8415,27.2],[45.82,27.0],[45.9,26.9136],[46.0,26.9174],[46.1,26.819]]]}},{"type":"Feature","properties":{"source_type":"anthro","foo_threshold":20},"geometry":{"type":"Polygon","coordinates":[[[48.3,27.7961],[48.0543,27.9],[47.8,27.9127],[47.7,27.9779],[47.6805,28.1],[47.7942,28.2],[47.8658,28.4],[48.1947,28.4],[48.1,28.3901],[48.0032,28.3],[48.0343,28.1],[48.1,28.0153],[48.1805,28.1],[48.2,28.206],[48.3,28.0156],[48.3,27.7961]]]}},{"type":"Feature","properties":{"source_type":"anthro","foo_threshold":20},"geometry":{"type":"Polygon","coordinates":[[[54.3,28.4449],[54.2449,28.5],[54.2509,28.6],[54.2,28.6596],[54.1,28.7619],[54.0,28.7608],[53.8641,28.9],[53.9,29.0003],[54.0,28.9319],[54.1,28.9583],[54.2,28.932],[54.2621,28.8],[54.5,28.6921],[54.7,28.6593],[54.7356,28.6],[54.7,28.5644],[54.5,28.5619],[54.4,28.4495],[54.3,28.4449]]]}},{"type":"Feature","properties":{"source_type":"anthro","foo_threshold":20},"geometry":{"type":"Polygon","coordinates":[[[51.3,15.7876],[51.2,15.8876],[51.1,15.8785],[50.9815,16.0],[51.2,16.0224],[51.3,16.0764],[51.5,15.9595],[51.7,15.9988],[51.7871,15.9],[51.7,15.7914],[51.3,15.7876]]]}},{"type":"Feature","properties":{"source_type":"anthro","foo_threshold":20},"geometry":{"type":"Polygon","coordinates":[[[46.2,32.9515],[46.1515,33.0],[46.1541,33.1],[46.2,33.1459],[46.3,33.1472],[46.3635,33.2],[46.3826,33.3],[46.3,33.3608],[46.2,33.3605],[46.1605,33.4],[46.172,33.5],[46.1,33.5736],[45.8,33.5853],[45.7853,33.6],[45.9,33.7529],[46.1,33.6889],[46.3677,33.5],[46.4328,33.4],[46.4428,33.1],[46.4,33.0572],[46.3,33.0528],[46.2,32.9515]]]}},{"type":"Feature","properties":{"source_type":"anthro","foo_threshold":20},"geometry":{"type":"Polygon","coordinates":[[[48.4,29.9983],[48.4,30.2463],[48.5,30.2206],[48.6,30.256],[48.6463,30.3],[48.7229,30.5],[48.8,30.5582],[48.8292,30.1],[48.8,30.0708],[48.6,30.0831],[48.5174,30.0],[48.5,29.9352],[48.4,29.9983]]]}},{"type":"Feature","properties":{"source_type":"anthro","foo_threshold":20},"geometry":{"type":"Polygon","coordinates":[[[46.6,30.5933],[46.6,30.6383],[46.8,30.7586],[46.9,30.7902],[47.0,30.7723],[47.2,30.7988],[47.3,30.7346],[47.4,30.7583],[47.606,30.6],[47.4,30.5588],[47.3,30.6654],[46.8,30.6836],[46.7,30.587],[46.6,30.5933]]]}},{"type":"Feature","properties":{"source_type":"anthro","foo_threshold":20},"geometry":{"type":"Polygon","coordinates":[[[47.1,31.4531],[47.0,31.5709],[46.9,31.6345],[46.9,31.8118],[47.1,31.6067],[47.2,31.7124],[47.4073,31.7],[47.4232,31.5],[47.4,31.4763],[47.1,31.4531]]]}},{"type":"Feature","properties":{"source_type":"anthro","foo_threshold":20},"geometry":{"type":"Polygon","coordinates":[[[44.9,31.0744],[44.8667,31.2],[44.9762,31.3],[44.9,31.3704],[44.8,31.3678],[44.6664,31.5],[44.7,31.5336],[44.9,31.5174],[45.0,31.4205],[45.2174,31.4],[45.2147,31.3],[45.1,31.2882],[45.026,31.2],[45.0272,31.1],[45.0,31.0728],[44.9,31.0744]]]}},{"type":"Feature","properties":{"source_type":"anthro","foo_threshold":20},"geometry":{"type":"Polygon","coordinates":[[[46.2,22.8671],[46.1671,22.9],[46.2,23.0505],[46.4,23.2943],[46.6447,23.3],[46.6,23.204],[46.5,23.1882],[46.3333,23.0],[46.3292,22.9],[46.3,22.8708],[46.2,22.8671]]]}},{"type":"Feature","properties":{"source_type":"anthro","foo_threshold":20},"geometry":{"type":"Polygon","coordinates":[[[53.0,28.1555],[52.8526,28.3],[52.8635,28.4],[52.9,28.4366],[53.1,28.4425],[53.2,28.3406],[53.4169,28.3],[53.4281,28.2],[53.4,28.172],[53.3,28.2685],[53.1,28.2567],[53.0,28.1555]]]}},{"type":"Feature","properties":{"source_type":"anthro","foo_threshold":20},"geometry":{"type":"Polygon","coordinates":[[[50.8,16.887],[50.7815,17.0],[50.8888,17.1],[50.9,17.1675],[51.1,17.1775],[51.2347,17.1],[51.1,16.9894],[50.8,16.887]]]}},{"type":"Feature","properties":{"source_type":"anthro","foo_threshold":20},"geometry":{"type":"Polygon","coordinates":[[[45.3,27.1824],[45.4,27.1738],[45.416,27.2],[45.4232,27.3],[45.3428,27.4],[45.1,27.4162],[45.0295,27.4],[45.0,27.3574],[44.974,27.3],[45.0,27.2709],[45.3,27.1824]]]}},{"type":"Feature","properties":{"source_type":"anthro","foo_threshold":20},"geometry":{"type":"Polygon","coordinates":[[[53.8,28.5585],[53.5,28.8847],[53.3435,28.9],[53.4,28.94],[53.7,28.9247],[53.8457,28.8],[53.8415,28.6],[53.8,28.5585]]]}},{"type":"Feature","properties":{"source_type":"anthro","foo_threshold":20},"geometry":{"type":"Polygon","coordinates":[[[48.1,26.687],[48.0546,26.8],[48.1,26.926],[48.2,26.9349],[48.4382,26.8],[48.4,26.6983],[48.3,26.7194],[48.1,26.687]]]}},{"type":"Feature","properties":{"source_type":"anthro","foo_threshold":20},"geometry":{"type":"Polygon","coordinates":[[[48.9,23.8938],[48.898,24.0],[48.7471,24.2],[48.8,24.2311],[48.9,24.2359],[49.0904,24.0],[49.0549,23.9],[49.0,23.8718],[48.9,23.8938]]]}},{"type":"Feature","properties":{"source_type":"anthro","foo_threshold":20},"geometry":{"type":"Polygon","coordinates":[[[44.4,25.6891],[44.5,25.6611],[44.5644,25.7],[44.4,26.0278],[44.3,26.0327],[44.2238,25.9],[44.3638,25.8],[44.4,25.6891]]]}},{"type":"Feature","properties":{"source_type":"anthro","foo_threshold":20},"geometry":{"type":"Polygon","coordinates":[[[48.1,30.9882],[48.0762,31.1],[48.1,31.2878],[48.2,31.26],[48.2736,31.2],[48.3152,31.1],[48.2,30.9282],[48.1,30.9882]]]}},{"type":"Feature","properties":{"source_type":"anthro","foo_threshold":20},"geometry":{"type":"Polygon","coordinates":[[[45.4,28.4745],[45.3079,28.5],[45.314,28.7],[45.2758,28.8],[45.3,28.8242],[45.4,28.8336],[45.5333,28.7],[45.4268,28.6],[45.4,28.4745]]]}},{"type":"Feature","properties":{"source_type":"anthro","foo_threshold":20},"geometry":{"type":"Polygon","coordinates":[[[57.7,28.2635],[57.6634,28.3],[57.661,28.4],[57.7,28.5039],[57.8,28.5195],[57.9404,28.4],[57.8,28.2521],[57.7,28.2635]]]}},{"type":"Feature","properties":{"source_type":"anthro","foo_threshold":20},"geometry":{"type":"Polygon","coordinates":[[[47.7,30.9826],[47.7,31.1761],[47.8,31.2516],[47.9,31.28],[47.9174,31.1],[47.8,30.981],[47.7,30.9826]]]}},{"type":"Feature","properties":{"source_type":"anthro","foo_threshold":20},"geometry":{"type":"Polygon","coordinates":[[[46.9,26.5288],[46.9736,26.6],[46.9619,26.7],[46.9,26.7622],[46.7,26.7553],[46.6224,26.7],[46.7,26.628],[46.8,26.63],[46.9,26.5288]]]}},{"type":"Feature","properties":{"source_type":"anthro","foo_threshold":20},"geometry":{"type":"Polygon","coordinates":[[[46.5,25.1769],[46.6397,25.2],[46.6076,25.3],[46.5,25.4296],[46.4,25.4661],[46.3359,25.4],[46.5,25.1769]]]}},{"type":"Feature","properties":{"source_type":"anthro","foo_threshold":20},"geometry":{"type":"Polygon","coordinates":[[[46.6,22.8842],[46.4716,23.0],[46.6,23.097],[46.7,23.0364],[46.8538,23.0],[46.8379,22.9],[46.8,22.8876],[46.7,22.9876],[46.6,22.8842]]]}},{"type":"Feature","properties":{"source_type":"anthro","foo_threshold":20},"geometry":{"type":"Polygon","coordinates":[[[48.8,26.2674],[48.7,26.3753],[48.6361,26.4],[48.6,26.468],[48.6,26.7271],[48.6118,26.6],[48.8356,26.4],[48.8326,26.3],[48.8,26.2674]]]}},{"type":"Feature","properties":{"source_type":"anthro","foo_threshold":20},"geometry":{"type":"Polygon","coordinates":[[[52.5,16.6854],[52.4737,16.7],[52.5514,16.8],[52.7,16.8358],[52.8164,16.8],[52.8,16.7067],[52.7,16.7207],[52.6,16.6687],[52.5,16.6854]]]}},{"type":"Feature","properties":{"source_type":"anthro","foo_threshold":20},"geometry":{"type":"Polygon","coordinates":[[[46.0,21.5481],[45.9508,21.6],[45.9853,21.8],[45.9,21.8704],[45.8032,21.9],[45.9,21.9661],[46.0009,21.9],[46.0233,21.7],[46.1457,21.6],[46.1,21.5423],[46.0,21.5481]]]}},{"type":"Feature","properties":{"source_type":"anthro","foo_threshold":20},"geometry":{"type":"Polygon","coordinates":[[[45.7,32.23],[45.6567,32.4],[45.5779,32.5],[45.6,32.584],[45.7,32.5943],[45.8,32.513],[45.9,32.5844],[45.9,32.4894],[45.8,32.487],[45.7039,32.4],[45.7,32.23]]]}},{"type":"Feature","properties":{"source_type":"anthro","foo_threshold":20},"geometry":{"type":"Polygon","coordinates":[[[46.0,27.4538],[46.0444,27.5],[45.9395,27.6],[45.9405,27.7],[45.9,27.7413],[45.8,27.6386],[45.7,27.6369],[45.66,27.6],[45.7,27.5417],[45.9,27.5579],[46.0,27.4538]]]}},{"type":"Feature","properties":{"source_type":"anthro","foo_threshold":20},"geometry":{"type":"Polygon","coordinates":[[[46.1,28.02],[46.3,28.0315],[46.3749,28.1],[46.3,28.1732],[46.1,28.1644],[46.0268,28.1],[46.1,28.02]]]}},{"type":"Feature","properties":{"source_type":"anthro","foo_threshold":20},"geometry":{"type":"Polygon","coordinates":[[[52.7,27.4728],[52.5,27.6647],[52.3771,27.7],[52.6,27.7395],[52.7247,27.6],[52.7272,27.5],[52.7,27.4728]]]}},{"type":"Feature","properties":{"source_type":"anthro","foo_threshold":20},"geometry":{"type":"Polygon","coordinates":[[[45.5,24.5927],[45.4,24.6225],[45.3786,24.7],[45.4,24.7443],[45.7708,24.6],[45.6,24.5636],[45.5,24.5927]]]}},{"type":"Feature","properties":{"source_type":"anthro","foo_threshold":20},"geometry":{"type":"Polygon","coordinates":[[[47.9,30.0696],[47.772,30.2],[47.8,30.3247],[47.9,30.3276],[47.9276,30.3],[47.9242,30.2],[48.0185,30.1],[47.9,30.0696]]]}},{"type":"Feature","properties":{"source_type":"anthro","foo_threshold":20},"geometry":{"type":"Polygon","coordinates":[[[47.0,23.1724],[46.9297,23.2],[46.9338,23.3],[47.0,23.4637],[47.1174,23.4],[47.0366,23.3],[47.0,23.1724]]]}},{"type":"Feature","properties":{"source_type":"anthro","foo_threshold":20},"geometry":{"type":"Polygon","coordinates":[[[58.0,27.6907],[57.88,27.8],[58.0,27.9447],[58.1,27.9378],[58.1378,27.9],[58.0141,27.8],[58.0,27.6907]]]}},{"type":"Feature","properties":{"source_type":"anthro","foo_threshold":20},"geometry":{"type":"Polygon","coordinates":[[[44.0,25.7573],[44.1,25.7138],[44.1557,25.9],[44.0,25.9293],[43.9633,25.8],[44.0,25.7573]]]}},{"type":"Feature","properties":{"source_type":"anthro","foo_threshold":20},"geometry":{"type":"Polygon","coordinates":[[[45.2,22.9393],[45.2,23.0867],[45.3,23.1091],[45.4017,23.0],[45.3,22.9441],[45.2,22.9393]]]}},{"type":"Feature","properties":{"source_type":"anthro","foo_threshold":20},"geometry":{"type":"Polygon","coordinates":[[[57.3,27.8539],[57.2539,27.9],[57.4,27.9792],[57.5,27.9746],[57.5322,27.9],[57.5,27.8678],[57.3,27.8539]]]}},{"type":"Feature","properties":{"source_type":"anthro","foo_threshold":20},"geometry":{"type":"Polygon","coordinates":[[[44.9,19.8665],[44.8228,19.9],[44.7826,20.0],[44.8,20.0263],[44.9,20.0532],[44.9691,20.0],[44.9426,19.9],[44.9,19.8665]]]}},{"type":"Feature","properties":{"source_type":"anthro","foo_threshold":20},"geometry":{"type":"Polygon","coordinates":[[[50.4,29.9585],[50.5543,30.1],[50.5,30.1562],[50.4,30.1497],[50.3481,30.1],[50.3468,30.0],[50.4,29.9585]]]}},{"type":"Feature","properties":{"source_type":"anthro","foo_threshold":20},"geometry":{"type":"Polygon","coordinates":[[[49.0,26.6745],[48.9745,26.7],[48.979,26.8],[48.8865,26.9],[48.9,26.9594],[49.0,26.9087],[49.0633,26.8],[49.0641,26.7],[49.0,26.6745]]]}},{"type":"Feature","properties":{"source_type":"anthro","foo_threshold":20},"geometry":{"type":"Polygon","coordinates":[[[53.5,28.3678],[53.4678,28.4],[53.5,28.6053],[53.6046,28.5],[53.6229,28.4],[53.5,28.3678]]]}},{"type":"Feature","properties":{"source_type":"anthro","foo_threshold":20},"geometry":{"type":"Polygon","coordinates":[[[46.4,27.3315],[46.5753,27.5],[46.5,27.5667],[46.3326,27.4],[46.4,27.3315]]]}},{"type":"Feature","properties":{"source_type":"anthro","foo_threshold":20},"geometry":{"type":"Polygon","coordinates":[[[52.2,16.9023],[52.179,17.0],[52.2,17.0795],[52.3,17.1069],[52.3368,17.0],[52.2,16.9023]]]}},{"type":"Feature","properties":{"source_type":"anthro","foo_threshold":20},"geometry":{"type":"Polygon","coordinates":[[[46.4,28.6205],[46.479,28.7],[46.4682,28.8],[46.4,28.8596],[46.3407,28.8],[46.3353,28.7],[46.4,28.6205]]]}},{"type":"Feature","properties":{"source_type":"anthro","foo_threshold":20},"geometry":{"type":"Polygon","coordinates":[[[49.1,25.8901],[49.0,25.9212],[48.9716,26.0],[49.0,26.0284],[49.2118,26.0],[49.1,25.8901]]]}},{"type":"Feature","properties":{"source_type":"anthro","foo_threshold":20},"geometry":{"type":"Polygon","coordinates":[[[49.2,23.7884],[49.1527,23.9],[49.3,23.9282],[49.326,23.8],[49.3,23.774],[49.2,23.7884]]]}},{"type":"Feature","properties":{"source_type":"anthro","foo_threshold":20},"geometry":{"type":"Polygon","coordinates":[[[44.8,24.5542],[44.7639,24.7],[44.9,24.7283],[44.9342,24.7],[44.871,24.6],[44.8,24.5542]]]}},{"type":"Feature","properties":{"source_type":"anthro","foo_threshold":20},"geometry":{"type":"Polygon","coordinates":[[[45.1,29.0616],[45.0616,29.1],[45.2,29.2428],[45.2428,29.2],[45.2392,29.1],[45.2,29.0608],[45.1,29.0616]]]}},{"type":"Feature","properties":{"source_type":"anthro","foo_threshold":20},"geometry":{"type":"Polygon","coordinates":[[[44.6,31.1546],[44.5546,31.2],[44.7,31.3387],[44.7387,31.3],[44.7372,31.2],[44.7,31.1628],[44.6,31.1546]]]}},{"type":"Feature","properties":{"source_type":"anthro","foo_threshold":20},"geometry":{"type":"Polygon","coordinates":[[[44.5,31.5647],[44.4647,31.6],[44.5,31.6924],[44.6,31.7718],[44.6288,31.6],[44.6,31.5712],[44.5,31.5647]]]}},{"type":"Feature","properties":{"source_type":"anthro","foo_threshold":20},"geometry":{"type":"Polygon","coordinates":[[[46.9,32.894],[46.9,33.0029],[47.0,33.0325],[47.0728,33.0],[47.0,32.8815],[46.9,32.894]]]}},{"type":"Feature","properties":{"source_type":"anthro","foo_threshold":20},"geometry":{"type":"Polygon","coordinates":[[[45.8,28.3381],[45.9,28.3417],[45.9558,28.4],[45.9,28.4562],[45.8,28.455],[45.7378,28.4],[45.8,28.3381]]]}},{"type":"Feature","properties":{"source_type":"anthro","foo_threshold":20},"geometry":{"type":"Polygon","coordinates":[[[44.5,22.6882],[44.2859,22.8],[44.5,22.8256],[44.5256,22.8],[44.5,22.6882]]]}},{"type":"Feature","properties":{"source_type":"anthro","foo_threshold":20},"geometry":{"type":"Polygon","coordinates":[[[53.9,28.0647],[53.8647,28.1],[53.8696,28.2],[53.9,28.2304],[54.0,28.2393],[54.0392,28.2],[53.9,28.0647]]]}},{"type":"Feature","properties":{"source_type":"anthro","foo_threshold":20},"geometry":{"type":"Polygon","coordinates":[[[52.9,29.4853],[52.9,29.5244],[53.0,29.6014],[53.0956,29.5],[53.0,29.4479],[52.9,29.4853]]]}},{"type":"Feature","properties":{"source_type":"anthro","foo_threshold":20},"geometry":{"type":"Polygon","coordinates":[[[48.2,30.2882],[48.1,30.3913],[48.0,30.3758],[47.9758,30.4],[48.0,30.4597],[48.1,30.4087],[48.218,30.4],[48.2819,30.3],[48.2,30.2882]]]}},{"type":"Feature","properties":{"source_type":"anthro","foo_threshold":20},"geometry":{"type":"Polygon","coordinates":[[[47.5,27.6694],[47.4567,27.7],[47.6,27.8313],[47.6327,27.8],[47.6155,27.7],[47.5,27.6694]]]}},{"type":"Feature","properties":{"source_type":"anthro","foo_threshold":20},"geometry":{"type":"Polygon","coordinates":[[[45.3,23.5493],[45.2766,23.6],[45.3,23.649],[45.4,23.6706],[45.4503,23.6],[45.4,23.5336],[45.3,23.5493]]]}},{"type":"Feature","properties":{"source_type":"anthro","foo_threshold":20},"geometry":{"type":"Polygon","coordinates":[[[48.3,27.2671],[48.2968,27.4],[48.4,27.4007],[48.428,27.3],[48.4,27.2671],[48.3,27.2671]]]}},{"type":"Feature","properties":{"source_type":"anthro","foo_threshold":20},"geometry":{"type":"Polygon","coordinates":[[[55.1,28.1664],[55.0664,28.2],[55.2,28.321],[55.2362,28.2],[55.2,28.1638],[55.1,28.1664]]]}},{"type":"Feature","properties":{"source_type":"anthro","foo_threshold":20},"geometry":{"type":"Polygon","coordinates":[[[46.4,23.4836],[46.4,23.59],[46.5,23.6079],[46.548,23.5],[46.4,23.4836]]]}},{"type":"Feature","properties":{"source_type":"anthro","foo_threshold":20},"geometry":{"type":"Polygon","coordinates":[[[52.9,27.1781],[52.8657,27.3],[52.9,27.3343],[53.0272,27.2],[53.0,27.1728],[52.9,27.1781]]]}},{"type":"Feature","properties":{"source_type":"anthro","foo_threshold":20},"geometry":{"type":"Polygon","coordinates":[[[50.7,24.5649],[50.6736,24.7],[50.7,24.7264],[50.818,24.6],[50.8,24.5538],[50.7,24.5649]]]}},{"type":"Feature","properties":{"source_type":"anthro","foo_threshold":20},"geometry":{"type":"Polygon","coordinates":[[[43.9,24.7762],[43.8762,24.8],[43.9,24.8238],[44.1731,24.8],[44.0,24.7504],[43.9,24.7762]]]}},{"type":"Feature","properties":{"source_type":"anthro","foo_threshold":20},"geometry":{"type":"Polygon","coordinates":[[[45.6,21.2907],[45.5641,21.4],[45.6,21.4336],[45.7331,21.4],[45.6,21.2907]]]}},{"type":"Feature","properties":{"source_type":"anthro","foo_threshold":20},"geometry":{"type":"Polygon","coordinates":[[[46.4,24.9962],[46.5,24.9233],[46.5647,25.0],[46.5,25.0685],[46.4,24.9962]]]}},{"type":"Feature","properties":{"source_type":"anthro","foo_threshold":20},"geometry":{"type":"Polygon","coordinates":[[[44.4,31.2602],[44.3602,31.3],[44.3573,31.4],[44.4,31.4428],[44.4428,31.4],[44.4398,31.3],[44.4,31.2602]]]}},{"type":"Feature","properties":{"source_type":"anthro","foo_threshold":20},"geometry":{"type":"Polygon","coordinates":[[[50.3,22.1882],[50.2618,22.2],[50.2,22.3009],[50.3,22.3247],[50.3247,22.3],[50.3,22.1882]]]}},{"type":"Feature","properties":{"source_type":"anthro","foo_threshold":20},"geometry":{"type":"Polygon","coordinates":[[[57.5,27.2619],[57.4619,27.3],[57.4613,27.4],[57.5,27.4387],[57.5387,27.4],[57.5381,27.3],[57.5,27.2619]]]}},{"type":"Feature","properties":{"source_type":"anthro","foo_threshold":20},"geometry":{"type":"Polygon","coordinates":[[[45.9,24.7256],[45.9682,24.8],[45.9,24.8644],[45.8247,24.8],[45.9,24.7256]]]}},{"type":"Feature","properties":{"source_type":"anthro","foo_threshold":20},"geometry":{"type":"Polygon","coordinates":[[[46.3,31.279],[46.1847,31.4],[46.2,31.4153],[46.3087,31.4],[46.3,31.279]]]}},{"type":"Feature","properties":{"source_type":"anthro","foo_threshold":20},"geometry":{"type":"Polygon","coordinates":[[[45.1,24.2583],[45.0462,24.3],[45.1,24.4067],[45.1271,24.4],[45.141,24.3],[45.1,24.2583]]]}},{"type":"Feature","properties":{"source_type":"anthro","foo_threshold":20},"geometry":{"type":"Polygon","coordinates":[[[46.7,32.9894],[46.7,33.1295],[46.7659,33.1],[46.7691,33.0],[46.7,32.9894]]]}},{"type":"Feature","properties":{"source_type":"anthro","foo_threshold":20},"geometry":{"type":"Polygon","coordinates":[[[45.0,31.5998],[44.892,31.7],[44.9,31.756],[45.0024,31.7],[45.0,31.5998]]]}},{"type":"Feature","properties":{"source_type":"anthro","foo_threshold":20},"geometry":{"type":"Polygon","coordinates":[[[51.0,24.3826],[50.9622,24.4],[50.9218,24.5],[51.0118,24.5],[51.0,24.3826]]]}},{"type":"Feature","properties":{"source_type":"anthro","foo_threshold":20},"geometry":{"type":"Polygon","coordinates":[[[44.2,28.8977],[44.3,28.8458],[44.384,28.9],[44.3,28.9305],[44.2,28.8977]]]}},{"type":"Feature","properties":{"source_type":"anthro","foo_threshold":20},"geometry":{"type":"Polygon","coordinates":[[[47.8,27.3968],[47.779,27.4],[47.8,27.4382],[47.9,27.4844],[47.9,27.3894],[47.8,27.3968]]]}},{"type":"Feature","properties":{"source_type":"anthro","foo_threshold":20},"geometry":{"type":"Polygon","coordinates":[[[47.7,29.9745],[47.6744,30.0],[47.7,30.0255],[47.8,30.0349],[47.835,30.0],[47.8,29.9651],[47.7,29.9745]]]}},{"type":"Feature","properties":{"source_type":"anthro","foo_threshold":20},"geometry":{"type":"Polygon","coordinates":[[[49.0,30.5836],[48.9686,30.7],[49.0,30.7367],[49.055,30.7],[49.0,30.5836]]]}},{"type":"Feature","properties":{"source_type":"anthro","foo_threshold":20},"geometry":{"type":"Polygon","coordinates":[[[47.1,31.1908],[47.2,31.2663],[47.2,31.1518],[47.1,31.1908]]]}},{"type":"Feature","properties":{"source_type":"anthro","foo_threshold":20},"geometry":{"type":"Polygon","coordinates":[[[46.1,28.4417],[46.1678,28.5],[46.1,28.555],[46.0457,28.5],[46.1,28.4417]]]}},{"type":"Feature","properties":{"source_type":"anthro","foo_threshold":20},"geometry":{"type":"Polygon","coordinates":[[[47.5,32.4461],[47.5583,32.5],[47.5,32.5654],[47.4404,32.5],[47.5,32.4461]]]}},{"type":"Feature","properties":{"source_type":"anthro","foo_threshold":20},"geometry":{"type":"Polygon","coordinates":[[[48.1,31.8961],[48.2,31.93],[48.2559,31.9],[48.2,31.8537],[48.1,31.8961]]]}},{"type":"Feature","properties":{"source_type":"anthro","foo_threshold":20},"geometry":{"type":"Polygon","coordinates":[[[51.9,28.3444],[51.8444,28.4],[51.9,28.4556],[51.9556,28.4],[51.9,28.3444]]]}},{"type":"Feature","properties":{"source_type":"anthro","foo_threshold":20},"geometry":{"type":"Polygon","coordinates":[[[53.1,29.0961],[53.074,29.1],[53.1,29.2163],[53.1743,29.2],[53.1,29.0961]]]}},{"type":"Feature","properties":{"source_type":"anthro","foo_threshold":20},"geometry":{"type":"Polygon","coordinates":[[[44.1,19.4327],[44.0383,19.5],[44.1,19.5308],[44.1383,19.5],[44.1,19.4327]]]}},{"type":"Feature","properties":{"source_type":"anthro","foo_threshold":20},"geometry":{"type":"Polygon","coordinates":[[[54.1,19.6901],[54.0211,19.7],[54.2,19.7252],[54.2164,19.7],[54.1,19.6901]]]}},{"type":"Feature","properties":{"source_type":"anthro","foo_threshold":20},"geometry":{"type":"Polygon","coordinates":[[[57.9,27.9494],[57.8494,28.0],[57.9,28.0506],[57.9507,28.0],[57.9,27.9494]]]}},{"type":"Feature","properties":{"source_type":"anthro","foo_threshold":20},"geometry":{"type":"Polygon","coordinates":[[[51.3,16.9309],[51.3,17.0608],[51.3585,17.0],[51.3,16.9309]]]}},{"type":"Feature","properties":{"source_type":"anthro","foo_threshold":20},"geometry":{"type":"Polygon","coordinates":[[[47.4,24.6749],[47.3749,24.7],[47.4,24.7831],[47.4608,24.7],[47.4,24.6749]]]}},{"type":"Feature","properties":{"source_type":"anthro","foo_threshold":20},"geometry":{"type":"Polygon","coordinates":[[[45.3,28.0557],[45.3481,28.1],[45.3,28.156],[45.2562,28.1],[45.3,28.0557]]]}},{"type":"Feature","properties":{"source_type":"anthro","foo_threshold":20},"geometry":{"type":"Polygon","coordinates":[[[51.3,17.1467],[51.2639,17.2],[51.3,17.232],[51.356,17.2],[51.3,17.1467]]]}},{"type":"Feature","properties":{"source_type":"anthro","foo_threshold":20},"geometry":{"type":"Polygon","coordinates":[[[44.3,21.4681],[44.2682,21.5],[44.3,21.5912],[44.3319,21.5],[44.3,21.4681]]]}},{"type":"Feature","properties":{"source_type":"anthro","foo_threshold":20},"geometry":{"type":"Polygon","coordinates":[[[54.1,27.9546],[54.0546,28.0],[54.1,28.0454],[54.1454,28.0],[54.1,27.9546]]]}},{"type":"Feature","properties":{"source_type":"anthro","foo_threshold":20},"geometry":{"type":"Polygon","coordinates":[[[48.0,22.7345],[48.0,22.846],[48.0535,22.8],[48.0,22.7345]]]}},{"type":"Feature","properties":{"source_type":"anthro","foo_threshold":20},"geometry":{"type":"Polygon","coordinates":[[[51.8,28.7521],[51.8427,28.8],[51.8,28.842],[51.7525,28.8],[51.8,28.7521]]]}},{"type":"Feature","properties":{"source_type":"anthro","foo_threshold":20},"geometry":{"type":"Polygon","coordinates":[[[54.1,28.2553],[54.0553,28.3],[54.1,28.3447],[54.1447,28.3],[54.1,28.2553]]]}},{"type":"Feature","properties":{"source_type":"anthro","foo_threshold":20},"geometry":{"type":"Polygon","coordinates":[[[51.7,16.4797],[51.6687,16.5],[51.7,16.5581],[51.761,16.5],[51.7,16.4797]]]}},{"type":"Feature","properties":{"source_type":"anthro","foo_threshold":20},"geometry":{"type":"Polygon","coordinates":[[[51.5,16.8948],[51.46,16.9],[51.5,16.9246],[51.6231,16.9],[51.5,16.8948]]]}},{"type":"Feature","properties":{"source_type":"anthro","foo_threshold":20},"geometry":{"type":"Polygon","coordinates":[[[50.5,24.9781],[50.4781,25.0],[50.5,25.1087],[50.5219,25.0],[50.5,24.9781]]]}},{"type":"Feature","properties":{"source_type":"anthro","foo_threshold":20},"geometry":{"type":"Polygon","coordinates":[[[58.7,28.8882],[58.6445,28.9],[58.8153,28.9],[58.7,28.8882]]]}},{"type":"Feature","properties":{"source_type":"anthro","foo_threshold":20},"geometry":{"type":"Polygon","coordinates":[[[44.0,28.28],[43.94,28.3],[44.0,28.3221],[44.102,28.3],[44.0,28.28]]]}},{"type":"Feature","properties":{"source_type":"anthro","foo_threshold":20},"geometry":{"type":"Polygon","coordinates":[[[48.5,19.5596],[48.4596,19.6],[48.5,19.6404],[48.5404,19.6],[48.5,19.5596]]]}},{"type":"Feature","properties":{"source_type":"anthro","foo_threshold":20},"geometry":{"type":"Polygon","coordinates":[[[44.9,21.8756],[44.8492,21.9],[44.9,21.9469],[44.937,21.9],[44.9,21.8756]]]}},{"type":"Feature","properties":{"source_type":"anthro","foo_threshold":20},"geometry":{"type":"Polygon","coordinates":[[[45.0,21.7882],[44.9687,21.8],[45.0,21.8453],[45.0782,21.8],[45.0,21.7882]]]}},{"type":"Feature","properties":{"source_type":"anthro","foo_threshold":20},"geometry":{"type":"Polygon","coordinates":[[[57.4,27.4599],[57.3599,27.5],[57.4,27.5401],[57.4401,27.5],[57.4,27.4599]]]}},{"type":"Feature","properties":{"source_type":"anthro","foo_threshold":20},"geometry":{"type":"Polygon","coordinates":[[[44.4,31.6888],[44.4,31.7675],[44.4736,31.7],[44.4,31.6888]]]}},{"type":"Feature","properties":{"source_type":"anthro","foo_threshold":20},"geometry":{"type":"Polygon","coordinates":[[[54.0,17.1825],[54.0,17.208],[54.1136,17.2],[54.0,17.1825]]]}},{"type":"Feature","properties":{"source_type":"anthro","foo_threshold":20},"geometry":{"type":"Polygon","coordinates":[[[45.6,25.0766],[45.6307,25.1],[45.6,25.146],[45.5425,25.1],[45.6,25.0766]]]}},{"type":"Feature","properties":{"source_type":"anthro","foo_threshold":20},"geometry":{"type":"Polygon","coordinates":[[[52.0,27.9613],[51.9613,28.0],[52.0,28.0387],[52.0387,28.0],[52.0,27.9613]]]}},{"type":"Feature","properties":{"source_type":"anthro","foo_threshold":20},"geometry":{"type":"Polygon","coordinates":[[[51.6,17.1859],[51.5456,17.2],[51.6,17.2663],[51.6,17.1859]]]}},{"type":"Feature","properties":{"source_type":"anthro","foo_threshold":20},"geometry":{"type":"Polygon","coordinates":[[[47.9,31.3533],[47.87,31.4],[47.97,31.4],[47.9,31.3533]]]}},{"type":"Feature","properties":{"source_type":"anthro","foo_threshold":20},"geometry":{"type":"Polygon","coordinates":[[[44.7,24.3743],[44.7,24.4368],[44.7704,24.4],[44.7,24.3743]]]}},{"type":"Feature","properties":{"source_type":"anthro","foo_threshold":20},"geometry":{"type":"Polygon","coordinates":[[[46.5,32.8634],[46.4635,32.9],[46.5,32.9366],[46.5366,32.9],[46.5,32.8634]]]}},{"type":"Feature","properties":{"source_type":"anthro","foo_threshold":20},"geometry":{"type":"Polygon","coordinates":[[[48.5,21.7519],[48.48,21.8],[48.5,21.82],[48.5503,21.8],[48.5,21.7519]]]}},{"type":"Feature","properties":{"source_type":"anthro","foo_threshold":20},"geometry":{"type":"Polygon","coordinates":[[[46.2,22.3781],[46.1138,22.4],[46.2,22.4219],[46.2219,22.4],[46.2,22.3781]]]}},{"type":"Feature","properties":{"source_type":"anthro","foo_threshold":20},"geometry":{"type":"Polygon","coordinates":[[[57.4,27.0651],[57.3651,27.1],[57.4,27.135],[57.435,27.1],[57.4,27.0651]]]}},{"type":"Feature","properties":{"source_type":"anthro","foo_threshold":20},"geometry":{"type":"Polygon","coordinates":[[[46.9,32.6644],[46.8644,32.7],[46.9,32.7356],[46.9356,32.7],[46.9,32.6644]]]}},{"type":"Feature","properties":{"source_type":"anthro","foo_threshold":20},"geometry":{"type":"Polygon","coordinates":[[[45.4,31.2864],[45.4,31.3136],[45.5087,31.3],[45.4,31.2864]]]}},{"type":"Feature","properties":{"source_type":"anthro","foo_threshold":20},"geometry":{"type":"Polygon","coordinates":[[[50.5,22.3664],[50.4664,22.4],[50.5,22.4336],[50.5336,22.4],[50.5,22.3664]]]}},{"type":"Feature","properties":{"source_type":"anthro","foo_threshold":20},"geometry":{"type":"Polygon","coordinates":[[[46.4,32.4961],[46.335,32.5],[46.5147,32.5],[46.4,32.4961]]]}},{"type":"Feature","properties":{"source_type":"anthro","foo_threshold":20},"geometry":{"type":"Polygon","coordinates":[[[51.4,28.2671],[51.3671,28.3],[51.4,28.3329],[51.4329,28.3],[51.4,28.2671]]]}},{"type":"Feature","properties":{"source_type":"anthro","foo_threshold":20},"geometry":{"type":"Polygon","coordinates":[[[49.1,21.8692],[49.0693,21.9],[49.1,21.9308],[49.1308,21.9],[49.1,21.8692]]]}},{"type":"Feature","properties":{"source_type":"anthro","foo_threshold":20},"geometry":{"type":"Polygon","coordinates":[[[52.9,16.6804],[52.8086,16.7],[52.9,16.713],[52.9,16.6804]]]}},{"type":"Feature","properties":{"source_type":"anthro","foo_threshold":20},"geometry":{"type":"Polygon","coordinates":[[[48.8,16.3763],[48.767,16.4],[48.8,16.42],[48.84,16.4],[48.8,16.3763]]]}},{"type":"Feature","properties":{"source_type":"anthro","foo_threshold":20},"geometry":{"type":"Polygon","coordinates":[[[50.1,22.7745],[50.0745,22.8],[50.1,22.8256],[50.1256,22.8],[50.1,22.7745]]]}},{"type":"Feature","properties":{"source_type":"anthro","foo_threshold":20},"geometry":{"type":"Polygon","coordinates":[[[46.1,26.9842],[46.1,27.0158],[46.1691,27.0],[46.1,26.9842]]]}},{"type":"Feature","properties":{"source_type":"anthro","foo_threshold":20},"geometry":{"type":"Polygon","coordinates":[[[46.0,23.2735],[45.9492,23.3],[46.02,23.3],[46.0,23.2735]]]}},{"type":"Feature","properties":{"source_type":"anthro","foo_threshold":20},"geometry":{"type":"Polygon","coordinates":[[[53.3,28.7822],[53.259,28.8],[53.3,28.8357],[53.3,28.7822]]]}},{"type":"Feature","properties":{"source_type":"anthro","foo_threshold":20},"geometry":{"type":"Polygon","coordinates":[[[55.0,28.4767],[54.9767,28.5],[55.0,28.5233],[55.0233,28.5],[55.0,28.4767]]]}},{"type":"Feature","properties":{"source_type":"anthro","foo_threshold":20},"geometry":{"type":"Polygon","coordinates":[[[52.1,27.8785],[52.0785,27.9],[52.1,27.9215],[52.1215,27.9],[52.1,27.8785]]]}},{"type":"Feature","properties":{"source_type":"anthro","foo_threshold":20},"geometry":{"type":"Polygon","coordinates":[[[46.2,23.5968],[46.2,23.6221],[46.26,23.6],[46.2,23.5968]]]}},{"type":"Feature","properties":{"source_type":"anthro","foo_threshold":20},"geometry":{"type":"Polygon","coordinates":[[[46.4,30.9557],[46.3954,31.0],[46.4258,31.0],[46.4,30.9557]]]}},{"type":"Feature","properties":{"source_type":"anthro","foo_threshold":20},"geometry":{"type":"Polygon","coordinates":[[[48.6,26.2914],[48.5761,26.3],[48.6,26.3339],[48.6,26.2914]]]}},{"type":"Feature","properties":{"source_type":"anthro","foo_threshold":20},"geometry":{"type":"Polygon","coordinates":[[[52.7,28.594],[52.7,28.6222],[52.7216,28.6],[52.7,28.594]]]}},{"type":"Feature","properties":{"source_type":"anthro","foo_threshold":40},"geometry":{"type":"Polygon","coordinates":[[[45.6,27.2648],[45.495,27.4],[45.4,27.4523],[44.9592,27.5],[44.9488,27.7],[44.723,28.1],[45.0,28.2065],[45.2,28.1535],[45.2124,28.1],[45.3,28.0115],[45.4,28.1128],[45.5,28.1182],[45.6,28.1933],[45.8073,28.1],[45.7423,28.0],[45.8116,27.9],[46.1,27.7539],[46.4052,27.7],[46.3,27.566],[46.1648,27.5],[46.1,27.3698],[46.0,27.366],[45.9027,27.4],[46.0,27.4077],[46.0888,27.5],[45.979,27.6],[45.981,27.7],[45.9,27.7826],[45.8,27.6771],[45.7,27.6738],[45.62,27.6],[45.6309,27.5],[45.7705,27.4],[45.7297,27.3],[45.6,27.2648]]]}},{"type":"Feature","properties":{"source_type":"anthro","foo_threshold":40},"geometry":{"type":"Polygon","coordinates":[[[50.9,29.3519],[50.7826,29.5],[50.7961,29.7],[50.7709,29.8],[50.6,29.8888],[50.5,29.8486],[50.3437,29.9],[50.5,30.007],[50.7,29.9954],[51.0,29.9229],[51.1117,29.7],[51.3583,29.5],[51.307,29.4],[51.1,29.3491],[50.9,29.3519]]]}},{"type":"Feature","properties":{"source_type":"anthro","foo_threshold":40},"geometry":{"type":"Polygon","coordinates":[[[51.8,28.6958],[51.7793,28.7],[51.8853,28.8],[51.8,28.8839],[51.7,28.7765],[51.5,28.8591],[51.4,28.7872],[51.3582,28.9],[51.4,29.0057],[51.5,28.9723],[51.6,29.1262],[51.7,29.1309],[51.8,29.2027],[51.9,29.2015],[51.9527,29.0],[52.0326,28.9],[52.0325,28.7],[51.8,28.6958]]]}},{"type":"Feature","properties":{"source_type":"anthro","foo_threshold":40},"geometry":{"type":"Polygon","coordinates":[[[44.5,27.189],[44.4461,27.3],[44.1933,27.5],[44.1708,27.6],[44.6,27.5451],[44.7688,27.4],[44.797,27.3],[44.7183,27.2],[44.6,27.1634],[44.5,27.189]]]}},{"type":"Feature","properties":{"source_type":"anthro","foo_threshold":40},"geometry":{"type":"Polygon","coordinates":[[[47.1,24.9856],[46.8043,25.1],[46.8733,25.2],[47.1,25.3295],[47.2,25.2159],[47.4082,25.1],[47.3,24.9921],[47.2,24.9575],[47.1,24.9856]]]}},{"type":"Feature","properties":{"source_type":"anthro","foo_threshold":40},"geometry":{"type":"Polygon","coordinates":[[[49.9,30.3933],[49.8659,30.4],[49.8484,30.5],[49.9,30.5099],[50.093,30.7],[50.1,30.7808],[50.2,30.638],[50.314,30.6],[50.4172,30.5],[50.424,30.4],[50.4,30.376],[49.9,30.3933]]]}},{"type":"Feature","properties":{"source_type":"anthro","foo_threshold":40},"geometry":{"type":"Polygon","coordinates":[[[46.5,25.6952],[46.4,25.7565],[46.2075,25.8],[46.1475,25.9],[46.138,26.0],[46.2,26.0443],[46.4814,25.9],[46.5189,25.8],[46.5,25.6952]]]}},{"type":"Feature","properties":{"source_type":"anthro","foo_threshold":40},"geometry":{"type":"Polygon","coordinates":[[[43.9,26.392],[43.8552,26.4],[43.8605,26.5],[43.9,26.5621],[44.0,26.5467],[44.0382,26.5],[43.9974,26.4],[43.9,26.392]]]}},{"type":"Feature","properties":{"source_type":"anthro","foo_threshold":40},"geometry":{"type":"Polygon","coordinates":[[[49.4,31.0917],[49.3025,31.1],[49.2977,31.2],[49.4533,31.2],[49.4669,31.1],[49.4,31.0917]]]}},{"type":"Feature","properties":{"source_type":"anthro","foo_threshold":40},"geometry":{"type":"Polygon","coordinates":[[[47.6,27.0991],[47.4782,27.2],[47.5,27.224],[47.6,27.2491],[47.6,27.0991]]]}},{"type":"Feature","properties":{"source_type":"anthro","foo_threshold":40},"geometry":{"type":"Polygon","coordinates":[[[43.8,27.0959],[43.9,27.1293],[44.012,27.1],[44.0,27.058],[43.8,27.0959]]]}},{"type":"Feature","properties":{"source_type":"anthro","foo_threshold":40},"geometry":{"type":"Polygon","coordinates":[[[45.9,27.4012],[45.8087,27.5],[45.9158,27.5],[45.9,27.4012]]]}},{"type":"Feature","properties":{"source_type":"anthro","foo_threshold":40},"geometry":{"type":"Polygon","coordinates":[[[54.3,28.4898],[54.3,28.5865],[54.4,28.512],[54.3,28.4898]]]}},{"type":"Feature","properties":{"source_type":"anthro","foo_threshold":40},"geometry":{"type":"Polygon","coordinates":[[[49.9,30.785],[49.8143,30.8],[49.9,30.8631],[49.9,30.785]]]}},{"type":"Feature","properties":{"source_type":"anthro","foo_threshold":40},"geometry":{"type":"Polygon","coordinates":[[[47.1,32.4958],[47.1,32.5456],[47.138,32.5],[47.1,32.4958]]]}},{"type":"Feature","properties":{"source_type":"anthro","foo_threshold":60},"geometry":{"type":"Polygon","coordinates":[[[45.3,27.5814],[45.3,27.6433],[45.3325,27.6],[45.3,27.5814]]]}},{"type":"Feature","properties":{"source_type":"hydro","foo_threshold":10},"geometry":{"type":"Polygon","coordinates":[[[48.0,23.3602],[47.9602,23.4],[47.945,23.8],[47.9907,24.0],[47.9631,24.1],[47.9,24.1815],[47.5,24.1664],[47.4039,24.1],[47.4,24.048],[47.3,24.0961],[47.2,24.0467],[47.1,24.1038],[47.1664,24.0],[47.0811,23.8],[47.0,23.7815],[46.9749,24.1],[46.9,24.1366],[46.8,24.0495],[46.7,24.0488],[46.6,24.146],[46.4,23.9364],[46.3,23.9413],[46.1444,24.1],[46.1,24.2346],[46.0,24.1441],[45.9441,24.2],[45.9537,24.3],[46.0,24.3463],[46.2388,24.4],[46.2,24.4477],[46.1,24.4613],[46.0,24.5546],[45.9,24.5671],[45.7488,24.7],[45.7377,24.8],[45.6395,24.9],[45.6403,25.1],[45.6,25.1444],[45.4,25.1499],[45.3499,25.2],[45.3447,25.3],[45.3,25.3532],[45.255,25.3],[45.2565,25.2],[45.1626,25.1],[45.264,25.0],[45.1493,24.9],[45.1276,24.8],[45.1,24.7724],[45.0724,24.8],[45.0332,25.0],[45.0463,25.2],[45.145,25.3],[45.1,25.4282],[45.3,25.6093],[45.4,25.5576],[45.6,25.3705],[45.6291,25.4],[45.5358,25.5],[45.6,25.5642],[45.7,25.5689],[45.8408,25.7],[45.847,25.8],[45.8,25.8495],[45.6,25.8638],[45.5,25.9043],[45.4,25.8871],[45.3,25.9426],[45.2362,25.9],[45.2,25.7427],[45.157,25.8],[45.1692,26.0],[45.3429,26.1],[45.3408,26.4],[45.4596,26.5],[45.3374,26.6],[45.3377,26.7],[45.4,26.7623],[45.544,26.6],[45.5476,26.3],[45.6,26.244],[45.7,26.2587],[45.9,26.0705],[46.1,26.0742],[46.2,26.1734],[46.3,26.1731],[46.4,26.0741],[46.5,26.1565],[46.5565,26.1],[46.5686,26.0],[46.4761,25.9],[46.4757,25.8],[46.3711,25.7],[46.5607,25.5],[46.5242,25.3],[46.542,25.2],[46.4,25.0352],[46.3,25.0294],[46.2709,25.0],[46.3,24.9725],[46.6,24.9571],[46.6571,24.9],[46.6519,24.7],[46.6,24.6481],[46.5,24.7348],[46.4,24.637],[46.132,24.9],[46.1291,25.0],[46.1,25.0319],[45.9,25.0388],[45.865,25.0],[45.9,24.9678],[46.0,24.9684],[46.4,24.5728],[46.5,24.663],[46.563,24.6],[46.5658,24.5],[46.6,24.4671],[46.7,24.464],[46.764,24.4],[46.7592,24.3],[46.8,24.2676],[46.8305,24.3],[46.8314,24.4],[46.7293,24.5],[46.9565,24.7],[46.957,24.8],[47.0,24.843],[47.043,24.8],[47.0703,24.5],[47.1,24.4617],[47.3233,24.4],[47.3315,24.3],[47.2224,24.2],[47.3,24.1039],[47.4,24.2224],[47.6,24.2356],[47.6678,24.3],[47.5724,24.4],[47.6,24.4276],[47.8,24.4215],[47.9,24.335],[48.0,24.3445],[48.0445,24.3],[48.0369,24.1],[48.2233,23.9],[48.1308,23.8],[48.1106,23.4],[48.0,23.3602]]]}},{"type":"Feature","properties":{"source_type":"hydro","foo_threshold":10},"geometry":{"type":"Polygon","coordinates":[[[46.9,20.9847],[46.8,21.0947],[46.5,21.0795],[46.4795,21.1],[46.5836,21.2],[46.307,21.3],[46.21,21.4],[46.32,21.5],[46.1,21.3415],[46.0895,21.4],[45.958,21.5],[46.0393,21.6],[46.0499,21.7],[46.1631,21.8],[46.0585,21.9],[45.8,21.987],[45.774,22.1],[45.8,22.126],[45.9,22.0362],[46.0,22.165],[46.1,22.0562],[46.3,22.0435],[46.3795,22.1],[46.2671,22.2],[46.3608,22.3],[46.3,22.3537],[46.2,22.339],[46.1,22.2795],[46.0524,22.4],[46.0507,22.5],[45.9758,22.6],[45.9596,22.9],[46.0805,23.1],[46.0,23.1678],[45.9141,23.1],[45.9867,23.0],[45.8,22.9976],[45.7356,22.9],[45.7308,22.8],[45.8118,22.7],[45.7,22.5976],[45.3,22.57],[45.2,22.4708],[45.1,22.4484],[44.8364,22.7],[44.8366,22.8],[44.9,22.8634],[45.1,22.8562],[45.155,22.9],[45.1438,23.0],[45.1,23.0565],[45.0,22.9585],[44.7,22.9575],[44.6575,23.0],[44.7,23.1308],[44.8,23.1093],[44.8619,23.2],[44.8671,23.3],[44.7894,23.4],[44.8,23.4844],[44.9,23.4719],[45.1,23.5527],[45.2,23.6185],[45.3,23.743],[45.343,23.7],[45.3435,23.5],[45.4,23.4381],[45.5,23.4415],[45.644,23.3],[45.635,23.2],[45.7,23.1195],[45.855,23.3],[45.8555,23.4],[45.9,23.4445],[46.0,23.4489],[46.0489,23.4],[46.0543,23.3],[46.1,23.2369],[46.3,23.2481],[46.3503,23.3],[46.3495,23.4],[46.2,23.5484],[46.0815,23.6],[46.0651,23.7],[46.1,23.735],[46.2,23.7435],[46.3,23.6489],[46.4,23.6489],[46.4489,23.6],[46.4582,23.5],[46.6,23.3565],[46.8,23.3205],[46.9404,23.2],[46.9153,23.1],[46.945,22.9],[46.9,22.6233],[46.7327,22.5],[46.46,22.2],[46.4692,22.1],[46.5,22.0664],[46.6,22.0836],[46.7,22.03],[46.8,22.0838],[47.1,22.1276],[47.2,22.2195],[47.278,22.2],[47.2024,22.1],[47.2343,22.0],[47.2,21.9657],[46.7,21.97],[46.5205,21.8],[46.5,21.7024],[46.4795,21.8],[46.4,21.874],[46.3174,21.8],[46.4,21.6067],[46.446,21.6],[46.4024,21.5],[46.4233,21.4],[46.5,21.3519],[46.6,21.3463],[46.8,21.1053],[46.9,21.1185],[46.9,20.9847]]]}},{"type":"Feature","properties":{"source_type":"hydro","foo_threshold":10},"geometry":{"type":"Polygon","coordinates":[[[50.5,16.1237],[50.4237,16.2],[50.4211,16.3],[50.3377,16.4],[50.392,16.5],[50.3716,16.6],[50.3,16.6381],[50.1,16.6524],[49.9847,16.8],[50.0,16.8504],[50.1267,16.8],[50.3175,16.8],[50.4091,16.9],[50.2543,17.0],[50.252,17.1],[50.4,17.2215],[50.44,17.2],[50.4343,17.1],[50.5,17.0409],[50.6,17.06],[50.7,17.2093],[50.8,17.153],[50.8532,17.2],[50.7815,17.3],[50.7785,17.4],[50.7,17.5495],[50.6472,17.5],[50.6,17.3015],[50.5528,17.5],[50.555,17.7],[50.5,17.7859],[50.3565,17.9],[50.3519,18.1],[50.4,18.1946],[50.5,18.054],[50.6,18.1305],[50.9665,18.0],[50.9976,17.9],[50.8507,17.8],[50.9,17.7507],[51.0,17.76],[51.0017,17.9],[51.1,17.9837],[51.2,17.9929],[51.2958,17.9],[51.3,17.83],[51.5,17.7961],[51.5476,17.7],[51.5164,17.5],[51.5375,17.4],[51.354,17.2],[51.3459,17.1],[51.3,17.0541],[51.2,17.0481],[51.1,17.158],[51.0632,17.1],[51.2,16.9614],[51.3,16.9472],[51.3472,16.9],[51.3,16.7968],[51.0,16.7575],[50.8276,16.6],[51.0937,16.3],[51.0425,16.2],[51.0,16.1575],[50.7,16.1519],[50.6,16.2332],[50.5,16.1237]]]}},{"type":"Feature","properties":{"source_type":"hydro","foo_threshold":10},"geometry":{"type":"Polygon","coordinates":[[[45.6,29.9383],[45.5383,30.0],[45.5305,30.1],[45.6344,30.2],[45.6,30.2511],[45.5,30.1467],[45.2,30.17],[45.17,30.2],[45.2859,30.3],[45.2,30.3657],[45.0,30.3651],[44.9651,30.4],[44.9596,30.5],[44.9,30.5541],[44.8,30.5477],[44.6,30.7651],[44.5,30.7671],[44.4,30.8403],[44.3315,30.8],[44.3497,30.6],[44.3,30.5503],[44.2,30.5528],[44.1,30.5596],[44.0596,30.6],[44.2708,30.7],[44.2685,30.8],[44.2,30.8484],[44.1,30.8388],[43.9,30.6416],[43.8,30.6374],[43.6341,30.8],[43.7,30.8659],[43.8,30.865],[44.0,31.0516],[44.1,31.0587],[44.1454,31.1],[43.9613,31.3],[44.0503,31.4],[44.0377,31.5],[43.9317,31.6],[44.0,31.6683],[44.3,31.6666],[44.3666,31.6],[44.3678,31.5],[44.5,31.3714],[44.7,31.3693],[44.7339,31.4],[44.6332,31.5],[44.7,31.5668],[44.9,31.5587],[45.0,31.4602],[45.2,31.4587],[45.2587,31.4],[45.2574,31.3],[45.2,31.2427],[45.1,31.2441],[45.063,31.2],[45.1562,31.1],[45.1579,31.0],[45.2,30.9543],[45.3,30.9523],[45.3523,30.9],[45.2556,30.8],[45.2409,30.6],[45.2,30.5591],[45.1591,30.6],[45.1555,30.7],[45.1,30.7495],[45.0,30.7541],[44.9,30.857],[44.855,30.8],[44.8698,30.7],[44.9,30.6459],[45.0,30.6329],[45.0329,30.6],[45.0404,30.5],[45.1,30.4343],[45.2,30.4343],[45.3,30.5556],[45.4,30.5571],[45.5,30.4546],[45.6,30.4579],[45.7,30.36],[45.8,30.3665],[45.8665,30.3],[45.8693,30.2],[45.769,30.1],[45.7687,30.0],[45.7,29.9313],[45.6,29.9383]]]}},{"type":"Feature","properties":{"source_type":"hydro","foo_threshold":10},"geometry":{"type":"Polygon","coordinates":[[[46.4,28.332],[46.332,28.4],[46.3403,28.5],[46.1295,28.7],[46.2,28.7705],[46.4,28.7636],[46.4341,28.8],[46.3298,28.9],[46.5524,29.1],[46.4379,29.2],[46.4474,29.5],[46.5424,29.6],[46.441,29.7],[46.5,29.759],[46.6,29.7527],[46.6271,29.9],[46.8,30.0582],[46.8582,30.0],[46.865,29.7],[46.9,29.664],[47.0,29.7605],[47.0605,29.7],[47.06,29.6],[47.2,29.4493],[47.3,29.4459],[47.3459,29.4],[47.3445,29.3],[47.2,29.1488],[47.1,29.2457],[47.0,29.2467],[46.9,29.357],[46.7398,29.2],[46.8,29.1375],[46.9,29.2489],[46.9489,29.2],[46.942,29.1],[47.0,29.0585],[47.1,29.159],[47.159,29.1],[47.16,29.0],[47.2,28.961],[47.4,29.1476],[47.4476,29.1],[47.435,29.0],[47.3598,28.9],[47.3617,28.7],[47.3,28.6383],[47.2,28.6366],[47.1571,28.6],[47.1585,28.5],[47.1,28.4415],[47.0,28.4429],[46.9,28.5426],[46.6,28.5408],[46.4,28.332]]]}},{"type":"Feature","properties":{"source_type":"hydro","foo_threshold":10},"geometry":{"type":"Polygon","coordinates":[[[51.9,22.0776],[51.8776,22.1],[51.9,22.1689],[51.96,22.2],[51.9511,22.4],[51.8895,22.5],[51.8826,22.7],[51.8,22.7532],[51.7454,22.7],[51.7404,22.4],[51.7,22.3596],[51.5815,22.5],[51.6528,22.6],[51.6546,22.7],[51.6418,22.8],[51.547,22.9],[51.6933,23.0],[51.5524,23.1],[51.5374,23.3],[51.5,23.3503],[51.4,23.2528],[51.3,23.2613],[51.2,23.1716],[51.1,23.1477],[51.0477,23.2],[51.0463,23.3],[51.156,23.4],[51.1671,23.5],[51.3,23.63],[51.7,23.6573],[51.7573,23.6],[51.6811,23.4],[51.8,23.2685],[52.004,23.3],[52.1,23.3457],[52.1598,23.0],[52.3322,22.8],[52.1689,22.6],[52.1485,22.3],[52.008,22.2],[52.0362,22.1],[52.0,22.0638],[51.9,22.0776]]]}},{"type":"Feature","properties":{"source_type":"hydro","foo_threshold":10},"geometry":{"type":"Polygon","coordinates":[[[50.0,15.7947],[49.9,15.8236],[49.8,15.9724],[49.718,16.0],[49.7,16.0771],[49.3467,16.1],[49.4,16.14],[49.7,16.1024],[49.7619,16.2],[49.7278,16.4],[49.7,16.4184],[49.5633,16.4],[49.5,16.2933],[49.3528,16.4],[49.4528,16.5],[49.4,16.5678],[49.3,16.5724],[49.2,16.4602],[49.1602,16.5],[49.1348,16.6],[49.3,16.6482],[49.3508,16.7],[49.2529,16.8],[49.3,16.8768],[49.4,16.8678],[49.5,16.7439],[49.6284,16.7],[49.5505,16.6],[49.6,16.5392],[49.7,16.544],[49.8,16.6553],[50.0,16.6362],[50.1,16.5459],[50.2,16.5369],[50.2369,16.5],[50.07,16.3],[50.1,16.2705],[50.3,16.2742],[50.3742,16.2],[50.3562,16.1],[50.2425,16.0],[50.2387,15.9],[50.2,15.8613],[50.1,15.8061],[50.0,15.7947]]]}},{"type":"Feature","properties":{"source_type":"hydro","foo_threshold":10},"geometry":{"type":"Polygon","coordinates":[[[49.3,26.9805],[49.0,27.2815],[48.9,27.2815],[48.8,27.1847],[48.7847,27.2],[48.7836,27.3],[48.6678,27.4],[48.6716,27.7],[48.4749,27.9],[48.5805,28.0],[48.5,28.0785],[48.4,27.9619],[48.3,27.9484],[48.2484,28.0],[48.2608,28.1],[48.1495,28.2],[48.1503,28.4],[48.2,28.4497],[48.5,28.3959],[48.5336,28.3],[48.6381,28.2],[48.6024,28.1],[48.7276,28.0],[48.7205,27.9],[48.8141,27.8],[48.835,27.7],[48.9,27.6224],[49.0,27.6268],[49.1,27.5106],[49.2,27.5118],[49.3195,27.4],[49.2415,27.3],[49.3,27.2398],[49.4711,27.2],[49.5164,27.1],[49.5,27.0259],[49.3,26.9805]]]}},{"type":"Feature","properties":{"source_type":"hydro","foo_threshold":10},"geometry":{"type":"Polygon","coordinates":[[[46.8,30.9961],[46.7567,31.0],[46.7444,31.7],[46.6377,31.8],[46.6474,31.9],[46.355,32.2],[46.355,32.4],[46.2511,32.5],[46.3,32.5489],[46.5,32.5574],[46.6533,32.4],[46.6508,32.3],[46.8582,32.1],[46.7516,32.0],[46.7526,31.9],[46.8,31.8585],[46.8474,31.9],[46.8492,32.0],[46.9,32.0508],[46.9508,32.0],[46.9527,31.9],[47.0571,31.8],[47.0,31.7429],[46.9,31.7441],[46.8556,31.7],[46.9485,31.6],[46.8571,31.5],[46.9,31.4485],[47.2,31.4435],[47.2435,31.4],[47.2571,31.2],[47.2392,31.1],[47.2,31.0608],[47.1,31.1492],[47.0185,31.1],[47.0,31.0087],[46.9815,31.1],[46.9,31.1532],[46.8409,31.1],[46.8,30.9961]]]}},{"type":"Feature","properties":{"source_type":"hydro","foo_threshold":10},"geometry":{"type":"Polygon","coordinates":[[[53.6,17.5463],[53.509,17.6],[53.4713,17.7],[53.3,17.74],[53.264,17.8],[53.3892,17.9],[53.4008,18.0],[53.5194,18.1],[53.5,18.132],[53.2,18.1018],[53.0771,18.2],[53.1816,18.3],[53.1907,18.4],[53.3,18.4696],[53.5,18.449],[53.7,18.5678],[53.8,18.5782],[53.8543,18.5],[53.8485,18.4],[53.8067,18.3],[53.6951,18.3],[53.7009,18.2],[53.8417,18.0],[53.7864,17.9],[53.6586,17.8],[53.6544,17.7],[53.8531,17.6],[53.7,17.5188],[53.6,17.5463]]]}},{"type":"Feature","properties":{"source_type":"hydro","foo_threshold":10},"geometry":{"type":"Polygon","coordinates":[[[51.0,23.8638],[50.8467,24.0],[50.8619,24.1],[50.815,24.3],[50.8368,24.4],[50.6441,24.6],[50.6416,24.8],[50.7,24.8585],[50.8,24.7648],[50.9,24.8562],[50.9562,24.8],[50.9336,24.7],[50.9516,24.6],[51.0,24.5559],[51.2,24.5233],[51.2657,24.6],[51.2418,24.7],[51.3474,24.8],[51.3678,24.9],[51.5,25.0024],[51.6,25.0157],[51.5362,24.9],[51.5508,24.8],[51.4543,24.7],[51.4,24.5607],[51.3219,24.5],[51.3174,24.4],[51.4,24.2763],[51.5,24.2039],[51.6174,24.2],[51.6,24.1676],[51.5,24.148],[51.4,24.1758],[51.3,24.1613],[51.1,24.346],[51.0,24.3413],[50.9501,24.3],[50.9381,24.1],[51.1,23.9349],[51.2,24.0404],[51.2404,24.0],[51.2381,23.9],[51.2,23.8619],[51.0,23.8638]]]}},{"type":"Feature","properties":{"source_type":"hydro","foo_threshold":10},"geometry":{"type":"Polygon","coordinates":[[[43.9,24.5083],[43.8381,24.8],[43.7,24.9528],[43.5826,25.0],[43.9,25.3556],[44.1,25.3686],[44.1686,25.3],[44.1659,25.2],[44.2,25.1375],[44.3468,25.0],[44.3251,24.6],[44.1,24.5497],[44.0,24.5725],[43.9,24.5083]]]}},{"type":"Feature","properties":{"source_type":"hydro","foo_threshold":10},"geometry":{"type":"Polygon","coordinates":[[[52.3,16.87],[52.2413,17.0],[52.0732,17.2],[52.0608,17.4],[52.1685,17.5],[52.1,17.5638],[52.0,17.5602],[51.9602,17.6],[52.0,17.6617],[52.1,17.6563],[52.2,17.7347],[52.4,17.782],[52.5,17.6673],[52.6,17.6519],[52.7,17.6898],[52.8,17.6548],[52.8394,17.6],[52.7836,17.5],[52.7619,17.3],[52.7,17.2397],[52.5,17.2119],[52.4,17.2313],[52.3758,17.3],[52.4606,17.4],[52.4,17.4323],[52.2948,17.4],[52.2153,17.2],[52.3,17.1516],[52.4,17.1608],[52.4409,17.0],[52.392,16.9],[52.3,16.87]]]}},{"type":"Feature","properties":{"source_type":"hydro","foo_threshold":10},"geometry":{"type":"Polygon","coordinates":[[[45.5,32.0503],[45.4,32.17],[45.2,32.1625],[45.0602,32.3],[45.158,32.4],[45.057,32.5],[45.1,32.543],[45.2,32.5409],[45.274,32.6],[45.1,32.7947],[45.0,32.792],[45.0,32.8295],[45.2,32.8153],[45.4,32.6292],[45.7,32.6497],[45.8,32.5565],[45.8511,32.6],[45.7555,32.7],[45.7519,32.8],[45.8,32.8481],[45.9,32.8415],[46.0,32.735],[46.1,32.7415],[46.1415,32.7],[46.1508,32.6],[46.1,32.5492],[46.0,32.5503],[45.9,32.4447],[45.6,32.4484],[45.5,32.5575],[45.4,32.4638],[45.343,32.4],[45.4,32.3409],[45.5,32.3387],[45.6481,32.2],[45.6537,32.1],[45.6,32.0463],[45.5,32.0503]]]}},{"type":"Feature","properties":{"source_type":"hydro","foo_threshold":10},"geometry":{"type":"Polygon","coordinates":[[[44.3,25.6398],[44.1348,25.8],[44.1477,25.9],[44.0,26.0366],[43.8,26.0418],[43.7418,26.1],[43.7358,26.2],[43.8,26.2642],[43.9,26.1621],[44.0302,26.3],[43.9251,26.4],[44.1,26.5736],[44.2,26.4705],[44.3,26.5698],[44.4,26.5689],[44.4689,26.5],[44.468,26.4],[44.4,26.332],[44.3,26.3282],[44.2698,26.3],[44.2673,26.1],[44.3459,26.0],[44.2523,25.9],[44.3537,25.8],[44.3603,25.7],[44.3,25.6398]]]}},{"type":"Feature","properties":{"source_type":"hydro","foo_threshold":10},"geometry":{"type":"Polygon","coordinates":[[[47.3,24.7441],[47.0214,25.0],[47.1,25.0786],[47.3,25.0759],[47.3242,25.1],[47.3294,25.2],[47.3,25.2317],[47.2,25.2281],[47.1281,25.3],[47.2324,25.4],[47.1356,25.5],[47.1408,25.6],[47.2,25.6592],[47.3,25.6587],[47.3587,25.6],[47.3676,25.4],[47.4,25.3574],[47.6,25.1463],[47.7,25.143],[47.743,25.1],[47.7284,24.9],[47.7,24.8716],[47.6638,25.0],[47.6,25.0537],[47.543,25.0],[47.5251,24.9],[47.4463,24.8],[47.4,24.7537],[47.3,24.7441]]]}},{"type":"Feature","properties":{"source_type":"hydro","foo_threshold":10},"geometry":{"type":"Polygon","coordinates":[[[44.0,28.7304],[43.9304,28.8],[43.9383,29.0],[44.0377,29.1],[44.0,29.1348],[43.8,28.9524],[43.7,28.9608],[43.6608,29.0],[43.6435,29.1],[43.6515,29.2],[43.7,29.2485],[44.3,29.2516],[44.4,29.1607],[44.5,29.1519],[44.5519,29.1],[44.4,28.9368],[44.3,28.9386],[44.2497,28.9],[44.1,28.7319],[44.0,28.7304]]]}},{"type":"Feature","properties":{"source_type":"hydro","foo_threshold":10},"geometry":{"type":"Polygon","coordinates":[[[51.4,15.9467],[51.3467,16.0],[51.3444,16.1],[51.2585,16.2],[51.2447,16.3],[51.3,16.3205],[51.7,16.3409],[51.9,16.3106],[51.9184,16.2],[52.0573,16.1],[52.0,16.0882],[51.9,15.9585],[51.4,15.9467]]]}},{"type":"Feature","properties":{"source_type":"hydro","foo_threshold":10},"geometry":{"type":"Polygon","coordinates":[[[49.8,23.6596],[49.7,23.7477],[49.4,23.7381],[49.3,23.8416],[49.2,23.845],[49.0,24.0362],[48.9,24.046],[48.808,24.0],[48.8067,23.9],[48.7836,23.9],[48.792,24.0],[48.7528,24.1],[48.7,24.1836],[48.6427,24.2],[48.8,24.2656],[48.9,24.268],[49.0,24.1638],[49.1,24.1533],[49.157,24.2],[49.1532,24.3],[49.3,24.4251],[49.3251,24.4],[49.3268,24.2],[49.2242,24.1],[49.2233,24.0],[49.3,23.9585],[49.5,23.9375],[49.6,23.844],[49.8,23.8497],[49.9398,23.7],[49.9,23.6602],[49.8,23.6596]]]}},{"type":"Feature","properties":{"source_type":"hydro","foo_threshold":10},"geometry":{"type":"Polygon","coordinates":[[[57.5,31.874],[57.474,31.9],[57.492,32.1],[57.6671,32.3],[57.6907,32.5],[57.4623,32.7],[57.527,32.8],[57.6,32.8185],[57.759,32.7],[57.7387,32.6],[57.8,32.542],[57.8644,32.6],[57.8541,32.7],[58.0,32.8409],[58.1174,32.7],[57.9356,32.6],[57.9472,32.5],[57.7329,32.3],[57.8632,32.2],[57.8315,31.9],[57.8,31.8685],[57.7,31.9664],[57.6,31.8484],[57.5,31.874]]]}},{"type":"Feature","properties":{"source_type":"hydro","foo_threshold":10},"geometry":{"type":"Polygon","coordinates":[[[43.6,27.9499],[43.5499,28.0],[43.5481,28.1],[43.4519,28.2],[43.4488,28.6],[43.5,28.6512],[43.5512,28.6],[43.544,28.5],[43.6,28.443],[43.7,28.4485],[43.8,28.5343],[43.9,28.5392],[43.9393,28.5],[43.9489,28.3],[44.1404,28.1],[44.1,28.0596],[43.7,28.0537],[43.6,27.9499]]]}},{"type":"Feature","properties":{"source_type":"hydro","foo_threshold":10},"geometry":{"type":"Polygon","coordinates":[[[56.0,21.1826],[55.9632,21.2],[55.9898,21.3],[55.9429,21.4],[55.81,21.5],[55.7428,21.6],[55.8567,21.7],[55.5,21.7813],[55.4785,21.8],[55.5,21.8514],[55.5582,21.9],[55.7,21.9227],[55.9146,21.8],[55.9728,21.7],[56.2,21.6451],[56.251,21.6],[56.2341,21.5],[56.2854,21.4],[56.2,21.2094],[56.0,21.1826]]]}},{"type":"Feature","properties":{"source_type":"hydro","foo_threshold":10},"geometry":{"type":"Polygon","coordinates":[[[45.0,27.6235],[44.9235,27.7],[45.017,27.8],[45.018,27.9],[45.1,27.982],[45.3,27.9779],[45.324,28.1],[45.4,28.176],[45.5,28.0783],[45.623,28.1],[45.6279,28.2],[45.5313,28.3],[45.6,28.3687],[45.7,28.3656],[45.8719,28.2],[45.777,28.1],[45.7772,28.0],[45.7,27.9228],[45.5,27.9217],[45.4,27.8209],[45.3,27.8221],[45.1,27.6199],[45.0,27.6235]]]}},{"type":"Feature","properties":{"source_type":"hydro","foo_threshold":10},"geometry":{"type":"Polygon","coordinates":[[[46.6,30.5467],[46.5467,30.6],[46.5565,30.7],[46.669,30.8],[46.7,30.9622],[46.708,30.9],[46.8,30.842],[47.2,30.8497],[47.3,30.7673],[47.4,30.8284],[47.5,30.8315],[47.6141,30.7],[47.653,30.6],[47.6,30.547],[47.4,30.5294],[47.3,30.6327],[46.8,30.6418],[46.7,30.5435],[46.6,30.5467]]]}},{"type":"Feature","properties":{"source_type":"hydro","foo_threshold":10},"geometry":{"type":"Polygon","coordinates":[[[45.4,23.9961],[45.3805,24.1],[45.3,24.1847],[45.2,24.003],[45.0,24.024],[44.9894,24.1],[44.8,24.2907],[44.7,24.2348],[44.6444,24.4],[44.8,24.5425],[44.9,24.4276],[45.0,24.5349],[45.1,24.4533],[45.2,24.4381],[45.4053,24.2],[45.4,23.9961]]]}},{"type":"Feature","properties":{"source_type":"hydro","foo_threshold":10},"geometry":{"type":"Polygon","coordinates":[[[46.3,22.4463],[46.5,22.4415],[46.5976,22.5],[46.7815,22.7],[46.692,22.8],[46.6519,22.9],[46.6664,23.1],[46.6,23.1503],[46.5,23.1441],[46.4663,23.1],[46.4654,23.0],[46.5607,22.9],[46.4607,22.8],[46.4559,22.7],[46.4,22.5749],[46.3441,22.7],[46.3346,23.0],[46.3,23.0398],[46.2565,23.0],[46.2665,22.9],[46.2,22.8335],[46.1,22.841],[46.044,22.8],[46.1,22.7472],[46.2,22.759],[46.259,22.7],[46.2579,22.5],[46.3,22.4463]]]}},{"type":"Feature","properties":{"source_type":"hydro","foo_threshold":10},"geometry":{"type":"Polygon","coordinates":[[[51.7,17.6859],[51.6678,17.9],[51.5132,18.0],[51.6258,18.2],[51.7,18.2685],[51.8,18.2264],[52.2,18.2221],[52.208,18.1],[52.1,17.9498],[52.0,17.941],[51.9,18.0638],[51.8268,18.0],[51.9482,17.9],[51.9,17.8186],[51.8,17.7776],[51.7,17.6859]]]}},{"type":"Feature","properties":{"source_type":"hydro","foo_threshold":10},"geometry":{"type":"Polygon","coordinates":[[[48.0,29.5444],[47.9444,29.6],[47.9372,30.0],[47.8,30.136],[47.765,30.1],[47.8675,30.0],[47.8654,29.9],[47.8,29.8346],[47.5377,30.1],[47.535,30.2],[47.6,30.265],[47.7,30.2657],[47.8,30.3623],[47.9,30.3638],[47.9638,30.3],[47.9621,30.2],[48.0592,30.1],[48.0654,29.8],[48.1519,29.7],[48.0,29.5444]]]}},{"type":"Feature","properties":{"source_type":"hydro","foo_threshold":10},"geometry":{"type":"Polygon","coordinates":[[[52.2,16.0907],[52.1492,16.1],[52.1548,16.2],[52.0651,16.4],[52.0591,16.5],[52.0,16.5776],[51.8,16.5575],[51.7575,16.6],[51.8,16.6425],[52.0,16.6224],[52.1,16.73],[52.2,16.7315],[52.3205,16.7],[52.3,16.617],[52.1608,16.6],[52.5141,16.6],[52.4571,16.5],[52.4713,16.4],[52.3,16.2307],[52.226,16.2],[52.2,16.0907]]]}},{"type":"Feature","properties":{"source_type":"hydro","foo_threshold":10},"geometry":{"type":"Polygon","coordinates":[[[58.4,26.9692],[58.3693,27.0],[58.339,27.2],[58.3,27.2208],[58.1,27.0441],[58.0441,27.1],[58.0238,27.3],[57.9275,27.4],[58.0,27.4725],[58.5,27.4769],[58.5769,27.4],[58.5579,27.3],[58.461,27.2],[58.4308,27.0],[58.4,26.9692]]]}},{"type":"Feature","properties":{"source_type":"hydro","foo_threshold":10},"geometry":{"type":"Polygon","coordinates":[[[44.7,28.1403],[44.5454,28.3],[44.5435,28.5],[44.6,28.5565],[44.7,28.5543],[44.7348,28.6],[44.4432,28.9],[44.5,28.9568],[44.6,28.9516],[44.8736,28.7],[44.8658,28.2],[44.8,28.1343],[44.7,28.1403]]]}},{"type":"Feature","properties":{"source_type":"hydro","foo_threshold":10},"geometry":{"type":"Polygon","coordinates":[[[44.8,28.9324],[44.7324,29.0],[44.7352,29.2],[44.6596,29.3],[44.6678,29.4],[44.7,29.4322],[44.8,29.4195],[44.9628,29.3],[44.8648,29.2],[44.9,29.1683],[45.1,29.369],[45.369,29.1],[45.3,29.031],[44.9,29.0317],[44.8,28.9324]]]}},{"type":"Feature","properties":{"source_type":"hydro","foo_threshold":10},"geometry":{"type":"Polygon","coordinates":[[[54.0,29.1555],[53.9,29.2546],[53.7,29.2602],[53.5,29.4585],[53.4,29.4546],[53.3546,29.5],[53.4,29.5812],[53.4591,29.6],[53.4,29.6302],[53.3693,29.7],[53.4,29.8242],[53.6584,29.7],[53.6826,29.5],[53.8,29.4024],[54.0,29.3955],[54.1,29.319],[54.1315,29.2],[54.0,29.1555]]]}},{"type":"Feature","properties":{"source_type":"hydro","foo_threshold":10},"geometry":{"type":"Polygon","coordinates":[[[44.2,30.0613],[44.1613,30.1],[44.1785,30.2],[44.3,30.2301],[44.355,30.3],[44.3,30.3524],[44.2,30.3474],[44.1474,30.4],[44.2,30.4526],[44.5,30.4375],[44.6,30.3425],[44.7,30.43],[44.8507,30.3],[44.8276,30.2],[44.942,30.1],[44.9,30.058],[44.7,30.04],[44.64,30.1],[44.7724,30.2],[44.7,30.2521],[44.6,30.17],[44.5,30.2563],[44.435,30.2],[44.4343,30.1],[44.4,30.0657],[44.2,30.0613]]]}},{"type":"Feature","properties":{"source_type":"hydro","foo_threshold":10},"geometry":{"type":"Polygon","coordinates":[[[58.7,27.2769],[58.6235,27.4],[58.6176,27.6],[58.8,27.772],[58.9,27.7472],[59.0696,27.6],[59.076,27.4],[58.9,27.2735],[58.7,27.2769]]]}},{"type":"Feature","properties":{"source_type":"hydro","foo_threshold":10},"geometry":{"type":"Polygon","coordinates":[[[48.4,32.0826],[48.2,32.2685],[48.1,32.2467],[48.0467,32.3],[48.1,32.3533],[48.2,32.3315],[48.2352,32.5],[48.3515,32.6],[48.3413,32.7],[48.4,32.7587],[48.5,32.7571],[48.6,32.842],[48.7,32.8093],[48.7141,32.7],[48.6,32.6528],[48.4565,32.5],[48.5,32.4533],[48.6,32.4568],[48.6568,32.4],[48.6224,32.2],[48.6,32.1776],[48.5776,32.2],[48.557,32.3],[48.5,32.3467],[48.4,32.347],[48.3067,32.3],[48.4024,32.2],[48.4,32.0826]]]}},{"type":"Feature","properties":{"source_type":"hydro","foo_threshold":10},"geometry":{"type":"Polygon","coordinates":[[[55.5,28.6749],[55.4,28.7805],[55.3,28.8309],[55.2,28.7847],[55.0246,28.8],[55.0591,28.9],[55.0,28.9481],[54.7,28.9767],[54.6767,29.0],[54.6685,29.3],[54.7,29.3315],[54.8242,29.3],[54.8375,29.1],[54.9,29.0425],[55.0,29.1472],[55.1,29.1463],[55.1463,29.1],[55.2,28.9174],[55.4,28.9415],[55.5185,28.8],[55.5251,28.7],[55.5,28.6749]]]}},{"type":"Feature","properties":{"source_type":"hydro","foo_threshold":10},"geometry":{"type":"Polygon","coordinates":[[[59.1,28.8591],[59.0591,28.9],[59.0524,29.0],[59.0,29.056],[58.9,28.9596],[58.8,28.9447],[58.7,28.9481],[58.6481,29.0],[58.6537,29.1],[58.6,29.158],[58.5,29.0575],[58.4575,29.1],[58.445,29.3],[58.5,29.355],[58.6,29.242],[58.7,29.2375],[58.8,29.1505],[58.9,29.1526],[59.0,29.2224],[59.1,29.1381],[59.3,29.1423],[59.3224,29.1],[59.2387,29.0],[59.226,28.9],[59.1,28.8591]]]}},{"type":"Feature","properties":{"source_type":"hydro","foo_threshold":10},"geometry":{"type":"Polygon","coordinates":[[[54.4,23.8724],[54.3297,23.9],[54.2544,24.0],[54.3033,24.1],[54.3,24.2053],[54.5,24.2458],[54.7,24.1777],[54.8,24.03],[54.8767,24.0],[54.7464,23.9],[54.6,23.8565],[54.4,23.8724]]]}},{"type":"Feature","properties":{"source_type":"hydro","foo_threshold":10},"geometry":{"type":"Polygon","coordinates":[[[45.1,20.0708],[45.0708,20.1],[45.0961,20.3],[45.2,20.4174],[45.3,20.4317],[45.3494,20.5],[45.5,20.5404],[45.5824,20.6],[45.6,20.7211],[45.796,20.7],[45.7674,20.6],[45.8,20.4533],[45.736,20.4],[45.7,20.31],[45.6,20.32],[45.5,20.3859],[45.3,20.3907],[45.2141,20.3],[45.23,20.2],[45.1,20.0708]]]}},{"type":"Feature","properties":{"source_type":"hydro","foo_threshold":10},"geometry":{"type":"Polygon","coordinates":[[[55.7,18.3708],[55.5,18.4354],[55.474,18.5],[55.5,18.5419],[55.8,18.7276],[55.9,18.7445],[56.045,18.7],[56.0871,18.6],[56.0,18.4474],[55.9,18.5269],[55.8686,18.5],[55.9174,18.4],[55.9,18.3826],[55.7,18.3708]]]}},{"type":"Feature","properties":{"source_type":"hydro","foo_threshold":10},"geometry":{"type":"Polygon","coordinates":[[[43.9,23.374],[43.8,23.456],[43.6293,23.5],[43.7,23.5141],[43.7716,23.6],[43.7976,23.7],[43.892,23.8],[43.7826,23.9],[43.9,23.9349],[43.9933,23.8],[43.9844,23.7],[44.1,23.5663],[44.2,23.684],[44.3308,23.6],[44.2242,23.5],[44.2,23.4019],[44.1,23.4836],[44.0,23.3805],[43.9,23.374]]]}},{"type":"Feature","properties":{"source_type":"hydro","foo_threshold":10},"geometry":{"type":"Polygon","coordinates":[[[46.4,30.9477],[46.3477,31.0],[46.4,31.0523],[46.5,31.042],[46.5503,31.1],[46.5441,31.2],[46.5,31.2403],[46.4,31.2405],[46.1432,31.5],[46.1421,31.6],[46.2,31.6579],[46.3,31.5546],[46.4,31.5543],[46.6559,31.3],[46.6497,31.1],[46.6906,31.0],[46.4,30.9477]]]}},{"type":"Feature","properties":{"source_type":"hydro","foo_threshold":10},"geometry":{"type":"Polygon","coordinates":[[[45.1,26.5316],[44.9311,26.7],[45.029,26.8],[45.0293,26.9],[44.9297,27.0],[45.0,27.0703],[45.1,27.0681],[45.3732,26.8],[45.2699,26.7],[45.2721,26.6],[45.2,26.5279],[45.1,26.5316]]]}},{"type":"Feature","properties":{"source_type":"hydro","foo_threshold":10},"geometry":{"type":"Polygon","coordinates":[[[47.7,27.9484],[47.5678,28.1],[47.6692,28.2],[47.6805,28.3],[47.6776,28.5],[47.5541,28.6],[47.5631,28.7],[47.6,28.7369],[47.7,28.6322],[47.8,28.6409],[47.8409,28.6],[47.8485,28.3],[47.7308,28.2],[47.8628,28.1],[47.8585,28.0],[47.8,27.9415],[47.7,27.9484]]]}},{"type":"Feature","properties":{"source_type":"hydro","foo_threshold":10},"geometry":{"type":"Polygon","coordinates":[[[58.5,28.5619],[58.4619,28.6],[58.4785,28.7],[58.4,28.8171],[58.2486,28.9],[58.3036,29.0],[58.4,29.0141],[58.5164,28.9],[58.526,28.8],[58.6,28.7404],[58.7,28.8425],[58.8,28.842],[58.842,28.8],[58.8638,28.6],[58.8,28.5362],[58.5,28.5619]]]}},{"type":"Feature","properties":{"source_type":"hydro","foo_threshold":10},"geometry":{"type":"Polygon","coordinates":[[[44.4,20.6163],[44.3,20.7014],[44.2,20.728],[44.155,20.8],[44.3,20.8894],[44.5,20.7825],[44.6,20.806],[44.6497,21.0],[44.7,21.0411],[44.9773,21.0],[44.956,20.9],[44.8,20.8847],[44.6,20.6812],[44.5,20.6907],[44.4,20.6163]]]}},{"type":"Feature","properties":{"source_type":"hydro","foo_threshold":10},"geometry":{"type":"Polygon","coordinates":[[[46.3,27.9343],[46.2,28.035],[46.1,28.0388],[45.93,28.2],[46.1,28.3738],[46.3,28.3678],[46.3678,28.3],[46.2668,28.2],[46.3,28.1646],[46.4,28.1626],[46.4626,28.1],[46.3,27.9343]]]}},{"type":"Feature","properties":{"source_type":"hydro","foo_threshold":10},"geometry":{"type":"Polygon","coordinates":[[[48.4,26.87],[48.37,26.9],[48.3933,27.0],[48.3758,27.1],[48.4716,27.2],[48.346,27.3],[48.3638,27.5],[48.4,27.5362],[48.5,27.5404],[48.5404,27.5],[48.5404,27.4],[48.6276,27.3],[48.608,27.1],[48.4657,27.0],[48.5,26.9852],[48.5176,26.9],[48.4,26.87]]]}},{"type":"Feature","properties":{"source_type":"hydro","foo_threshold":10},"geometry":{"type":"Polygon","coordinates":[[[45.7,23.4692],[45.5907,23.6],[45.6882,23.7],[45.5,23.9039],[45.8,23.9195],[45.9308,23.8],[45.9118,23.6],[45.8,23.5785],[45.7,23.4692]]]}},{"type":"Feature","properties":{"source_type":"hydro","foo_threshold":10},"geometry":{"type":"Polygon","coordinates":[[[45.3,29.2317],[45.1,29.4492],[44.9,29.4692],[44.8693,29.5],[44.874,29.7],[44.9,29.726],[45.0,29.6268],[45.1,29.7393],[45.1392,29.7],[45.1315,29.6],[45.3,29.5463],[45.3463,29.5],[45.3683,29.3],[45.3,29.2317]]]}},{"type":"Feature","properties":{"source_type":"hydro","foo_threshold":10},"geometry":{"type":"Polygon","coordinates":[[[48.6,29.9408],[48.3444,30.2],[48.4,30.2556],[48.7,30.2582],[48.8,30.3619],[48.8619,30.3],[48.8646,30.1],[48.8,30.0354],[48.7,30.0374],[48.6,29.9408]]]}},{"type":"Feature","properties":{"source_type":"hydro","foo_threshold":10},"geometry":{"type":"Polygon","coordinates":[[[53.7,22.0961],[53.648,22.1],[53.7,22.1325],[53.78,22.3],[53.7,22.4486],[53.7,22.54],[53.8,22.586],[53.912,22.5],[53.9956,22.2],[53.9,22.06],[53.8,22.034],[53.7,22.0961]]]}},{"type":"Feature","properties":{"source_type":"hydro","foo_threshold":10},"geometry":{"type":"Polygon","coordinates":[[[48.2,30.2441],[48.1,30.3457],[48.0,30.3379],[47.8532,30.5],[47.8591,30.6],[47.7488,30.7],[47.8,30.7512],[48.0,30.7472],[48.0472,30.7],[48.0362,30.5],[48.1,30.4543],[48.2,30.4526],[48.3485,30.3],[48.3,30.2515],[48.2,30.2441]]]}},{"type":"Feature","properties":{"source_type":"hydro","foo_threshold":10},"geometry":{"type":"Polygon","coordinates":[[[57.5,20.3603],[57.3528,20.6],[57.5,20.7642],[57.6,20.8252],[57.7,20.7764],[57.8,20.7871],[57.8315,20.7],[57.6,20.5061],[57.5,20.3603]]]}},{"type":"Feature","properties":{"source_type":"hydro","foo_threshold":10},"geometry":{"type":"Polygon","coordinates":[[[58.7,29.8657],[58.6657,29.9],[58.7418,30.0],[58.7,30.113],[58.9,30.1362],[59.0,30.1067],[59.1307,30.0],[59.1465,29.9],[59.0,29.8444],[58.8,29.8005],[58.7,29.8657]]]}},{"type":"Feature","properties":{"source_type":"hydro","foo_threshold":10},"geometry":{"type":"Polygon","coordinates":[[[55.0,20.115],[54.9676,20.2],[55.1,20.3556],[55.2,20.434],[55.3,20.3508],[55.4,20.4794],[55.4741,20.3],[55.4,20.2299],[55.3,20.2198],[55.2,20.1439],[55.0,20.115]]]}},{"type":"Feature","properties":{"source_type":"hydro","foo_threshold":10},"geometry":{"type":"Polygon","coordinates":[[[48.2,15.9758],[48.1,16.0933],[47.992,16.1],[48.1,16.192],[48.2,16.226],[48.4,16.2118],[48.5242,16.1],[48.4859,16.0],[48.2,15.9758]]]}},{"type":"Feature","properties":{"source_type":"hydro","foo_threshold":10},"geometry":{"type":"Polygon","coordinates":[[[44.1,20.8733],[43.9,20.9536],[43.9,21.118],[44.0,21.1096],[44.1,21.2024],[44.1215,21.1],[44.2,21.0106],[44.2767,21.1],[44.3,21.2093],[44.4,21.2039],[44.3,20.934],[44.2,20.9457],[44.1,20.8733]]]}},{"type":"Feature","properties":{"source_type":"hydro","foo_threshold":10},"geometry":{"type":"Polygon","coordinates":[[[49.7,26.5962],[49.6,26.6112],[49.5,26.674],[49.474,26.7],[49.5,26.7837],[49.8,26.8503],[49.946,26.8],[49.9504,26.7],[49.9,26.5791],[49.7,26.5962]]]}},{"type":"Feature","properties":{"source_type":"hydro","foo_threshold":10},"geometry":{"type":"Polygon","coordinates":[[[48.5,26.3947],[48.4767,26.5],[48.5441,26.6],[48.5732,26.8],[48.7,26.9233],[48.7468,26.8],[48.7652,26.6],[48.654,26.5],[48.6387,26.4],[48.6,26.3613],[48.5,26.3947]]]}},{"type":"Feature","properties":{"source_type":"hydro","foo_threshold":10},"geometry":{"type":"Polygon","coordinates":[[[57.4,31.0438],[57.3438,31.1],[57.3354,31.3],[57.4258,31.4],[57.4264,31.5],[57.5,31.5736],[57.5736,31.5],[57.5652,31.2],[57.5463,31.1],[57.5,31.0537],[57.4,31.0438]]]}},{"type":"Feature","properties":{"source_type":"hydro","foo_threshold":10},"geometry":{"type":"Polygon","coordinates":[[[47.7,30.9413],[47.6413,31.0],[47.6403,31.1],[47.7426,31.2],[47.7596,31.3],[47.8,31.3404],[47.9,31.3481],[47.9481,31.3],[47.9587,31.1],[47.8,30.9405],[47.7,30.9413]]]}},{"type":"Feature","properties":{"source_type":"hydro","foo_threshold":10},"geometry":{"type":"Polygon","coordinates":[[[46.1,25.1681],[46.3,25.1706],[46.4758,25.3],[46.3,25.4418],[46.1,25.4424],[46.0722,25.4],[46.0713,25.2],[46.1,25.1681]]]}},{"type":"Feature","properties":{"source_type":"hydro","foo_threshold":10},"geometry":{"type":"Polygon","coordinates":[[[54.6,19.7683],[54.5815,19.8],[54.6454,19.9],[54.6306,20.0],[54.8,20.0975],[54.9,20.0751],[54.9936,20.0],[54.9,19.8631],[54.6,19.7683]]]}},{"type":"Feature","properties":{"source_type":"hydro","foo_threshold":10},"geometry":{"type":"Polygon","coordinates":[[[53.7,27.8337],[53.6337,27.9],[53.6335,28.0],[53.7,28.0665],[53.9,28.0665],[54.0681,27.9],[54.0,27.8319],[53.7,27.8337]]]}},{"type":"Feature","properties":{"source_type":"hydro","foo_threshold":10},"geometry":{"type":"Polygon","coordinates":[[[45.2,19.8426],[45.1907,19.9],[45.3,20.0356],[45.4,20.0308],[45.6,20.272],[45.7,20.29],[45.7,20.1533],[45.64,20.1],[45.6,19.9849],[45.4,19.9692],[45.3,19.8815],[45.2,19.8426]]]}},{"type":"Feature","properties":{"source_type":"hydro","foo_threshold":10},"geometry":{"type":"Polygon","coordinates":[[[57.9,31.5575],[57.8575,31.6],[57.8596,31.7],[57.9692,31.8],[57.9638,31.9],[58.0,31.9362],[58.1,31.945],[58.2329,31.8],[58.2301,31.7],[58.2,31.6699],[58.1,31.7758],[58.0336,31.7],[58.043,31.6],[58.0,31.557],[57.9,31.5575]]]}},{"type":"Feature","properties":{"source_type":"hydro","foo_threshold":10},"geometry":{"type":"Polygon","coordinates":[[[50.3,17.39],[50.2,17.454],[50.1,17.4145],[50.0,17.4671],[49.8826,17.6],[49.9,17.6389],[50.0,17.6765],[50.0215,17.6],[50.1,17.5369],[50.4,17.555],[50.455,17.5],[50.4276,17.4],[50.4,17.3724],[50.3,17.39]]]}},{"type":"Feature","properties":{"source_type":"hydro","foo_threshold":10},"geometry":{"type":"Polygon","coordinates":[[[45.1,26.074],[44.8427,26.3],[44.839,26.4],[44.9,26.461],[45.0,26.4612],[45.1576,26.3],[45.1,26.074]]]}},{"type":"Feature","properties":{"source_type":"hydro","foo_threshold":10},"geometry":{"type":"Polygon","coordinates":[[[44.7,22.2477],[44.6477,22.3],[44.647,22.4],[44.7,22.5141],[44.8,22.4546],[45.0,22.4698],[45.0698,22.4],[45.0,22.3302],[44.9,22.3424],[44.8,22.235],[44.7,22.2477]]]}},{"type":"Feature","properties":{"source_type":"hydro","foo_threshold":10},"geometry":{"type":"Polygon","coordinates":[[[54.6,21.6931],[54.5,21.71],[54.3701,21.8],[54.5,21.854],[54.9073,21.8],[54.885,21.7],[54.8,21.6728],[54.6,21.6931]]]}},{"type":"Feature","properties":{"source_type":"hydro","foo_threshold":10},"geometry":{"type":"Polygon","coordinates":[[[48.2,28.5685],[48.1,28.6651],[48.0,28.6565],[47.9565,28.7],[47.9541,28.8],[48.0,28.8459],[48.1,28.8308],[48.2,28.9392],[48.2392,28.9],[48.2242,28.8],[48.29,28.7],[48.2925,28.6],[48.2,28.5685]]]}},{"type":"Feature","properties":{"source_type":"hydro","foo_threshold":10},"geometry":{"type":"Polygon","coordinates":[[[53.4,28.136],[53.336,28.2],[53.3416,28.3],[53.4,28.3585],[53.5,28.3612],[53.6,28.2696],[53.7,28.269],[53.769,28.2],[53.7,28.131],[53.4,28.136]]]}},{"type":"Feature","properties":{"source_type":"hydro","foo_threshold":10},"geometry":{"type":"Polygon","coordinates":[[[48.9,15.9933],[48.8343,16.0],[48.9,16.1024],[49.0,16.1141],[49.1,16.2153],[49.24,16.2],[49.2533,16.1],[49.172,16.0],[49.0,15.9629],[48.9,15.9933]]]}},{"type":"Feature","properties":{"source_type":"hydro","foo_threshold":10},"geometry":{"type":"Polygon","coordinates":[[[45.5,28.6334],[45.4334,28.7],[45.6,28.8686],[45.7,28.8619],[45.8,28.9574],[45.8574,28.9],[45.8605,28.8],[45.8,28.7395],[45.7,28.7381],[45.6,28.633],[45.5,28.6334]]]}},{"type":"Feature","properties":{"source_type":"hydro","foo_threshold":10},"geometry":{"type":"Polygon","coordinates":[[[44.8,31.7481],[44.4795,32.1],[44.4631,32.2],[44.5,32.2369],[44.6,32.2336],[44.6336,32.2],[44.6224,32.1],[44.8415,31.9],[44.8519,31.8],[44.8,31.7481]]]}},{"type":"Feature","properties":{"source_type":"hydro","foo_threshold":10},"geometry":{"type":"Polygon","coordinates":[[[45.6,21.9338],[45.5847,22.1],[45.4991,22.2],[45.4894,22.3],[45.6,22.4153],[45.7,22.3118],[45.8,22.3336],[45.8336,22.3],[45.6153,22.1],[45.6,21.9338]]]}},{"type":"Feature","properties":{"source_type":"hydro","foo_threshold":10},"geometry":{"type":"Polygon","coordinates":[[[57.5,21.0585],[57.405,21.1],[57.4107,21.2],[57.5,21.2692],[57.6,21.2917],[57.7,21.2738],[57.7387,21.2],[57.6827,21.1],[57.6,21.041],[57.5,21.0585]]]}},{"type":"Feature","properties":{"source_type":"hydro","foo_threshold":10},"geometry":{"type":"Polygon","coordinates":[[[45.8,20.7018],[45.7495,20.9],[45.7657,21.1],[45.8,21.1343],[45.9852,21.1],[45.9956,21.0],[45.9,20.9678],[45.8505,20.9],[45.9086,20.8],[45.8,20.7018]]]}},{"type":"Feature","properties":{"source_type":"hydro","foo_threshold":10},"geometry":{"type":"Polygon","coordinates":[[[54.4,27.2343],[54.3,27.3346],[54.1,27.3288],[54.0288,27.4],[54.1,27.4713],[54.4,27.468],[54.468,27.4],[54.4657,27.3],[54.4,27.2343]]]}},{"type":"Feature","properties":{"source_type":"hydro","foo_threshold":10},"geometry":{"type":"Polygon","coordinates":[[[49.8,30.4279],[49.6393,30.6],[49.7,30.6607],[49.8,30.6696],[49.9,30.5775],[50.0,30.577],[50.077,30.5],[50.0,30.423],[49.8,30.4279]]]}},{"type":"Feature","properties":{"source_type":"hydro","foo_threshold":10},"geometry":{"type":"Polygon","coordinates":[[[54.8,26.9276],[54.7276,27.0],[54.7301,27.1],[54.8,27.1699],[54.9,27.1721],[55.0735,27.0],[55.0,26.9265],[54.8,26.9276]]]}},{"type":"Feature","properties":{"source_type":"hydro","foo_threshold":10},"geometry":{"type":"Polygon","coordinates":[[[54.8,27.8313],[54.7313,27.9],[54.8,27.9687],[54.9,27.971],[55.0,28.0671],[55.1,28.0683],[55.1683,28.0],[55.0,27.8281],[54.8,27.8313]]]}},{"type":"Feature","properties":{"source_type":"hydro","foo_threshold":10},"geometry":{"type":"Polygon","coordinates":[[[57.9,22.0059],[57.8218,22.1],[57.7682,22.3],[57.8,22.3675],[57.9,22.3267],[57.936,22.2],[58.0858,22.1],[58.0,22.0176],[57.9,22.0059]]]}},{"type":"Feature","properties":{"source_type":"hydro","foo_threshold":10},"geometry":{"type":"Polygon","coordinates":[[[52.8,29.2776],[52.6708,29.4],[52.6859,29.5],[52.9,29.5508],[52.9508,29.5],[52.9393,29.3],[52.9,29.2608],[52.8,29.2776]]]}},{"type":"Feature","properties":{"source_type":"hydro","foo_threshold":10},"geometry":{"type":"Polygon","coordinates":[[[50.3,25.1631],[50.2631,25.2],[50.2678,25.3],[50.4,25.4336],[50.5,25.4425],[50.5425,25.4],[50.5562,25.3],[50.4,25.1638],[50.3,25.1631]]]}},{"type":"Feature","properties":{"source_type":"hydro","foo_threshold":10},"geometry":{"type":"Polygon","coordinates":[[[44.4,22.4511],[44.3511,22.5],[44.3653,22.6],[44.3183,22.7],[44.5,22.7559],[44.5559,22.7],[44.5454,22.5],[44.5,22.4546],[44.4,22.4511]]]}},{"type":"Feature","properties":{"source_type":"hydro","foo_threshold":10},"geometry":{"type":"Polygon","coordinates":[[[47.8,22.392],[47.7225,22.5],[47.7296,22.7],[47.9,22.742],[48.0276,22.6],[47.9,22.5619],[47.8224,22.5],[47.8,22.392]]]}},{"type":"Feature","properties":{"source_type":"hydro","foo_threshold":10},"geometry":{"type":"Polygon","coordinates":[[[53.9,32.5805],[53.8025,32.6],[53.8367,32.7],[54.2,32.7516],[54.2516,32.7],[54.2,32.5785],[53.9,32.5805]]]}},{"type":"Feature","properties":{"source_type":"hydro","foo_threshold":10},"geometry":{"type":"Polygon","coordinates":[[[56.8,32.4805],[56.7805,32.5],[56.8631,32.6],[56.8492,32.8],[56.9,32.8508],[57.0392,32.7],[57.013,32.5],[56.8,32.4805]]]}},{"type":"Feature","properties":{"source_type":"hydro","foo_threshold":10},"geometry":{"type":"Polygon","coordinates":[[[50.7,29.3408],[50.6408,29.4],[50.7,29.4592],[51.0,29.4794],[51.0794,29.4],[51.0,29.3206],[50.7,29.3408]]]}},{"type":"Feature","properties":{"source_type":"hydro","foo_threshold":10},"geometry":{"type":"Polygon","coordinates":[[[46.1,20.2905],[46.0171,20.3],[46.18,20.4],[46.1408,20.5],[46.2,20.6336],[46.2592,20.5],[46.216,20.4],[46.4,20.3425],[46.411,20.3],[46.1,20.2905]]]}},{"type":"Feature","properties":{"source_type":"hydro","foo_threshold":10},"geometry":{"type":"Polygon","coordinates":[[[50.8,23.1356],[50.7356,23.2],[50.8511,23.3],[50.855,23.4],[50.9,23.445],[51.0,23.4571],[51.0571,23.4],[50.9489,23.3],[50.9668,23.2],[50.9,23.1332],[50.8,23.1356]]]}},{"type":"Feature","properties":{"source_type":"hydro","foo_threshold":10},"geometry":{"type":"Polygon","coordinates":[[[55.3,31.4671],[55.1776,31.6],[55.2,31.6979],[55.3,31.7745],[55.4393,31.7],[55.445,31.6],[55.3,31.4671]]]}},{"type":"Feature","properties":{"source_type":"hydro","foo_threshold":10},"geometry":{"type":"Polygon","coordinates":[[[55.1,27.1259],[55.0259,27.2],[55.031,27.3],[55.1,27.369],[55.2,27.3722],[55.2722,27.3],[55.2754,27.2],[55.2,27.1246],[55.1,27.1259]]]}},{"type":"Feature","properties":{"source_type":"hydro","foo_threshold":10},"geometry":{"type":"Polygon","coordinates":[[[57.8,30.2805],[57.7,30.3894],[57.6493,30.4],[57.7293,30.5],[57.9,30.5485],[57.9485,30.5],[57.942,30.4],[57.9,30.3009],[57.8,30.2805]]]}},{"type":"Feature","properties":{"source_type":"hydro","foo_threshold":10},"geometry":{"type":"Polygon","coordinates":[[[52.3,18.9933],[52.2356,19.1],[52.3,19.2067],[52.5,19.264],[52.58,19.2],[52.5,19.0815],[52.4,19.1758],[52.3153,19.1],[52.4315,19.0],[52.4,18.9685],[52.3,18.9933]]]}},{"type":"Feature","properties":{"source_type":"hydro","foo_threshold":10},"geometry":{"type":"Polygon","coordinates":[[[55.9,17.9352],[55.8,18.0657],[55.5443,18.1],[55.9,18.1335],[56.0698,18.0],[56.0,17.9302],[55.9,17.9352]]]}},{"type":"Feature","properties":{"source_type":"hydro","foo_threshold":10},"geometry":{"type":"Polygon","coordinates":[[[47.0,25.3294],[46.9294,25.4],[46.9374,25.6],[47.0,25.6626],[47.0626,25.6],[47.0621,25.5],[47.1684,25.4],[47.1,25.3316],[47.0,25.3294]]]}},{"type":"Feature","properties":{"source_type":"hydro","foo_threshold":10},"geometry":{"type":"Polygon","coordinates":[[[49.6,31.1282],[49.5282,31.2],[49.5288,31.3],[49.6,31.3713],[49.7,31.3711],[49.7711,31.3],[49.7731,31.2],[49.7,31.1269],[49.6,31.1282]]]}},{"type":"Feature","properties":{"source_type":"hydro","foo_threshold":10},"geometry":{"type":"Polygon","coordinates":[[[53.7,27.1311],[53.6311,27.2],[53.6319,27.3],[53.7,27.3681],[53.8,27.3621],[53.8621,27.3],[53.8687,27.2],[53.8,27.1313],[53.7,27.1311]]]}},{"type":"Feature","properties":{"source_type":"hydro","foo_threshold":10},"geometry":{"type":"Polygon","coordinates":[[[51.5,25.57],[51.458,25.7],[51.4785,25.8],[51.3613,25.9],[51.3678,26.0],[51.4,26.0322],[51.6024,25.8],[51.5,25.57]]]}},{"type":"Feature","properties":{"source_type":"hydro","foo_threshold":10},"geometry":{"type":"Polygon","coordinates":[[[56.5,31.7503],[56.3708,31.9],[56.4,32.0374],[56.5,31.9369],[56.6,31.9404],[56.6404,31.9],[56.659,31.8],[56.6,31.741],[56.5,31.7503]]]}},{"type":"Feature","properties":{"source_type":"hydro","foo_threshold":10},"geometry":{"type":"Polygon","coordinates":[[[55.1,31.8793],[54.9882,32.0],[55.1,32.1945],[55.2251,32.0],[55.2,31.8612],[55.1,31.8793]]]}},{"type":"Feature","properties":{"source_type":"hydro","foo_threshold":10},"geometry":{"type":"Polygon","coordinates":[[[55.3,32.3671],[55.2671,32.4],[55.3,32.4832],[55.4,32.5322],[55.5,32.5387],[55.6024,32.4],[55.5,32.347],[55.3,32.3671]]]}},{"type":"Feature","properties":{"source_type":"hydro","foo_threshold":10},"geometry":{"type":"Polygon","coordinates":[[[51.3,23.7488],[51.2488,23.8],[51.4,23.9392],[51.5347,23.9],[51.5898,23.8],[51.5,23.7625],[51.3,23.7488]]]}},{"type":"Feature","properties":{"source_type":"hydro","foo_threshold":10},"geometry":{"type":"Polygon","coordinates":[[[44.1,20.092],[44.06,20.1],[44.056,20.3],[44.2,20.39],[44.2381,20.3],[44.2315,20.2],[44.1,20.092]]]}},{"type":"Feature","properties":{"source_type":"hydro","foo_threshold":10},"geometry":{"type":"Polygon","coordinates":[[[48.4,21.7484],[48.3484,21.8],[48.5,21.9657],[48.6,21.9505],[48.6505,21.9],[48.5,21.74],[48.4,21.7484]]]}},{"type":"Feature","properties":{"source_type":"hydro","foo_threshold":10},"geometry":{"type":"Polygon","coordinates":[[[54.9,32.6511],[54.82,32.7],[54.8103,32.8],[54.9,32.8315],[55.1093,32.8],[55.0,32.6302],[54.9,32.6511]]]}},{"type":"Feature","properties":{"source_type":"hydro","foo_threshold":10},"geometry":{"type":"Polygon","coordinates":[[[52.2,23.3585],[52.12,23.4],[52.1392,23.6],[52.3,23.7094],[52.3381,23.6],[52.2195,23.5],[52.2415,23.4],[52.2,23.3585]]]}},{"type":"Feature","properties":{"source_type":"hydro","foo_threshold":10},"geometry":{"type":"Polygon","coordinates":[[[45.9,27.3251],[45.7255,27.5],[45.8,27.5745],[45.9,27.579],[45.979,27.5],[45.9749,27.4],[45.9,27.3251]]]}},{"type":"Feature","properties":{"source_type":"hydro","foo_threshold":10},"geometry":{"type":"Polygon","coordinates":[[[49.7,25.2529],[49.6131,25.3],[49.6,25.4174],[49.8575,25.4],[49.8548,25.3],[49.8,25.2475],[49.7,25.2529]]]}},{"type":"Feature","properties":{"source_type":"hydro","foo_threshold":10},"geometry":{"type":"Polygon","coordinates":[[[48.5,16.2708],[48.4708,16.3],[48.5,16.4009],[48.7,16.4343],[48.7343,16.4],[48.7454,16.3],[48.7,16.2546],[48.5,16.2708]]]}},{"type":"Feature","properties":{"source_type":"hydro","foo_threshold":10},"geometry":{"type":"Polygon","coordinates":[[[60.0,27.2847],[59.9565,27.4],[59.8364,27.5],[59.8335,27.6],[59.9,27.6665],[60.0,27.644],[60.0,27.2847]]]}},{"type":"Feature","properties":{"source_type":"hydro","foo_threshold":10},"geometry":{"type":"Polygon","coordinates":[[[47.6,29.3432],[47.5432,29.4],[47.7,29.5533],[47.8,29.5543],[47.8543,29.5],[47.7,29.3413],[47.6,29.3432]]]}},{"type":"Feature","properties":{"source_type":"hydro","foo_threshold":10},"geometry":{"type":"Polygon","coordinates":[[[54.3,28.1257],[54.2257,28.2],[54.2272,28.3],[54.3,28.3728],[54.4716,28.2],[54.4,28.1284],[54.3,28.1257]]]}},{"type":"Feature","properties":{"source_type":"hydro","foo_threshold":10},"geometry":{"type":"Polygon","coordinates":[[[49.0,16.7479],[48.9815,16.8],[48.8671,16.9],[49.0,17.0284],[49.0656,17.0],[49.09,16.9],[49.0541,16.8],[49.0,16.7479]]]}},{"type":"Feature","properties":{"source_type":"hydro","foo_threshold":10},"geometry":{"type":"Polygon","coordinates":[[[45.9,28.3295],[45.8295,28.4],[45.8281,28.5],[45.9,28.5719],[46.0,28.5728],[46.0728,28.5],[45.9,28.3295]]]}},{"type":"Feature","properties":{"source_type":"hydro","foo_threshold":10},"geometry":{"type":"Polygon","coordinates":[[[47.1,29.736],[47.036,29.8],[47.0631,30.0],[47.1,30.0369],[47.2562,29.9],[47.1,29.736]]]}},{"type":"Feature","properties":{"source_type":"hydro","foo_threshold":10},"geometry":{"type":"Polygon","coordinates":[[[57.5,19.5685],[57.4471,19.6],[57.5029,19.7],[57.6,19.7541],[57.7362,19.6],[57.7,19.5638],[57.5,19.5685]]]}},{"type":"Feature","properties":{"source_type":"hydro","foo_threshold":10},"geometry":{"type":"Polygon","coordinates":[[[48.9,25.8947],[48.8024,26.0],[48.8467,26.1],[48.8393,26.2],[48.9,26.2607],[48.9607,26.2],[48.9472,26.0],[48.9,25.8947]]]}},{"type":"Feature","properties":{"source_type":"hydro","foo_threshold":10},"geometry":{"type":"Polygon","coordinates":[[[53.8,23.8859],[53.7886,24.0],[54.0,24.0953],[54.065,24.0],[53.9,23.8716],[53.8,23.8859]]]}},{"type":"Feature","properties":{"source_type":"hydro","foo_threshold":10},"geometry":{"type":"Polygon","coordinates":[[[54.9,24.0122],[54.7725,24.2],[54.9,24.3572],[54.9393,24.2],[55.0053,24.1],[54.9,24.0122]]]}},{"type":"Feature","properties":{"source_type":"hydro","foo_threshold":10},"geometry":{"type":"Polygon","coordinates":[[[53.1,17.8811],[53.1107,18.0],[53.2,18.0982],[53.2883,18.0],[53.2465,17.9],[53.2,17.8256],[53.1,17.8811]]]}},{"type":"Feature","properties":{"source_type":"hydro","foo_threshold":10},"geometry":{"type":"Polygon","coordinates":[[[45.3,22.8605],[45.4,22.8565],[45.447,22.9],[45.4488,23.0],[45.4,23.0454],[45.3,23.0488],[45.2562,23.0],[45.245,22.9],[45.3,22.8605]]]}},{"type":"Feature","properties":{"source_type":"hydro","foo_threshold":10},"geometry":{"type":"Polygon","coordinates":[[[49.3,22.2894],[49.2724,22.4],[49.3602,22.5],[49.4,22.5398],[49.4906,22.5],[49.4966,22.4],[49.3,22.2894]]]}},{"type":"Feature","properties":{"source_type":"hydro","foo_threshold":10},"geometry":{"type":"Polygon","coordinates":[[[45.0,28.758],[44.958,28.8],[44.9492,28.9],[45.0,28.9508],[45.1,28.955],[45.155,28.9],[45.1463,28.8],[45.1,28.7537],[45.0,28.758]]]}},{"type":"Feature","properties":{"source_type":"hydro","foo_threshold":10},"geometry":{"type":"Polygon","coordinates":[[[44.0,18.9815],[43.8732,19.1],[43.9,19.1268],[44.1,19.113],[44.2,19.2185],[44.2811,19.2],[44.21,19.1],[44.1,19.087],[44.0,18.9815]]]}},{"type":"Feature","properties":{"source_type":"hydro","foo_threshold":10},"geometry":{"type":"Polygon","coordinates":[[[44.5,25.2664],[44.3484,25.4],[44.5,25.5585],[44.5585,25.5],[44.5336,25.3],[44.5,25.2664]]]}},{"type":"Feature","properties":{"source_type":"hydro","foo_threshold":10},"geometry":{"type":"Polygon","coordinates":[[[59.6,28.6795],[59.5638,28.8],[59.5651,28.9],[59.6,28.9349],[59.7571,28.8],[59.7,28.6815],[59.6,28.6795]]]}},{"type":"Feature","properties":{"source_type":"hydro","foo_threshold":10},"geometry":{"type":"Polygon","coordinates":[[[44.2,17.9335],[44.1724,18.0],[44.2,18.0703],[44.4,18.0476],[44.4476,18.0],[44.4,17.9084],[44.2,17.9335]]]}},{"type":"Feature","properties":{"source_type":"hydro","foo_threshold":10},"geometry":{"type":"Polygon","coordinates":[[[59.3,21.4882],[59.2415,21.6],[59.4,21.7579],[59.4579,21.7],[59.445,21.6],[59.3,21.4882]]]}},{"type":"Feature","properties":{"source_type":"hydro","foo_threshold":10},"geometry":{"type":"Polygon","coordinates":[[[46.0,29.5335],[45.9335,29.6],[46.0,29.6665],[46.2,29.6612],[46.2612,29.6],[46.2,29.5388],[46.0,29.5335]]]}},{"type":"Feature","properties":{"source_type":"hydro","foo_threshold":10},"geometry":{"type":"Polygon","coordinates":[[[57.8,31.2463],[57.7463,31.3],[57.7532,31.4],[57.8,31.4468],[57.9,31.4526],[57.9527,31.4],[57.9409,31.3],[57.9,31.2591],[57.8,31.2463]]]}},{"type":"Feature","properties":{"source_type":"hydro","foo_threshold":10},"geometry":{"type":"Polygon","coordinates":[[[44.0,19.3541],[43.9541,19.4],[43.956,19.5],[44.1,19.6185],[44.1574,19.5],[44.0,19.3541]]]}},{"type":"Feature","properties":{"source_type":"hydro","foo_threshold":10},"geometry":{"type":"Polygon","coordinates":[[[57.7,28.6507],[57.5625,28.8],[57.6,28.8375],[57.7,28.8392],[57.8485,28.7],[57.8,28.6515],[57.7,28.6507]]]}},{"type":"Feature","properties":{"source_type":"hydro","foo_threshold":10},"geometry":{"type":"Polygon","coordinates":[[[52.8,21.0651],[52.7651,21.1],[52.8,21.4185],[52.8769,21.4],[52.9039,21.3],[52.8284,21.2],[52.835,21.1],[52.8,21.0651]]]}},{"type":"Feature","properties":{"source_type":"hydro","foo_threshold":10},"geometry":{"type":"Polygon","coordinates":[[[45.3,27.5166],[45.2166,27.6],[45.2168,27.7],[45.3,27.7832],[45.3832,27.7],[45.3835,27.6],[45.3,27.5166]]]}},{"type":"Feature","properties":{"source_type":"hydro","foo_threshold":10},"geometry":{"type":"Polygon","coordinates":[[[54.1,19.3815],[54.0528,19.6],[54.1,19.6472],[54.2336,19.5],[54.2,19.4348],[54.1,19.3815]]]}},{"type":"Feature","properties":{"source_type":"hydro","foo_threshold":10},"geometry":{"type":"Polygon","coordinates":[[[55.7,30.5671],[55.621,30.6],[55.5629,30.7],[55.6,30.7406],[55.7,30.7315],[55.8,30.6755],[55.8205,30.6],[55.7,30.5671]]]}},{"type":"Feature","properties":{"source_type":"hydro","foo_threshold":10},"geometry":{"type":"Polygon","coordinates":[[[44.7,25.7403],[44.5388,25.9],[44.6,25.9612],[44.7,25.9562],[44.7562,25.9],[44.7598,25.8],[44.7,25.7403]]]}},{"type":"Feature","properties":{"source_type":"hydro","foo_threshold":10},"geometry":{"type":"Polygon","coordinates":[[[59.1,29.2991],[59.0,29.3749],[58.9,29.3758],[58.8758,29.4],[58.9,29.4572],[59.2867,29.4],[59.2,29.3827],[59.1,29.2991]]]}},{"type":"Feature","properties":{"source_type":"hydro","foo_threshold":10},"geometry":{"type":"Polygon","coordinates":[[[58.1,32.8651],[58.0651,32.9],[58.1,32.935],[58.4,32.9505],[58.4505,32.9],[58.4,32.8495],[58.3,32.823],[58.1,32.8651]]]}},{"type":"Feature","properties":{"source_type":"hydro","foo_threshold":10},"geometry":{"type":"Polygon","coordinates":[[[58.2,31.358],[58.158,31.4],[58.158,31.5],[58.2,31.542],[58.3,31.543],[58.343,31.5],[58.3369,31.4],[58.3,31.3631],[58.2,31.358]]]}},{"type":"Feature","properties":{"source_type":"hydro","foo_threshold":10},"geometry":{"type":"Polygon","coordinates":[[[47.6,31.5806],[47.5565,31.7],[47.6,31.7435],[47.8,31.7404],[47.8404,31.7],[47.6,31.5806]]]}},{"type":"Feature","properties":{"source_type":"hydro","foo_threshold":10},"geometry":{"type":"Polygon","coordinates":[[[55.9,24.6047],[55.8431,24.8],[55.9,24.8826],[56.0,24.8725],[56.0153,24.8],[55.9,24.6047]]]}},{"type":"Feature","properties":{"source_type":"hydro","foo_threshold":10},"geometry":{"type":"Polygon","coordinates":[[[54.3,28.6294],[54.2294,28.7],[54.4,28.8381],[54.4381,28.8],[54.4576,28.7],[54.4,28.6424],[54.3,28.6294]]]}},{"type":"Feature","properties":{"source_type":"hydro","foo_threshold":10},"geometry":{"type":"Polygon","coordinates":[[[46.0,21.12],[45.9826,21.2],[45.8555,21.3],[45.9,21.3445],[46.0743,21.3],[46.0907,21.2],[46.0,21.12]]]}},{"type":"Feature","properties":{"source_type":"hydro","foo_threshold":10},"geometry":{"type":"Polygon","coordinates":[[[52.9,21.4169],[52.8657,21.7],[52.9,21.7343],[53.035,21.6],[52.9251,21.5],[52.9,21.4169]]]}},{"type":"Feature","properties":{"source_type":"hydro","foo_threshold":10},"geometry":{"type":"Polygon","coordinates":[[[57.3,20.0411],[57.2836,20.2],[57.4,20.2952],[57.4441,20.2],[57.4022,20.1],[57.3,20.0411]]]}},{"type":"Feature","properties":{"source_type":"hydro","foo_threshold":10},"geometry":{"type":"Polygon","coordinates":[[[51.1,17.5871],[51.2,17.5254],[51.3,17.5233],[51.345,17.6],[51.3,17.6591],[51.056,17.6],[51.1,17.5871]]]}},{"type":"Feature","properties":{"source_type":"hydro","foo_threshold":10},"geometry":{"type":"Polygon","coordinates":[[[51.1,25.9758],[51.0638,26.1],[51.1,26.1362],[51.3,26.1485],[51.3485,26.1],[51.3,26.0515],[51.2,26.0644],[51.1,25.9758]]]}},{"type":"Feature","properties":{"source_type":"hydro","foo_threshold":10},"geometry":{"type":"Polygon","coordinates":[[[44.9,24.5524],[44.746,24.7],[44.8,24.754],[44.9,24.753],[44.953,24.7],[44.9476,24.6],[44.9,24.5524]]]}},{"type":"Feature","properties":{"source_type":"hydro","foo_threshold":10},"geometry":{"type":"Polygon","coordinates":[[[49.5,26.0947],[49.445,26.2],[49.5,26.255],[49.6194,26.3],[49.654,26.2],[49.5,26.0947]]]}},{"type":"Feature","properties":{"source_type":"hydro","foo_threshold":10},"geometry":{"type":"Polygon","coordinates":[[[44.2,32.8907],[43.9619,33.1],[44.0,33.1381],[44.1,33.1106],[44.213,33.0],[44.2,32.8907]]]}},{"type":"Feature","properties":{"source_type":"hydro","foo_threshold":10},"geometry":{"type":"Polygon","coordinates":[[[54.1,27.9273],[54.0273,28.0],[54.0253,28.1],[54.1,28.1747],[54.1747,28.1],[54.1727,28.0],[54.1,27.9273]]]}},{"type":"Feature","properties":{"source_type":"hydro","foo_threshold":10},"geometry":{"type":"Polygon","coordinates":[[[47.1,27.6575],[47.0575,27.7],[47.0432,27.9],[47.1,27.9568],[47.1568,27.9],[47.1425,27.7],[47.1,27.6575]]]}},{"type":"Feature","properties":{"source_type":"hydro","foo_threshold":10},"geometry":{"type":"Polygon","coordinates":[[[46.7,25.328],[46.628,25.4],[46.7,25.472],[46.8,25.4716],[46.8716,25.4],[46.8,25.3284],[46.7,25.328]]]}},{"type":"Feature","properties":{"source_type":"hydro","foo_threshold":10},"geometry":{"type":"Polygon","coordinates":[[[56.9,32.1678],[56.8515,32.3],[56.9,32.3485],[57.0,32.3315],[57.0315,32.3],[57.0242,32.2],[56.9,32.1678]]]}},{"type":"Feature","properties":{"source_type":"hydro","foo_threshold":10},"geometry":{"type":"Polygon","coordinates":[[[57.9,30.7805],[57.8785,30.9],[58.0,30.9505],[58.0505,30.9],[58.0392,30.8],[58.0,30.7608],[57.9,30.7805]]]}},{"type":"Feature","properties":{"source_type":"hydro","foo_threshold":10},"geometry":{"type":"Polygon","coordinates":[[[50.0,26.3211],[49.9479,26.4],[50.0,26.503],[50.1,26.4356],[50.2268,26.4],[50.0,26.3211]]]}},{"type":"Feature","properties":{"source_type":"hydro","foo_threshold":10},"geometry":{"type":"Polygon","coordinates":[[[47.3,26.7275],[47.2275,26.8],[47.23,26.9],[47.3,26.97],[47.3701,26.9],[47.3725,26.8],[47.3,26.7275]]]}},{"type":"Feature","properties":{"source_type":"hydro","foo_threshold":10},"geometry":{"type":"Polygon","coordinates":[[[44.2,26.7267],[44.1267,26.8],[44.2,26.8733],[44.3,26.8689],[44.3689,26.8],[44.3,26.7311],[44.2,26.7267]]]}},{"type":"Feature","properties":{"source_type":"hydro","foo_threshold":10},"geometry":{"type":"Polygon","coordinates":[[[49.3,23.0511],[49.2126,23.2],[49.3,23.2513],[49.4195,23.2],[49.3,23.0511]]]}},{"type":"Feature","properties":{"source_type":"hydro","foo_threshold":10},"geometry":{"type":"Polygon","coordinates":[[[54.3,27.0294],[54.2294,27.1],[54.3,27.1706],[54.4,27.1703],[54.4703,27.1],[54.4,27.0297],[54.3,27.0294]]]}},{"type":"Feature","properties":{"source_type":"hydro","foo_threshold":10},"geometry":{"type":"Polygon","coordinates":[[[50.1,25.6894],[49.9045,25.8],[50.1,25.8431],[50.1475,25.7],[50.1,25.6894]]]}},{"type":"Feature","properties":{"source_type":"hydro","foo_threshold":10},"geometry":{"type":"Polygon","coordinates":[[[54.5,17.6776],[54.407,17.7],[54.42,17.8],[54.5,17.888],[54.5689,17.7],[54.5,17.6776]]]}},{"type":"Feature","properties":{"source_type":"hydro","foo_threshold":10},"geometry":{"type":"Polygon","coordinates":[[[54.0,28.2335],[53.9335,28.3],[54.0,28.3665],[54.1,28.3724],[54.1724,28.3],[54.1,28.2276],[54.0,28.2335]]]}},{"type":"Feature","properties":{"source_type":"hydro","foo_threshold":10},"geometry":{"type":"Polygon","coordinates":[[[52.0,16.9319],[51.9319,17.0],[51.9393,17.1],[52.0,17.1607],[52.0607,17.1],[52.0681,17.0],[52.0,16.9319]]]}},{"type":"Feature","properties":{"source_type":"hydro","foo_threshold":10},"geometry":{"type":"Polygon","coordinates":[[[46.4,27.832],[46.332,27.9],[46.4,27.968],[46.5,27.9681],[46.5681,27.9],[46.5,27.8319],[46.4,27.832]]]}},{"type":"Feature","properties":{"source_type":"hydro","foo_threshold":10},"geometry":{"type":"Polygon","coordinates":[[[46.3,27.3337],[46.2337,27.4],[46.3,27.4663],[46.4,27.4692],[46.4692,27.4],[46.4,27.3308],[46.3,27.3337]]]}},{"type":"Feature","properties":{"source_type":"hydro","foo_threshold":10},"geometry":{"type":"Polygon","coordinates":[[[57.2,31.0457],[57.0716,31.2],[57.2,31.2543],[57.2543,31.2],[57.2543,31.1],[57.2,31.0457]]]}},{"type":"Feature","properties":{"source_type":"hydro","foo_threshold":10},"geometry":{"type":"Polygon","coordinates":[[[58.1,20.6602],[58.0,20.7882],[57.8339,20.8],[58.0,20.8344],[58.1,20.808],[58.1775,20.7],[58.1,20.6602]]]}},{"type":"Feature","properties":{"source_type":"hydro","foo_threshold":10},"geometry":{"type":"Polygon","coordinates":[[[55.4,26.7463],[55.3463,26.8],[55.3225,26.9],[55.4,26.9775],[55.4775,26.9],[55.4537,26.8],[55.4,26.7463]]]}},{"type":"Feature","properties":{"source_type":"hydro","foo_threshold":10},"geometry":{"type":"Polygon","coordinates":[[[45.5,26.9352],[45.4352,27.0],[45.4332,27.1],[45.5,27.1668],[45.5668,27.1],[45.5648,27.0],[45.5,26.9352]]]}},{"type":"Feature","properties":{"source_type":"hydro","foo_threshold":10},"geometry":{"type":"Polygon","coordinates":[[[45.4,32.8596],[45.3596,32.9],[45.3481,33.0],[45.4,33.0519],[45.5425,32.9],[45.5,32.8575],[45.4,32.8596]]]}},{"type":"Feature","properties":{"source_type":"hydro","foo_threshold":10},"geometry":{"type":"Polygon","coordinates":[[[46.8,22.9526],[46.8596,23.0],[46.8847,23.1],[46.8,23.1724],[46.7336,23.1],[46.7562,23.0],[46.8,22.9526]]]}},{"type":"Feature","properties":{"source_type":"hydro","foo_threshold":10},"geometry":{"type":"Polygon","coordinates":[[[46.6,20.5516],[46.5795,20.6],[46.7,20.7276],[46.8205,20.7],[46.7,20.5905],[46.6,20.5516]]]}},{"type":"Feature","properties":{"source_type":"hydro","foo_threshold":10},"geometry":{"type":"Polygon","coordinates":[[[44.0,24.1046],[43.9565,24.2],[44.0,24.2787],[44.1,24.26],[44.1873,24.2],[44.0,24.1046]]]}},{"type":"Feature","properties":{"source_type":"hydro","foo_threshold":10},"geometry":{"type":"Polygon","coordinates":[[[57.3,31.5256],[57.2256,31.6],[57.2454,31.7],[57.3,31.7547],[57.3547,31.7],[57.3745,31.6],[57.3,31.5256]]]}},{"type":"Feature","properties":{"source_type":"hydro","foo_threshold":10},"geometry":{"type":"Polygon","coordinates":[[[55.5,27.1429],[55.4429,27.2],[55.4329,27.3],[55.5,27.3671],[55.5671,27.3],[55.5571,27.2],[55.5,27.1429]]]}},{"type":"Feature","properties":{"source_type":"hydro","foo_threshold":10},"geometry":{"type":"Polygon","coordinates":[[[53.5,23.0221],[53.474,23.1],[53.5,23.126],[53.7024,23.1],[53.7,23.06],[53.6,23.0108],[53.5,23.0221]]]}},{"type":"Feature","properties":{"source_type":"hydro","foo_threshold":10},"geometry":{"type":"Polygon","coordinates":[[[54.3,26.7099],[54.2308,26.9],[54.3,26.9692],[54.3692,26.9],[54.3,26.7099]]]}},{"type":"Feature","properties":{"source_type":"hydro","foo_threshold":10},"geometry":{"type":"Polygon","coordinates":[[[56.1,28.4575],[56.0575,28.5],[56.0732,28.6],[56.1,28.6268],[56.2,28.6093],[56.2053,28.5],[56.1,28.4575]]]}},{"type":"Feature","properties":{"source_type":"hydro","foo_threshold":10},"geometry":{"type":"Polygon","coordinates":[[[51.8,29.4381],[51.7381,29.5],[51.8,29.5619],[51.9,29.5907],[51.945,29.5],[51.9,29.455],[51.8,29.4381]]]}},{"type":"Feature","properties":{"source_type":"hydro","foo_threshold":10},"geometry":{"type":"Polygon","coordinates":[[[53.9,20.3141],[53.8189,20.4],[53.9,20.473],[54.0327,20.4],[53.9,20.3141]]]}},{"type":"Feature","properties":{"source_type":"hydro","foo_threshold":10},"geometry":{"type":"Polygon","coordinates":[[[59.3,26.8421],[59.2421,26.9],[59.2381,27.0],[59.3,27.0619],[59.3619,27.0],[59.3579,26.9],[59.3,26.8421]]]}},{"type":"Feature","properties":{"source_type":"hydro","foo_threshold":10},"geometry":{"type":"Polygon","coordinates":[[[57.5,28.136],[57.436,28.2],[57.4441,28.3],[57.5,28.3559],[57.5559,28.3],[57.564,28.2],[57.5,28.136]]]}},{"type":"Feature","properties":{"source_type":"hydro","foo_threshold":10},"geometry":{"type":"Polygon","coordinates":[[[55.9,30.9758],[55.8758,31.0],[55.8826,31.1],[56.0,31.1067],[56.0375,31.0],[56.0,30.9625],[55.9,30.9758]]]}},{"type":"Feature","properties":{"source_type":"hydro","foo_threshold":10},"geometry":{"type":"Polygon","coordinates":[[[45.7,24.1608],[45.6608,24.2],[45.6767,24.3],[45.8,24.3369],[45.8369,24.3],[45.7,24.1608]]]}},{"type":"Feature","properties":{"source_type":"hydro","foo_threshold":10},"geometry":{"type":"Polygon","coordinates":[[[54.4,22.259],[54.348,22.4],[54.4,22.4628],[54.512,22.3],[54.4,22.259]]]}},{"type":"Feature","properties":{"source_type":"hydro","foo_threshold":10},"geometry":{"type":"Polygon","coordinates":[[[52.4,16.7732],[52.3732,16.8],[52.4,16.8908],[52.5,16.8777],[52.5454,16.8],[52.5,16.7546],[52.4,16.7732]]]}},{"type":"Feature","properties":{"source_type":"hydro","foo_threshold":10},"geometry":{"type":"Polygon","coordinates":[[[50.4,15.9492],[50.3492,16.0],[50.4,16.0508],[50.5,16.0553],[50.5553,16.0],[50.5,15.9447],[50.4,15.9492]]]}},{"type":"Feature","properties":{"source_type":"hydro","foo_threshold":10},"geometry":{"type":"Polygon","coordinates":[[[54.8,31.3724],[54.7369,31.4],[54.9,31.5174],[54.9205,31.4],[54.9,31.3024],[54.8,31.3724]]]}},{"type":"Feature","properties":{"source_type":"hydro","foo_threshold":10},"geometry":{"type":"Polygon","coordinates":[[[56.2,32.592],[56.0724,32.7],[56.1,32.7276],[56.2,32.7568],[56.2568,32.7],[56.2431,32.6],[56.2,32.592]]]}},{"type":"Feature","properties":{"source_type":"hydro","foo_threshold":10},"geometry":{"type":"Polygon","coordinates":[[[47.4,29.5418],[47.3418,29.6],[47.4,29.6582],[47.5,29.6553],[47.5553,29.6],[47.5,29.5447],[47.4,29.5418]]]}},{"type":"Feature","properties":{"source_type":"hydro","foo_threshold":10},"geometry":{"type":"Polygon","coordinates":[[[44.3,18.5096],[44.2638,18.7],[44.3,18.7362],[44.4064,18.7],[44.3,18.5096]]]}},{"type":"Feature","properties":{"source_type":"hydro","foo_threshold":10},"geometry":{"type":"Polygon","coordinates":[[[45.3,29.8366],[45.2366,29.9],[45.2524,30.0],[45.3,30.0476],[45.3476,30.0],[45.3634,29.9],[45.3,29.8366]]]}},{"type":"Feature","properties":{"source_type":"hydro","foo_threshold":10},"geometry":{"type":"Polygon","coordinates":[[[45.4,31.2432],[45.3432,31.3],[45.4,31.3568],[45.5,31.3543],[45.5543,31.3],[45.5,31.2457],[45.4,31.2432]]]}},{"type":"Feature","properties":{"source_type":"hydro","foo_threshold":10},"geometry":{"type":"Polygon","coordinates":[[[56.9,18.7902],[56.8598,18.8],[56.835,18.9],[56.9,18.9965],[56.965,18.9],[56.9,18.7902]]]}},{"type":"Feature","properties":{"source_type":"hydro","foo_threshold":10},"geometry":{"type":"Polygon","coordinates":[[[51.4,30.1432],[51.3432,30.2],[51.4,30.2568],[51.5,30.2527],[51.5527,30.2],[51.5,30.1474],[51.4,30.1432]]]}},{"type":"Feature","properties":{"source_type":"hydro","foo_threshold":10},"geometry":{"type":"Polygon","coordinates":[[[48.0,28.2484],[47.9484,28.3],[47.946,28.4],[48.0,28.454],[48.054,28.4],[48.0516,28.3],[48.0,28.2484]]]}},{"type":"Feature","properties":{"source_type":"hydro","foo_threshold":10},"geometry":{"type":"Polygon","coordinates":[[[47.3,30.0499],[47.2499,30.1],[47.3,30.1501],[47.4,30.1565],[47.4565,30.1],[47.4,30.0435],[47.3,30.0499]]]}},{"type":"Feature","properties":{"source_type":"hydro","foo_threshold":10},"geometry":{"type":"Polygon","coordinates":[[[55.2,29.5894],[55.1716,29.8],[55.2,29.8284],[55.3014,29.8],[55.2384,29.7],[55.2317,29.6],[55.2,29.5894]]]}},{"type":"Feature","properties":{"source_type":"hydro","foo_threshold":10},"geometry":{"type":"Polygon","coordinates":[[[44.8,25.5503],[44.7503,25.6],[44.7484,25.7],[44.8,25.7516],[44.8516,25.7],[44.8497,25.6],[44.8,25.5503]]]}},{"type":"Feature","properties":{"source_type":"hydro","foo_threshold":10},"geometry":{"type":"Polygon","coordinates":[[[57.6,28.4749],[57.5749,28.5],[57.6,28.5982],[57.7505,28.5],[57.7,28.4495],[57.6,28.4749]]]}},{"type":"Feature","properties":{"source_type":"hydro","foo_threshold":10},"geometry":{"type":"Polygon","coordinates":[[[47.6,24.5776],[47.5776,24.7],[47.7,24.735],[47.7349,24.7],[47.6,24.5776]]]}},{"type":"Feature","properties":{"source_type":"hydro","foo_threshold":10},"geometry":{"type":"Polygon","coordinates":[[[49.9,31.7732],[49.7638,31.9],[49.8,31.9362],[49.9233,31.9],[49.9268,31.8],[49.9,31.7732]]]}},{"type":"Feature","properties":{"source_type":"hydro","foo_threshold":10},"geometry":{"type":"Polygon","coordinates":[[[60.0,30.0894],[59.9463,30.5],[60.0,30.5537],[60.0,30.0894]]]}},{"type":"Feature","properties":{"source_type":"hydro","foo_threshold":10},"geometry":{"type":"Polygon","coordinates":[[[48.0,22.7416],[47.9416,22.8],[48.0,22.9343],[48.0585,22.8],[48.0,22.7416]]]}},{"type":"Feature","properties":{"source_type":"hydro","foo_threshold":10},"geometry":{"type":"Polygon","coordinates":[[[57.0,31.3541],[56.9541,31.4],[56.9463,31.5],[57.0,31.5537],[57.0537,31.5],[57.0459,31.4],[57.0,31.3541]]]}},{"type":"Feature","properties":{"source_type":"hydro","foo_threshold":10},"geometry":{"type":"Polygon","coordinates":[[[46.8,24.7532],[46.7532,24.8],[46.7519,24.9],[46.8,24.9481],[46.8481,24.9],[46.8468,24.8],[46.8,24.7532]]]}},{"type":"Feature","properties":{"source_type":"hydro","foo_threshold":10},"geometry":{"type":"Polygon","coordinates":[[[53.8,32.7259],[53.7631,32.9],[53.6911,33.0],[53.8024,33.0],[53.8,32.7259]]]}},{"type":"Feature","properties":{"source_type":"hydro","foo_threshold":10},"geometry":{"type":"Polygon","coordinates":[[[58.2,29.3732],[58.1126,29.4],[58.1235,29.5],[58.2,29.5322],[58.2322,29.5],[58.2,29.3732]]]}},{"type":"Feature","properties":{"source_type":"hydro","foo_threshold":10},"geometry":{"type":"Polygon","coordinates":[[[44.8,19.9467],[44.7467,20.0],[44.7625,20.1],[44.8,20.1375],[44.8375,20.1],[44.8533,20.0],[44.8,19.9467]]]}},{"type":"Feature","properties":{"source_type":"hydro","foo_threshold":10},"geometry":{"type":"Polygon","coordinates":[[[49.6,31.9602],[49.5602,32.0],[49.6,32.2141],[49.6393,32.2],[49.6398,32.0],[49.6,31.9602]]]}},{"type":"Feature","properties":{"source_type":"hydro","foo_threshold":10},"geometry":{"type":"Polygon","coordinates":[[[58.1,30.0758],[58.0176,30.1],[58.0133,30.2],[58.1,30.2308],[58.1308,30.2],[58.1,30.0758]]]}},{"type":"Feature","properties":{"source_type":"hydro","foo_threshold":10},"geometry":{"type":"Polygon","coordinates":[[[48.0,28.9847],[47.856,29.1],[47.9,29.144],[48.013,29.1],[48.0,28.9847]]]}},{"type":"Feature","properties":{"source_type":"hydro","foo_threshold":10},"geometry":{"type":"Polygon","coordinates":[[[48.3,16.9991],[48.4,17.1433],[48.4325,17.1],[48.4268,17.0],[48.4,16.9732],[48.3,16.9991]]]}},{"type":"Feature","properties":{"source_type":"hydro","foo_threshold":10},"geometry":{"type":"Polygon","coordinates":[[[45.0,27.9177],[44.9177,28.0],[45.0,28.0823],[45.0823,28.0],[45.0,27.9177]]]}},{"type":"Feature","properties":{"source_type":"hydro","foo_threshold":10},"geometry":{"type":"Polygon","coordinates":[[[47.4,28.4488],[47.3488,28.5],[47.4,28.5512],[47.5,28.5415],[47.5415,28.5],[47.5,28.4585],[47.4,28.4488]]]}},{"type":"Feature","properties":{"source_type":"hydro","foo_threshold":10},"geometry":{"type":"Polygon","coordinates":[[[56.4,20.5685],[56.3467,20.6],[56.4,20.6315],[56.5,20.6398],[56.5761,20.6],[56.5,20.5505],[56.4,20.5685]]]}},{"type":"Feature","properties":{"source_type":"hydro","foo_threshold":10},"geometry":{"type":"Polygon","coordinates":[[[51.3,23.0625],[51.2625,23.1],[51.3,23.1375],[51.4,23.1512],[51.4512,23.1],[51.4,23.0488],[51.3,23.0625]]]}},{"type":"Feature","properties":{"source_type":"hydro","foo_threshold":10},"geometry":{"type":"Polygon","coordinates":[[[55.8,28.787],[55.8,28.9277],[55.9,28.97],[55.9164,28.9],[55.8,28.787]]]}},{"type":"Feature","properties":{"source_type":"hydro","foo_threshold":10},"geometry":{"type":"Polygon","coordinates":[[[45.8,27.6193],[45.7193,27.7],[45.8,27.7807],[45.8807,27.7],[45.8,27.6193]]]}},{"type":"Feature","properties":{"source_type":"hydro","foo_threshold":10},"geometry":{"type":"Polygon","coordinates":[[[44.1,23.76],[44.02,23.8],[44.0805,23.9],[44.1,24.0267],[44.1,23.76]]]}},{"type":"Feature","properties":{"source_type":"hydro","foo_threshold":10},"geometry":{"type":"Polygon","coordinates":[[[54.2,19.0403],[54.1633,19.1],[54.2,19.1607],[54.3247,19.1],[54.2,19.0403]]]}},{"type":"Feature","properties":{"source_type":"hydro","foo_threshold":10},"geometry":{"type":"Polygon","coordinates":[[[59.1,31.5947],[59.028,31.6],[59.2,31.7174],[59.2164,31.6],[59.1,31.5947]]]}},{"type":"Feature","properties":{"source_type":"hydro","foo_threshold":10},"geometry":{"type":"Polygon","coordinates":[[[50.1,23.2565],[50.0565,23.3],[50.1,23.3435],[50.2,23.3409],[50.2409,23.3],[50.2,23.2591],[50.1,23.2565]]]}},{"type":"Feature","properties":{"source_type":"hydro","foo_threshold":10},"geometry":{"type":"Polygon","coordinates":[[[56.1,28.1413],[56.0413,28.2],[56.1,28.2587],[56.2251,28.2],[56.1,28.1413]]]}},{"type":"Feature","properties":{"source_type":"hydro","foo_threshold":10},"geometry":{"type":"Polygon","coordinates":[[[52.5,17.7253],[52.4239,17.8],[52.5,17.8574],[52.5943,17.8],[52.5,17.7253]]]}},{"type":"Feature","properties":{"source_type":"hydro","foo_threshold":10},"geometry":{"type":"Polygon","coordinates":[[[59.8,26.1644],[59.7644,26.2],[59.7519,26.3],[59.8,26.3481],[59.8481,26.3],[59.8356,26.2],[59.8,26.1644]]]}},{"type":"Feature","properties":{"source_type":"hydro","foo_threshold":10},"geometry":{"type":"Polygon","coordinates":[[[44.7,30.9251],[44.7463,31.0],[44.7388,31.1],[44.7,31.1314],[44.6673,31.1],[44.6576,31.0],[44.7,30.9251]]]}},{"type":"Feature","properties":{"source_type":"hydro","foo_threshold":10},"geometry":{"type":"Polygon","coordinates":[[[45.8,20.2968],[45.71,20.3],[45.9,20.3677],[45.988,20.3],[45.8,20.2968]]]}},{"type":"Feature","properties":{"source_type":"hydro","foo_threshold":10},"geometry":{"type":"Polygon","coordinates":[[[54.4,32.9625],[54.3625,33.0],[54.4,33.0375],[54.5678,33.0],[54.5,32.9322],[54.4,32.9625]]]}},{"type":"Feature","properties":{"source_type":"hydro","foo_threshold":10},"geometry":{"type":"Polygon","coordinates":[[[46.1,25.8718],[46.3,25.8757],[46.3239,25.9],[46.3,25.9248],[46.1,25.9258],[46.0698,25.9],[46.1,25.8718]]]}},{"type":"Feature","properties":{"source_type":"hydro","foo_threshold":10},"geometry":{"type":"Polygon","coordinates":[[[52.8,23.5565],[52.7565,23.6],[52.8,23.6435],[52.9,23.6356],[52.9356,23.6],[52.9,23.5644],[52.8,23.5565]]]}},{"type":"Feature","properties":{"source_type":"hydro","foo_threshold":10},"geometry":{"type":"Polygon","coordinates":[[[46.3,27.6247],[46.2247,27.7],[46.3,27.7753],[46.3753,27.7],[46.3,27.6247]]]}},{"type":"Feature","properties":{"source_type":"hydro","foo_threshold":10},"geometry":{"type":"Polygon","coordinates":[[[45.4,30.6613],[45.3613,30.7],[45.357,30.8],[45.4,30.843],[45.443,30.8],[45.4387,30.7],[45.4,30.6613]]]}},{"type":"Feature","properties":{"source_type":"hydro","foo_threshold":10},"geometry":{"type":"Polygon","coordinates":[[[50.2,25.4631],[50.1631,25.5],[50.2,25.679],[50.2369,25.5],[50.2,25.4631]]]}},{"type":"Feature","properties":{"source_type":"hydro","foo_threshold":10},"geometry":{"type":"Polygon","coordinates":[[[44.2,26.5263],[44.1263,26.6],[44.2,26.6737],[44.2737,26.6],[44.2,26.5263]]]}},{"type":"Feature","properties":{"source_type":"hydro","foo_threshold":10},"geometry":{"type":"Polygon","coordinates":[[[51.3,30.2454],[51.2454,30.3],[51.3,30.4224],[51.3547,30.3],[51.3,30.2454]]]}},{"type":"Feature","properties":{"source_type":"hydro","foo_threshold":10},"geometry":{"type":"Polygon","coordinates":[[[56.7,27.4263],[56.6263,27.5],[56.7,27.5737],[56.7737,27.5],[56.7,27.4263]]]}},{"type":"Feature","properties":{"source_type":"hydro","foo_threshold":10},"geometry":{"type":"Polygon","coordinates":[[[46.1,27.7274],[46.0274,27.8],[46.1,27.8726],[46.1726,27.8],[46.1,27.7274]]]}},{"type":"Feature","properties":{"source_type":"hydro","foo_threshold":10},"geometry":{"type":"Polygon","coordinates":[[[46.1,28.5275],[46.0275,28.6],[46.1,28.6725],[46.1725,28.6],[46.1,28.5275]]]}},{"type":"Feature","properties":{"source_type":"hydro","foo_threshold":10},"geometry":{"type":"Polygon","coordinates":[[[55.8,20.4859],[55.7495,20.5],[55.7067,20.6],[55.808,20.6],[55.8259,20.5],[55.8,20.4859]]]}},{"type":"Feature","properties":{"source_type":"hydro","foo_threshold":10},"geometry":{"type":"Polygon","coordinates":[[[55.1,31.0602],[55.0602,31.1],[55.1,31.1398],[55.2,31.1375],[55.2375,31.1],[55.2,31.0625],[55.1,31.0602]]]}},{"type":"Feature","properties":{"source_type":"hydro","foo_threshold":10},"geometry":{"type":"Polygon","coordinates":[[[48.5,31.1596],[48.4596,31.2],[48.5,31.2404],[48.6,31.2369],[48.6369,31.2],[48.6,31.1631],[48.5,31.1596]]]}},{"type":"Feature","properties":{"source_type":"hydro","foo_threshold":10},"geometry":{"type":"Polygon","coordinates":[[[44.3,22.2847],[44.2474,22.4],[44.3,22.4526],[44.3527,22.4],[44.3,22.2847]]]}},{"type":"Feature","properties":{"source_type":"hydro","foo_threshold":10},"geometry":{"type":"Polygon","coordinates":[[[46.8,26.9289],[46.7289,27.0],[46.8,27.0711],[46.8711,27.0],[46.8,26.9289]]]}},{"type":"Feature","properties":{"source_type":"hydro","foo_threshold":10},"geometry":{"type":"Polygon","coordinates":[[[54.3,17.341],[54.241,17.4],[54.3,17.4996],[54.359,17.4],[54.3,17.341]]]}},{"type":"Feature","properties":{"source_type":"hydro","foo_threshold":10},"geometry":{"type":"Polygon","coordinates":[[[48.9,16.5732],[48.8732,16.6],[48.9,16.6715],[49.0413,16.6],[48.9,16.5732]]]}},{"type":"Feature","properties":{"source_type":"hydro","foo_threshold":10},"geometry":{"type":"Polygon","coordinates":[[[56.5,18.2732],[56.4537,18.3],[56.5,18.4557],[56.5366,18.4],[56.5,18.2732]]]}},{"type":"Feature","properties":{"source_type":"hydro","foo_threshold":10},"geometry":{"type":"Polygon","coordinates":[[[58.3,20.6518],[58.2344,20.7],[58.3,20.7513],[58.4039,20.7],[58.3,20.6518]]]}},{"type":"Feature","properties":{"source_type":"hydro","foo_threshold":10},"geometry":{"type":"Polygon","coordinates":[[[53.2,22.4976],[53.1907,22.6],[53.3,22.632],[53.3,22.5893],[53.2,22.4976]]]}},{"type":"Feature","properties":{"source_type":"hydro","foo_threshold":10},"geometry":{"type":"Polygon","coordinates":[[[55.9,24.3836],[55.837,24.4],[55.9,24.4548],[56.0,24.4292],[56.0106,24.4],[56.0,24.3738],[55.9,24.3836]]]}},{"type":"Feature","properties":{"source_type":"hydro","foo_threshold":10},"geometry":{"type":"Polygon","coordinates":[[[49.4,24.4805],[49.355,24.6],[49.4,24.645],[49.445,24.6],[49.4,24.4805]]]}},{"type":"Feature","properties":{"source_type":"hydro","foo_threshold":10},"geometry":{"type":"Polygon","coordinates":[[[44.9,23.6058],[44.874,23.7],[44.9,23.7869],[44.9706,23.7],[44.9,23.6058]]]}},{"type":"Feature","properties":{"source_type":"hydro","foo_threshold":10},"geometry":{"type":"Polygon","coordinates":[[[58.3,21.2957],[58.3,21.4063],[58.4224,21.3],[58.4,21.2776],[58.3,21.2957]]]}},{"type":"Feature","properties":{"source_type":"hydro","foo_threshold":10},"geometry":{"type":"Polygon","coordinates":[[[50.7,17.6505],[50.7805,17.7],[50.7,17.7732],[50.645,17.7],[50.7,17.6505]]]}},{"type":"Feature","properties":{"source_type":"hydro","foo_threshold":10},"geometry":{"type":"Polygon","coordinates":[[[44.0,27.1334],[43.9334,27.2],[44.0,27.2666],[44.0666,27.2],[44.0,27.1334]]]}},{"type":"Feature","properties":{"source_type":"hydro","foo_threshold":10},"geometry":{"type":"Polygon","coordinates":[[[47.8,24.5613],[47.7613,24.6],[47.8,24.6387],[47.926,24.6],[47.8,24.5613]]]}},{"type":"Feature","properties":{"source_type":"hydro","foo_threshold":10},"geometry":{"type":"Polygon","coordinates":[[[47.8,26.3339],[47.7339,26.4],[47.8,26.4661],[47.8661,26.4],[47.8,26.3339]]]}},{"type":"Feature","properties":{"source_type":"hydro","foo_threshold":10},"geometry":{"type":"Polygon","coordinates":[[[47.9,26.2341],[47.8341,26.3],[47.9,26.3659],[47.9659,26.3],[47.9,26.2341]]]}},{"type":"Feature","properties":{"source_type":"hydro","foo_threshold":10},"geometry":{"type":"Polygon","coordinates":[[[48.0,23.0986],[47.9119,23.2],[48.0,23.2336],[48.0336,23.2],[48.0,23.0986]]]}},{"type":"Feature","properties":{"source_type":"hydro","foo_threshold":10},"geometry":{"type":"Polygon","coordinates":[[[53.5,19.395],[53.5,19.46],[53.6,19.4467],[53.6,19.3569],[53.5,19.395]]]}},{"type":"Feature","properties":{"source_type":"hydro","foo_threshold":10},"geometry":{"type":"Polygon","coordinates":[[[54.0,17.3492],[53.9178,17.4],[54.0,17.4716],[54.0508,17.4],[54.0,17.3492]]]}},{"type":"Feature","properties":{"source_type":"hydro","foo_threshold":10},"geometry":{"type":"Polygon","coordinates":[[[51.8,16.1657],[51.8933,16.2],[51.8,16.292],[51.7659,16.2],[51.8,16.1657]]]}},{"type":"Feature","properties":{"source_type":"hydro","foo_threshold":10},"geometry":{"type":"Polygon","coordinates":[[[50.6,24.9348],[50.5348,25.0],[50.6,25.0652],[50.6652,25.0],[50.6,24.9348]]]}},{"type":"Feature","properties":{"source_type":"hydro","foo_threshold":10},"geometry":{"type":"Polygon","coordinates":[[[58.3,30.8625],[58.2625,30.9],[58.3,30.9375],[58.4285,30.9],[58.3,30.8625]]]}},{"type":"Feature","properties":{"source_type":"hydro","foo_threshold":10},"geometry":{"type":"Polygon","coordinates":[[[46.6,27.735],[46.535,27.8],[46.6,27.865],[46.665,27.8],[46.6,27.735]]]}},{"type":"Feature","properties":{"source_type":"hydro","foo_threshold":10},"geometry":{"type":"Polygon","coordinates":[[[52.6,17.4568],[52.67,17.5],[52.6,17.5678],[52.5292,17.5],[52.6,17.4568]]]}},{"type":"Feature","properties":{"source_type":"hydro","foo_threshold":10},"geometry":{"type":"Polygon","coordinates":[[[52.3,17.5381],[52.3386,17.6],[52.3,17.6758],[52.226,17.6],[52.3,17.5381]]]}},{"type":"Feature","properties":{"source_type":"hydro","foo_threshold":10},"geometry":{"type":"Polygon","coordinates":[[[57.4,20.857],[57.357,20.9],[57.4,20.943],[57.5208,20.9],[57.4,20.857]]]}},{"type":"Feature","properties":{"source_type":"hydro","foo_threshold":10},"geometry":{"type":"Polygon","coordinates":[[[56.4,32.4756],[56.334,32.5],[56.3435,32.6],[56.4,32.613],[56.4,32.4756]]]}},{"type":"Feature","properties":{"source_type":"hydro","foo_threshold":10},"geometry":{"type":"Polygon","coordinates":[[[56.8,31.8348],[56.7348,31.9],[56.8,31.9652],[56.8652,31.9],[56.8,31.8348]]]}},{"type":"Feature","properties":{"source_type":"hydro","foo_threshold":10},"geometry":{"type":"Polygon","coordinates":[[[44.4,21.3651],[44.3651,21.4],[44.4,21.4349],[44.5242,21.4],[44.4,21.3651]]]}},{"type":"Feature","properties":{"source_type":"hydro","foo_threshold":10},"geometry":{"type":"Polygon","coordinates":[[[51.0,23.0377],[50.9377,23.1],[51.0,23.1623],[51.0623,23.1],[51.0,23.0377]]]}},{"type":"Feature","properties":{"source_type":"hydro","foo_threshold":10},"geometry":{"type":"Polygon","coordinates":[[[48.3,30.4692],[48.2692,30.5],[48.2678,30.6],[48.3,30.6322],[48.3322,30.6],[48.3308,30.5],[48.3,30.4692]]]}},{"type":"Feature","properties":{"source_type":"hydro","foo_threshold":10},"geometry":{"type":"Polygon","coordinates":[[[58.9,23.1463],[58.8463,23.2],[58.9,23.2878],[58.9537,23.2],[58.9,23.1463]]]}},{"type":"Feature","properties":{"source_type":"hydro","foo_threshold":10},"geometry":{"type":"Polygon","coordinates":[[[46.1,23.8386],[46.0386,23.9],[46.1,23.9614],[46.1614,23.9],[46.1,23.8386]]]}},{"type":"Feature","properties":{"source_type":"hydro","foo_threshold":10},"geometry":{"type":"Polygon","coordinates":[[[44.7,24.9767],[44.6651,25.1],[44.7,25.135],[44.7349,25.1],[44.7,24.9767]]]}},{"type":"Feature","properties":{"source_type":"hydro","foo_threshold":10},"geometry":{"type":"Polygon","coordinates":[[[44.6,26.0388],[44.5388,26.1],[44.6,26.1612],[44.6612,26.1],[44.6,26.0388]]]}},{"type":"Feature","properties":{"source_type":"hydro","foo_threshold":10},"geometry":{"type":"Polygon","coordinates":[[[51.9,18.836],[51.9,18.913],[52.0418,18.9],[51.9,18.836]]]}},{"type":"Feature","properties":{"source_type":"hydro","foo_threshold":10},"geometry":{"type":"Polygon","coordinates":[[[54.1,17.4947],[54.2,17.5391],[54.2978,17.5],[54.1,17.4947]]]}},{"type":"Feature","properties":{"source_type":"hydro","foo_threshold":10},"geometry":{"type":"Polygon","coordinates":[[[44.5,28.5393],[44.4393,28.6],[44.5,28.6607],[44.5607,28.6],[44.5,28.5393]]]}},{"type":"Feature","properties":{"source_type":"hydro","foo_threshold":10},"geometry":{"type":"Polygon","coordinates":[[[46.6,23.5671],[46.5671,23.6],[46.6,23.6329],[46.7215,23.6],[46.6,23.5671]]]}},{"type":"Feature","properties":{"source_type":"hydro","foo_threshold":10},"geometry":{"type":"Polygon","coordinates":[[[46.9,23.5785],[46.8671,23.7],[46.9,23.7329],[46.9329,23.7],[46.9,23.5785]]]}},{"type":"Feature","properties":{"source_type":"hydro","foo_threshold":10},"geometry":{"type":"Polygon","coordinates":[[[56.9,21.1608],[56.8329,21.2],[56.9,21.2467],[56.9924,21.2],[56.9,21.1608]]]}},{"type":"Feature","properties":{"source_type":"hydro","foo_threshold":10},"geometry":{"type":"Polygon","coordinates":[[[56.6,20.7416],[56.5415,20.8],[56.6,20.8585],[56.6585,20.8],[56.6,20.7416]]]}},{"type":"Feature","properties":{"source_type":"hydro","foo_threshold":10},"geometry":{"type":"Polygon","coordinates":[[[45.5,29.8395],[45.4395,29.9],[45.5,29.9605],[45.5605,29.9],[45.5,29.8395]]]}},{"type":"Feature","properties":{"source_type":"hydro","foo_threshold":10},"geometry":{"type":"Polygon","coordinates":[[[55.4,32.6859],[55.4,32.8106],[55.4964,32.7],[55.4,32.6859]]]}},{"type":"Feature","properties":{"source_type":"hydro","foo_threshold":10},"geometry":{"type":"Polygon","coordinates":[[[46.3,28.9408],[46.2408,29.0],[46.3,29.0592],[46.3592,29.0],[46.3,28.9408]]]}},{"type":"Feature","properties":{"source_type":"hydro","foo_threshold":10},"geometry":{"type":"Polygon","coordinates":[[[59.9,32.3398],[59.8398,32.4],[59.9,32.4602],[59.9603,32.4],[59.9,32.3398]]]}},{"type":"Feature","properties":{"source_type":"hydro","foo_threshold":10},"geometry":{"type":"Polygon","coordinates":[[[45.9,28.9413],[45.8413,29.0],[45.9,29.0587],[45.9587,29.0],[45.9,28.9413]]]}},{"type":"Feature","properties":{"source_type":"hydro","foo_threshold":10},"geometry":{"type":"Polygon","coordinates":[[[45.7,30.441],[45.641,30.5],[45.7,30.559],[45.759,30.5],[45.7,30.441]]]}},{"type":"Feature","properties":{"source_type":"hydro","foo_threshold":10},"geometry":{"type":"Polygon","coordinates":[[[47.0,27.9418],[46.9418,28.0],[47.0,28.0582],[47.0582,28.0],[47.0,27.9418]]]}},{"type":"Feature","properties":{"source_type":"hydro","foo_threshold":10},"geometry":{"type":"Polygon","coordinates":[[[45.4,23.1546],[45.4546,23.2],[45.4,23.2602],[45.3336,23.2],[45.4,23.1546]]]}},{"type":"Feature","properties":{"source_type":"hydro","foo_threshold":10},"geometry":{"type":"Polygon","coordinates":[[[47.8,28.7638],[47.7638,28.8],[47.8,28.9153],[47.8362,28.8],[47.8,28.7638]]]}},{"type":"Feature","properties":{"source_type":"hydro","foo_threshold":10},"geometry":{"type":"Polygon","coordinates":[[[48.1,27.9424],[48.0424,28.0],[48.1,28.0576],[48.1576,28.0],[48.1,27.9424]]]}},{"type":"Feature","properties":{"source_type":"hydro","foo_threshold":10},"geometry":{"type":"Polygon","coordinates":[[[55.2,23.2916],[55.2,23.32],[55.3,23.335],[55.335,23.3],[55.3,23.2651],[55.2,23.2916]]]}},{"type":"Feature","properties":{"source_type":"hydro","foo_threshold":10},"geometry":{"type":"Polygon","coordinates":[[[53.3,22.734],[53.3,22.9141],[53.3424,22.9],[53.3,22.734]]]}},{"type":"Feature","properties":{"source_type":"hydro","foo_threshold":10},"geometry":{"type":"Polygon","coordinates":[[[45.0,16.6664],[44.9348,16.7],[45.0,16.7836],[45.0336,16.7],[45.0,16.6664]]]}},{"type":"Feature","properties":{"source_type":"hydro","foo_threshold":10},"geometry":{"type":"Polygon","coordinates":[[[48.2,27.8441],[48.1441,27.9],[48.2,27.9559],[48.2559,27.9],[48.2,27.8441]]]}},{"type":"Feature","properties":{"source_type":"hydro","foo_threshold":10},"geometry":{"type":"Polygon","coordinates":[[[52.0,23.8492],[51.956,23.9],[52.1433,23.9],[52.0,23.8492]]]}},{"type":"Feature","properties":{"source_type":"hydro","foo_threshold":10},"geometry":{"type":"Polygon","coordinates":[[[45.1,19.1863],[45.0642,19.3],[45.1,19.3547],[45.1,19.1863]]]}},{"type":"Feature","properties":{"source_type":"hydro","foo_threshold":10},"geometry":{"type":"Polygon","coordinates":[[[54.7,32.6732],[54.6732,32.7],[54.7,32.7874],[54.7843,32.7],[54.7,32.6732]]]}},{"type":"Feature","properties":{"source_type":"hydro","foo_threshold":10},"geometry":{"type":"Polygon","coordinates":[[[47.6,29.8447],[47.5447,29.9],[47.6,29.9553],[47.6553,29.9],[47.6,29.8447]]]}},{"type":"Feature","properties":{"source_type":"hydro","foo_threshold":10},"geometry":{"type":"Polygon","coordinates":[[[59.6,29.3678],[59.5013,29.4],[59.6,29.46],[59.6322,29.4],[59.6,29.3678]]]}},{"type":"Feature","properties":{"source_type":"hydro","foo_threshold":10},"geometry":{"type":"Polygon","coordinates":[[[54.2,31.8732],[54.1563,31.9],[54.1744,32.0],[54.2,32.0067],[54.2268,31.9],[54.2,31.8732]]]}},{"type":"Feature","properties":{"source_type":"hydro","foo_threshold":10},"geometry":{"type":"Polygon","coordinates":[[[55.9,27.9457],[55.8457,28.0],[55.9,28.0543],[55.9543,28.0],[55.9,27.9457]]]}},{"type":"Feature","properties":{"source_type":"hydro","foo_threshold":10},"geometry":{"type":"Polygon","coordinates":[[[44.3,20.5549],[44.2701,20.6],[44.3,20.6917],[44.3502,20.6],[44.3,20.5549]]]}},{"type":"Feature","properties":{"source_type":"hydro","foo_threshold":10},"geometry":{"type":"Polygon","coordinates":[[[51.2,18.635],[51.2,18.7039],[51.3,18.7133],[51.3,18.68],[51.2,18.635]]]}},{"type":"Feature","properties":{"source_type":"hydro","foo_threshold":10},"geometry":{"type":"Polygon","coordinates":[[[45.5,24.3776],[45.4776,24.4],[45.5,24.4224],[45.6224,24.4],[45.5,24.3776]]]}},{"type":"Feature","properties":{"source_type":"hydro","foo_threshold":10},"geometry":{"type":"Polygon","coordinates":[[[47.7,29.7467],[47.6467,29.8],[47.7,29.8533],[47.7533,29.8],[47.7,29.7467]]]}},{"type":"Feature","properties":{"source_type":"hydro","foo_threshold":10},"geometry":{"type":"Polygon","coordinates":[[[44.4,28.747],[44.347,28.8],[44.4,28.853],[44.453,28.8],[44.4,28.747]]]}},{"type":"Feature","properties":{"source_type":"hydro","foo_threshold":10},"geometry":{"type":"Polygon","coordinates":[[[47.4,31.6463],[47.3463,31.7],[47.4,31.7537],[47.4537,31.7],[47.4,31.6463]]]}},{"type":"Feature","properties":{"source_type":"hydro","foo_threshold":10},"geometry":{"type":"Polygon","coordinates":[[[55.6,23.8947],[55.7,23.9343],[55.7343,23.9],[55.7,23.8657],[55.6,23.8947]]]}},{"type":"Feature","properties":{"source_type":"hydro","foo_threshold":10},"geometry":{"type":"Polygon","coordinates":[[[55.1,32.2054],[55.0369,32.3],[55.1,32.3276],[55.1276,32.3],[55.1,32.2054]]]}},{"type":"Feature","properties":{"source_type":"hydro","foo_threshold":10},"geometry":{"type":"Polygon","coordinates":[[[48.3,16.6233],[48.3,16.7067],[48.4,16.7067],[48.3,16.6233]]]}},{"type":"Feature","properties":{"source_type":"hydro","foo_threshold":10},"geometry":{"type":"Polygon","coordinates":[[[58.0,32.3477],[57.9477,32.4],[58.0,32.4523],[58.0523,32.4],[58.0,32.3477]]]}},{"type":"Feature","properties":{"source_type":"hydro","foo_threshold":10},"geometry":{"type":"Polygon","coordinates":[[[57.5,31.6484],[57.4484,31.7],[57.5,31.7516],[57.5516,31.7],[57.5,31.6484]]]}},{"type":"Feature","properties":{"source_type":"hydro","foo_threshold":10},"geometry":{"type":"Polygon","coordinates":[[[51.1,23.6503],[51.0503,23.7],[51.1,23.7497],[51.1497,23.7],[51.1,23.6503]]]}},{"type":"Feature","properties":{"source_type":"hydro","foo_threshold":10},"geometry":{"type":"Polygon","coordinates":[[[51.8,21.8507],[51.7507,21.9],[51.8,21.9493],[51.8493,21.9],[51.8,21.8507]]]}},{"type":"Feature","properties":{"source_type":"hydro","foo_threshold":10},"geometry":{"type":"Polygon","coordinates":[[[58.1,32.4484],[58.0484,32.5],[58.1,32.5516],[58.1516,32.5],[58.1,32.4484]]]}},{"type":"Feature","properties":{"source_type":"hydro","foo_threshold":10},"geometry":{"type":"Polygon","coordinates":[[[48.7,17.4711],[48.7,17.5039],[48.84,17.5],[48.7,17.4711]]]}},{"type":"Feature","properties":{"source_type":"hydro","foo_threshold":10},"geometry":{"type":"Polygon","coordinates":[[[52.7,17.736],[52.62,17.8],[52.7,17.8291],[52.7,17.736]]]}},{"type":"Feature","properties":{"source_type":"hydro","foo_threshold":10},"geometry":{"type":"Polygon","coordinates":[[[59.5,26.2507],[59.4507,26.3],[59.5,26.3493],[59.5493,26.3],[59.5,26.2507]]]}},{"type":"Feature","properties":{"source_type":"hydro","foo_threshold":10},"geometry":{"type":"Polygon","coordinates":[[[48.4,31.5767],[48.3767,31.6],[48.4,31.6233],[48.5185,31.6],[48.4,31.5767]]]}},{"type":"Feature","properties":{"source_type":"hydro","foo_threshold":10},"geometry":{"type":"Polygon","coordinates":[[[49.9,16.4526],[49.94,16.5],[49.9,16.5555],[49.8527,16.5],[49.9,16.4526]]]}},{"type":"Feature","properties":{"source_type":"hydro","foo_threshold":10},"geometry":{"type":"Polygon","coordinates":[[[45.6,31.1499],[45.5499,31.2],[45.6,31.2501],[45.6501,31.2],[45.6,31.1499]]]}},{"type":"Feature","properties":{"source_type":"hydro","foo_threshold":10},"geometry":{"type":"Polygon","coordinates":[[[51.6,18.6685],[51.5685,18.7],[51.6,18.7315],[51.7145,18.7],[51.6,18.6685]]]}},{"type":"Feature","properties":{"source_type":"hydro","foo_threshold":10},"geometry":{"type":"Polygon","coordinates":[[[55.6,17.8537],[55.5537,17.9],[55.6,17.9463],[55.6463,17.9],[55.6,17.8537]]]}},{"type":"Feature","properties":{"source_type":"hydro","foo_threshold":10},"geometry":{"type":"Polygon","coordinates":[[[56.6,32.2732],[56.5498,32.3],[56.6,32.3983],[56.6268,32.3],[56.6,32.2732]]]}},{"type":"Feature","properties":{"source_type":"hydro","foo_threshold":10},"geometry":{"type":"Polygon","coordinates":[[[47.4,26.5524],[47.3524,26.6],[47.4,26.6476],[47.4476,26.6],[47.4,26.5524]]]}},{"type":"Feature","properties":{"source_type":"hydro","foo_threshold":10},"geometry":{"type":"Polygon","coordinates":[[[44.7,32.5815],[44.7,32.6185],[44.8215,32.6],[44.7,32.5815]]]}},{"type":"Feature","properties":{"source_type":"hydro","foo_threshold":10},"geometry":{"type":"Polygon","coordinates":[[[57.7,32.0336],[57.7337,32.1],[57.7,32.1532],[57.6543,32.1],[57.7,32.0336]]]}},{"type":"Feature","properties":{"source_type":"hydro","foo_threshold":10},"geometry":{"type":"Polygon","coordinates":[[[55.6,18.2671],[55.5671,18.3],[55.6,18.3929],[55.6329,18.3],[55.6,18.2671]]]}},{"type":"Feature","properties":{"source_type":"hydro","foo_threshold":10},"geometry":{"type":"Polygon","coordinates":[[[45.5,30.5524],[45.4524,30.6],[45.5,30.6476],[45.5476,30.6],[45.5,30.5524]]]}},{"type":"Feature","properties":{"source_type":"hydro","foo_threshold":10},"geometry":{"type":"Polygon","coordinates":[[[50.4,17.6555],[50.3555,17.7],[50.4,17.7445],[50.4445,17.7],[50.4,17.6555]]]}},{"type":"Feature","properties":{"source_type":"hydro","foo_threshold":10},"geometry":{"type":"Polygon","coordinates":[[[50.8,18.5425],[50.8,18.6067],[50.9024,18.6],[50.8,18.5425]]]}},{"type":"Feature","properties":{"source_type":"hydro","foo_threshold":10},"geometry":{"type":"Polygon","coordinates":[[[55.4,20.5638],[55.3457,20.6],[55.4,20.6844],[55.4,20.5638]]]}},{"type":"Feature","properties":{"source_type":"hydro","foo_threshold":10},"geometry":{"type":"Polygon","coordinates":[[[58.0,30.2339],[57.9045,30.3],[58.0,30.3118],[58.0,30.2339]]]}},{"type":"Feature","properties":{"source_type":"hydro","foo_threshold":10},"geometry":{"type":"Polygon","coordinates":[[[50.3,23.156],[50.256,23.2],[50.3,23.244],[50.344,23.2],[50.3,23.156]]]}},{"type":"Feature","properties":{"source_type":"hydro","foo_threshold":10},"geometry":{"type":"Polygon","coordinates":[[[44.2,31.2468],[44.2343,31.3],[44.2,31.3374],[44.1425,31.3],[44.2,31.2468]]]}},{"type":"Feature","properties":{"source_type":"hydro","foo_threshold":10},"geometry":{"type":"Polygon","coordinates":[[[54.9,17.8674],[54.8785,17.9],[54.9,17.9489],[54.9677,17.9],[54.9,17.8674]]]}},{"type":"Feature","properties":{"source_type":"hydro","foo_threshold":10},"geometry":{"type":"Polygon","coordinates":[[[59.5,30.9497],[59.4126,31.0],[59.5,31.0205],[59.5205,31.0],[59.5,30.9497]]]}},{"type":"Feature","properties":{"source_type":"hydro","foo_threshold":10},"geometry":{"type":"Polygon","coordinates":[[[44.8,23.5233],[44.7933,23.6],[44.8767,23.6],[44.8,23.5233]]]}},{"type":"Feature","properties":{"source_type":"hydro","foo_threshold":10},"geometry":{"type":"Polygon","coordinates":[[[54.4,19.7815],[54.3336,19.8],[54.4,19.8604],[54.4,19.7815]]]}},{"type":"Feature","properties":{"source_type":"hydro","foo_threshold":10},"geometry":{"type":"Polygon","coordinates":[[[54.3,29.6575],[54.2575,29.7],[54.3,29.7425],[54.3425,29.7],[54.3,29.6575]]]}},{"type":"Feature","properties":{"source_type":"hydro","foo_threshold":10},"geometry":{"type":"Polygon","coordinates":[[[55.1,29.8575],[55.0575,29.9],[55.1,29.9425],[55.1425,29.9],[55.1,29.8575]]]}},{"type":"Feature","properties":{"source_type":"hydro","foo_threshold":10},"geometry":{"type":"Polygon","coordinates":[[[48.8,31.4575],[48.7575,31.5],[48.8,31.5425],[48.8425,31.5],[48.8,31.4575]]]}},{"type":"Feature","properties":{"source_type":"hydro","foo_threshold":10},"geometry":{"type":"Polygon","coordinates":[[[47.5,25.3591],[47.4591,25.4],[47.5,25.4409],[47.5409,25.4],[47.5,25.3591]]]}},{"type":"Feature","properties":{"source_type":"hydro","foo_threshold":10},"geometry":{"type":"Polygon","coordinates":[[[48.4,31.058],[48.358,31.1],[48.4,31.142],[48.442,31.1],[48.4,31.058]]]}},{"type":"Feature","properties":{"source_type":"hydro","foo_threshold":10},"geometry":{"type":"Polygon","coordinates":[[[44.2,23.2385],[44.1795,23.3],[44.2,23.3976],[44.2205,23.3],[44.2,23.2385]]]}},{"type":"Feature","properties":{"source_type":"hydro","foo_threshold":10},"geometry":{"type":"Polygon","coordinates":[[[59.5,31.6836],[59.5,31.7315],[59.6067,31.7],[59.5,31.6836]]]}},{"type":"Feature","properties":{"source_type":"hydro","foo_threshold":10},"geometry":{"type":"Polygon","coordinates":[[[45.0,30.1585],[44.9585,30.2],[45.0,30.2415],[45.0415,30.2],[45.0,30.1585]]]}},{"type":"Feature","properties":{"source_type":"hydro","foo_threshold":10},"geometry":{"type":"Polygon","coordinates":[[[47.5,21.7602],[47.4602,21.8],[47.5,21.8398],[47.5398,21.8],[47.5,21.7602]]]}},{"type":"Feature","properties":{"source_type":"hydro","foo_threshold":10},"geometry":{"type":"Polygon","coordinates":[[[53.4,18.2792],[53.5049,18.3],[53.373,18.3],[53.4,18.2792]]]}},{"type":"Feature","properties":{"source_type":"hydro","foo_threshold":10},"geometry":{"type":"Polygon","coordinates":[[[54.7,26.7431],[54.6657,26.8],[54.7,26.8343],[54.7343,26.8],[54.7,26.7431]]]}},{"type":"Feature","properties":{"source_type":"hydro","foo_threshold":10},"geometry":{"type":"Polygon","coordinates":[[[54.0,18.6836],[53.9031,18.7],[54.0,18.7293],[54.0315,18.7],[54.0,18.6836]]]}},{"type":"Feature","properties":{"source_type":"hydro","foo_threshold":10},"geometry":{"type":"Polygon","coordinates":[[[45.1,23.8947],[45.07,23.9],[45.1,23.99],[45.1327,23.9],[45.1,23.8947]]]}},{"type":"Feature","properties":{"source_type":"hydro","foo_threshold":10},"geometry":{"type":"Polygon","coordinates":[[[46.1,25.5576],[46.1381,25.6],[46.1,25.6334],[46.059,25.6],[46.1,25.5576]]]}},{"type":"Feature","properties":{"source_type":"hydro","foo_threshold":10},"geometry":{"type":"Polygon","coordinates":[[[59.4,31.0092],[59.3732,31.1],[59.4,31.1268],[59.4268,31.1],[59.4,31.0092]]]}},{"type":"Feature","properties":{"source_type":"hydro","foo_threshold":10},"geometry":{"type":"Polygon","coordinates":[[[53.9,18.0756],[53.8653,18.1],[53.9,18.155],[53.9367,18.1],[53.9,18.0756]]]}},{"type":"Feature","properties":{"source_type":"hydro","foo_threshold":10},"geometry":{"type":"Polygon","coordinates":[[[51.5,16.6708],[51.4351,16.7],[51.5,16.7292],[51.5292,16.7],[51.5,16.6708]]]}},{"type":"Feature","properties":{"source_type":"hydro","foo_threshold":10},"geometry":{"type":"Polygon","coordinates":[[[58.1,29.0815],[58.1,29.1185],[58.2039,29.1],[58.1,29.0815]]]}},{"type":"Feature","properties":{"source_type":"hydro","foo_threshold":10},"geometry":{"type":"Polygon","coordinates":[[[48.1,27.7619],[48.0619,27.8],[48.1,27.8381],[48.1381,27.8],[48.1,27.7619]]]}},{"type":"Feature","properties":{"source_type":"hydro","foo_threshold":10},"geometry":{"type":"Polygon","coordinates":[[[48.2,31.4613],[48.1613,31.5],[48.2,31.5387],[48.2387,31.5],[48.2,31.4613]]]}},{"type":"Feature","properties":{"source_type":"hydro","foo_threshold":10},"geometry":{"type":"Polygon","coordinates":[[[57.6,19.0961],[57.7141,19.1],[57.7,19.0748],[57.6,19.0961]]]}},{"type":"Feature","properties":{"source_type":"hydro","foo_threshold":10},"geometry":{"type":"Polygon","coordinates":[[[48.9,27.0625],[48.8625,27.1],[48.9,27.1375],[48.9375,27.1],[48.9,27.0625]]]}},{"type":"Feature","properties":{"source_type":"hydro","foo_threshold":10},"geometry":{"type":"Polygon","coordinates":[[[56.2,21.0907],[56.14,21.1],[56.2,21.166],[56.2,21.0907]]]}},{"type":"Feature","properties":{"source_type":"hydro","foo_threshold":10},"geometry":{"type":"Polygon","coordinates":[[[51.5,25.3638],[51.4638,25.4],[51.5,25.4362],[51.5362,25.4],[51.5,25.3638]]]}},{"type":"Feature","properties":{"source_type":"hydro","foo_threshold":10},"geometry":{"type":"Polygon","coordinates":[[[44.7,23.4785],[44.6785,23.5],[44.7,23.5215],[44.7926,23.5],[44.7,23.4785]]]}},{"type":"Feature","properties":{"source_type":"hydro","foo_threshold":10},"geometry":{"type":"Polygon","coordinates":[[[57.7,31.5638],[57.6638,31.6],[57.7,31.6362],[57.7362,31.6],[57.7,31.5638]]]}},{"type":"Feature","properties":{"source_type":"hydro","foo_threshold":10},"geometry":{"type":"Polygon","coordinates":[[[49.8,16.9785],[49.7785,17.0],[49.8,17.08],[49.8215,17.0],[49.8,16.9785]]]}},{"type":"Feature","properties":{"source_type":"hydro","foo_threshold":10},"geometry":{"type":"Polygon","coordinates":[[[49.7,16.7671],[49.6671,16.8],[49.7,16.8329],[49.7329,16.8],[49.7,16.7671]]]}},{"type":"Feature","properties":{"source_type":"hydro","foo_threshold":10},"geometry":{"type":"Polygon","coordinates":[[[55.5,22.6586],[55.4749,22.7],[55.5,22.7251],[55.5424,22.7],[55.5,22.6586]]]}},{"type":"Feature","properties":{"source_type":"hydro","foo_threshold":10},"geometry":{"type":"Polygon","coordinates":[[[50.8,24.9664],[50.7664,25.0],[50.8,25.0336],[50.8336,25.0],[50.8,24.9664]]]}},{"type":"Feature","properties":{"source_type":"hydro","foo_threshold":10},"geometry":{"type":"Polygon","coordinates":[[[44.4,20.472],[44.4,20.5175],[44.48,20.5],[44.4,20.472]]]}},{"type":"Feature","properties":{"source_type":"hydro","foo_threshold":10},"geometry":{"type":"Polygon","coordinates":[[[59.9,28.6708],[59.8708,28.7],[59.9,28.7292],[59.9485,28.7],[59.9,28.6708]]]}},{"type":"Feature","properties":{"source_type":"hydro","foo_threshold":10},"geometry":{"type":"Polygon","coordinates":[[[48.8,23.5671],[48.7671,23.6],[48.8,23.6329],[48.8329,23.6],[48.8,23.5671]]]}},{"type":"Feature","properties":{"source_type":"hydro","foo_threshold":10},"geometry":{"type":"Polygon","coordinates":[[[44.3,19.268],[44.2976,19.4],[44.332,19.4],[44.3,19.268]]]}},{"type":"Feature","properties":{"source_type":"hydro","foo_threshold":10},"geometry":{"type":"Polygon","coordinates":[[[44.4,31.0715],[44.4305,31.1],[44.4,31.1343],[44.3614,31.1],[44.4,31.0715]]]}},{"type":"Feature","properties":{"source_type":"hydro","foo_threshold":10},"geometry":{"type":"Polygon","coordinates":[[[56.0,20.5692],[55.9692,20.6],[56.0,20.6308],[56.0308,20.6],[56.0,20.5692]]]}},{"type":"Feature","properties":{"source_type":"hydro","foo_threshold":10},"geometry":{"type":"Polygon","coordinates":[[[57.1,32.9933],[57.1,33.0511],[57.1657,33.0],[57.1,32.9933]]]}},{"type":"Feature","properties":{"source_type":"hydro","foo_threshold":10},"geometry":{"type":"Polygon","coordinates":[[[44.1,29.6685],[44.0685,29.7],[44.1,29.7315],[44.1315,29.7],[44.1,29.6685]]]}},{"type":"Feature","properties":{"source_type":"hydro","foo_threshold":10},"geometry":{"type":"Polygon","coordinates":[[[55.1,17.9717],[55.0517,18.0],[55.1,18.027],[55.1,17.9717]]]}},{"type":"Feature","properties":{"source_type":"hydro","foo_threshold":10},"geometry":{"type":"Polygon","coordinates":[[[44.6,24.5708],[44.5708,24.6],[44.6,24.6292],[44.6292,24.6],[44.6,24.5708]]]}},{"type":"Feature","properties":{"source_type":"hydro","foo_threshold":10},"geometry":{"type":"Polygon","coordinates":[[[44.7,32.9894],[44.7,33.0106],[44.8009,33.0],[44.7,32.9894]]]}},{"type":"Feature","properties":{"source_type":"hydro","foo_threshold":10},"geometry":{"type":"Polygon","coordinates":[[[57.2,20.5428],[57.1795,20.6],[57.2,20.6205],[57.2205,20.6],[57.2,20.5428]]]}},{"type":"Feature","properties":{"source_type":"hydro","foo_threshold":10},"geometry":{"type":"Polygon","coordinates":[[[59.9,32.0776],[59.8776,32.1],[59.9,32.1224],[59.9531,32.1],[59.9,32.0776]]]}},{"type":"Feature","properties":{"source_type":"hydro","foo_threshold":10},"geometry":{"type":"Polygon","coordinates":[[[48.0,21.0724],[47.9724,21.1],[48.0,21.1276],[48.0276,21.1],[48.0,21.0724]]]}},{"type":"Feature","properties":{"source_type":"hydro","foo_threshold":10},"geometry":{"type":"Polygon","coordinates":[[[55.5,31.0731],[55.4283,31.1],[55.5,31.1118],[55.5,31.0731]]]}},{"type":"Feature","properties":{"source_type":"hydro","foo_threshold":10},"geometry":{"type":"Polygon","coordinates":[[[49.0,23.0776],[48.9776,23.1],[49.0,23.1423],[49.0224,23.1],[49.0,23.0776]]]}},{"type":"Feature","properties":{"source_type":"hydro","foo_threshold":10},"geometry":{"type":"Polygon","coordinates":[[[55.3,20.6711],[55.3,20.7081],[55.365,20.7],[55.3,20.6711]]]}},{"type":"Feature","properties":{"source_type":"hydro","foo_threshold":10},"geometry":{"type":"Polygon","coordinates":[[[45.0,16.0716],[44.9646,16.1],[45.0,16.1195],[45.0,16.0716]]]}},{"type":"Feature","properties":{"source_type":"hydro","foo_threshold":10},"geometry":{"type":"Polygon","coordinates":[[[48.2,16.5894],[48.162,16.6],[48.2844,16.6],[48.2,16.5894]]]}},{"type":"Feature","properties":{"source_type":"hydro","foo_threshold":10},"geometry":{"type":"Polygon","coordinates":[[[58.2,30.9732],[58.1732,31.0],[58.2,31.0268],[58.2268,31.0],[58.2,30.9732]]]}},{"type":"Feature","properties":{"source_type":"hydro","foo_threshold":10},"geometry":{"type":"Polygon","coordinates":[[[44.1,18.6758],[44.0758,18.7],[44.1,18.7242],[44.1242,18.7],[44.1,18.6758]]]}},{"type":"Feature","properties":{"source_type":"hydro","foo_threshold":10},"geometry":{"type":"Polygon","coordinates":[[[60.0,28.174],[59.974,28.2],[60.0,28.2685],[60.0,28.174]]]}},{"type":"Feature","properties":{"source_type":"hydro","foo_threshold":10},"geometry":{"type":"Polygon","coordinates":[[[50.1,26.1892],[50.0825,26.2],[50.2009,26.2],[50.1,26.1892]]]}},{"type":"Feature","properties":{"source_type":"hydro","foo_threshold":10},"geometry":{"type":"Polygon","coordinates":[[[47.8,24.7758],[47.7758,24.8],[47.8,24.8242],[47.8242,24.8],[47.8,24.7758]]]}},{"type":"Feature","properties":{"source_type":"hydro","foo_threshold":10},"geometry":{"type":"Polygon","coordinates":[[[46.9,21.6795],[46.8795,21.7],[46.9,21.7205],[46.9205,21.7],[46.9,21.6795]]]}},{"type":"Feature","properties":{"source_type":"hydro","foo_threshold":10},"geometry":{"type":"Polygon","coordinates":[[[59.0,28.287],[59.0,28.313],[59.0533,28.3],[59.0,28.287]]]}},{"type":"Feature","properties":{"source_type":"hydro","foo_threshold":10},"geometry":{"type":"Polygon","coordinates":[[[58.8,31.487],[58.8,31.513],[58.8533,31.5],[58.8,31.487]]]}},{"type":"Feature","properties":{"source_type":"hydro","foo_threshold":10},"geometry":{"type":"Polygon","coordinates":[[[53.7,22.78],[53.68,22.8],[53.7,22.816],[53.7229,22.8],[53.7,22.78]]]}},{"type":"Feature","properties":{"source_type":"hydro","foo_threshold":10},"geometry":{"type":"Polygon","coordinates":[[[56.9,23.9778],[56.9,24.0042],[56.9522,24.0],[56.9,23.9778]]]}},{"type":"Feature","properties":{"source_type":"hydro","foo_threshold":10},"geometry":{"type":"Polygon","coordinates":[[[49.6,17.1947],[49.57,17.2],[49.6,17.2327],[49.6,17.1947]]]}},{"type":"Feature","properties":{"source_type":"hydro","foo_threshold":10},"geometry":{"type":"Polygon","coordinates":[[[46.5,20.787],[46.4669,20.8],[46.5,20.813],[46.5,20.787]]]}},{"type":"Feature","properties":{"source_type":"hydro","foo_threshold":10},"geometry":{"type":"Polygon","coordinates":[[[56.5,21.4907],[56.4772,21.5],[56.5,21.5264],[56.5,21.4907]]]}},{"type":"Feature","properties":{"source_type":"hydro","foo_threshold":10},"geometry":{"type":"Polygon","coordinates":[[[54.2,17.683],[54.2,17.7119],[54.2207,17.7],[54.2,17.683]]]}},{"type":"Feature","properties":{"source_type":"hydro","foo_threshold":10},"geometry":{"type":"Polygon","coordinates":[[[59.4,29.3963],[59.34,29.4],[59.46,29.4],[59.4,29.3963]]]}},{"type":"Feature","properties":{"source_type":"hydro","foo_threshold":20},"geometry":{"type":"Polygon","coordinates":[[[46.3,23.9826],[46.1888,24.1],[46.1,24.2693],[46.0133,24.3],[46.2,24.345],[46.2776,24.4],[46.2,24.4954],[46.0386,24.6],[45.7976,24.7],[45.7753,24.8],[45.679,24.9],[45.6805,25.1],[45.6,25.1888],[45.4,25.1999],[45.3895,25.3],[45.3137,25.4],[45.3527,25.5],[45.4,25.5153],[45.6,25.3409],[45.6583,25.4],[45.5716,25.5],[45.7,25.5378],[45.8815,25.7],[45.894,25.8],[45.8,25.8991],[45.6897,25.9],[45.6337,26.2],[45.7,26.2174],[45.9,26.0409],[46.1,26.0485],[46.2,26.1468],[46.3,26.1461],[46.4,26.0483],[46.5,26.113],[46.5372,26.0],[46.4521,25.9],[46.4514,25.8],[46.3422,25.7],[46.5215,25.5],[46.5,25.4296],[46.3,25.4836],[46.1,25.4847],[46.0445,25.4],[46.0425,25.2],[46.1,25.1362],[46.2,25.135],[46.3,25.1412],[46.4,25.2304],[46.4759,25.2],[46.4,25.0704],[46.3,25.0588],[46.2417,25.0],[46.3,24.945],[46.6,24.9141],[46.6039,24.7],[46.5,24.7696],[46.4,24.674],[46.1641,24.9],[46.1583,25.0],[46.1,25.0638],[45.9,25.0776],[45.83,25.0],[45.9,24.9356],[46.0,24.9369],[46.4,24.5457],[46.5,24.626],[46.5315,24.5],[46.6,24.4343],[46.7,24.428],[46.728,24.4],[46.7185,24.3],[46.8,24.2353],[46.861,24.3],[46.8628,24.4],[46.7585,24.5],[46.9,24.6326],[47.0,24.6769],[47.0406,24.5],[47.1,24.4233],[47.2155,24.4],[47.0,24.3228],[46.9983,24.2],[46.9,24.1732],[46.8,24.0991],[46.7,24.0976],[46.6,24.192],[46.4517,24.1],[46.4,23.9728],[46.3,23.9826]]]}},{"type":"Feature","properties":{"source_type":"hydro","foo_threshold":20},"geometry":{"type":"Polygon","coordinates":[[[43.8,30.6749],[43.6681,30.8],[43.7,30.8319],[43.8,30.83],[44.0,31.0032],[44.1,31.0174],[44.1907,31.1],[44.2685,31.3],[44.2,31.3749],[44.1,31.4019],[44.0753,31.5],[43.9635,31.6],[44.0,31.6366],[44.3,31.6333],[44.3333,31.6],[44.3356,31.5],[44.5,31.3428],[44.7,31.3387],[44.7678,31.4],[44.6664,31.5],[44.7,31.5336],[44.9,31.5174],[45.0,31.4205],[45.2174,31.4],[45.2147,31.3],[45.1,31.2882],[45.026,31.2],[45.1124,31.1],[45.1158,31.0],[45.2,30.9087],[45.3046,30.9],[45.2112,30.8],[45.2,30.7441],[45.0891,30.8],[45.0073,30.9],[44.8,30.9717],[44.7776,31.1],[44.7,31.1628],[44.6346,31.1],[44.6,30.942],[44.5,30.8887],[44.1,30.8776],[43.9,30.6831],[43.8,30.6749]]]}},{"type":"Feature","properties":{"source_type":"hydro","foo_threshold":20},"geometry":{"type":"Polygon","coordinates":[[[46.4,28.3641],[46.3641,28.4],[46.3805,28.5],[46.1591,28.7],[46.2,28.7409],[46.4,28.7272],[46.4682,28.8],[46.3596,28.9],[46.5,29.0164],[46.5681,29.0],[46.6,28.8736],[46.7,28.7467],[46.8548,28.9],[46.8465,29.0],[46.9,29.0506],[47.0,29.0169],[47.1,29.118],[47.12,29.0],[47.2,28.9219],[47.3216,29.0],[47.3233,28.7],[47.2,28.6732],[47.1141,28.6],[47.1,28.4831],[47.0,28.4859],[46.9,28.5853],[46.6,28.5815],[46.4,28.3641]]]}},{"type":"Feature","properties":{"source_type":"hydro","foo_threshold":20},"geometry":{"type":"Polygon","coordinates":[[[46.5,29.1758],[46.4758,29.2],[46.4947,29.5],[46.5847,29.6],[46.482,29.7],[46.6,29.7053],[46.6541,29.8],[46.6541,29.9],[46.8,30.0164],[46.8472,29.9],[46.83,29.7],[46.9,29.628],[47.0,29.721],[47.021,29.7],[47.02,29.6],[47.2,29.37],[47.2247,29.3],[47.2024,29.2],[47.1,29.2914],[47.0,29.2933],[46.9832,29.4],[46.9,29.4304],[46.6248,29.2],[46.6,29.1446],[46.5,29.1758]]]}},{"type":"Feature","properties":{"source_type":"hydro","foo_threshold":20},"geometry":{"type":"Polygon","coordinates":[[[50.3,16.6762],[50.2241,16.7],[50.4,16.7863],[50.5,16.9596],[50.628,17.0],[50.9,17.1675],[51.0,17.1906],[51.0264,17.1],[51.1106,17.0],[51.1,16.9156],[51.0,16.9493],[50.8873,16.9],[50.9533,16.8],[50.9,16.6907],[50.5,16.6233],[50.3,16.6762]]]}},{"type":"Feature","properties":{"source_type":"hydro","foo_threshold":20},"geometry":{"type":"Polygon","coordinates":[[[43.9,24.6526],[43.8762,24.8],[43.9,24.8628],[43.985,24.9],[43.9,24.97],[43.8,24.9221],[43.7115,25.0],[43.719,25.1],[43.9,25.3112],[44.1,25.3372],[44.1372,25.3],[44.1339,25.1],[44.222,25.0],[44.2188,24.9],[44.1731,24.8],[44.0,24.7504],[43.9,24.6526]]]}},{"type":"Feature","properties":{"source_type":"hydro","foo_threshold":20},"geometry":{"type":"Polygon","coordinates":[[[44.3,25.6795],[44.1696,25.8],[44.1954,25.9],[44.0,26.0732],[43.7836,26.1],[43.7716,26.2],[43.8,26.2284],[43.9,26.1242],[44.0605,26.3],[43.9501,26.4],[44.1,26.5472],[44.2,26.4409],[44.3,26.5395],[44.4,26.5378],[44.4378,26.5],[44.4359,26.4],[44.4,26.3641],[44.3,26.3565],[44.2395,26.3],[44.2346,26.1],[44.2673,26.0],[44.2046,25.9],[44.3073,25.8],[44.3,25.6795]]]}},{"type":"Feature","properties":{"source_type":"hydro","foo_threshold":20},"geometry":{"type":"Polygon","coordinates":[[[45.0,27.647],[44.947,27.7],[45.0341,27.8],[45.036,27.9],[45.1,27.964],[45.3,27.9557],[45.3449,28.0],[45.3481,28.1],[45.4,28.1519],[45.5,28.0566],[45.6,28.0574],[45.646,28.1],[45.6558,28.2],[45.5625,28.3],[45.6,28.3375],[45.7,28.3311],[45.8438,28.2],[45.754,28.1],[45.7545,28.0],[45.7,27.9455],[45.5,27.9434],[45.4,27.8418],[45.3,27.8443],[45.1,27.6399],[45.0,27.647]]]}},{"type":"Feature","properties":{"source_type":"hydro","foo_threshold":20},"geometry":{"type":"Polygon","coordinates":[[[44.0,28.7608],[43.9608,28.8],[43.9767,29.0],[44.0753,29.1],[44.0,29.1696],[43.8,29.0264],[43.7,29.0543],[43.7,29.1835],[43.9,29.2296],[44.2,29.2272],[44.3,29.2032],[44.4,29.1215],[44.5039,29.1],[44.4,28.9736],[44.3,28.9771],[44.1947,28.9],[44.1,28.7638],[44.0,28.7608]]]}},{"type":"Feature","properties":{"source_type":"hydro","foo_threshold":20},"geometry":{"type":"Polygon","coordinates":[[[52.1,22.3059],[52.0044,22.4],[52.0202,22.5],[51.9682,22.6],[51.9427,22.8],[51.9,22.8445],[51.8,22.839],[51.7,22.73],[51.6836,22.8],[51.6,22.906],[51.8,22.9207],[52.1,23.0529],[52.2185,22.9],[52.1758,22.8],[52.1883,22.7],[52.1378,22.6],[52.1,22.3059]]]}},{"type":"Feature","properties":{"source_type":"hydro","foo_threshold":20},"geometry":{"type":"Polygon","coordinates":[[[47.3,24.7882],[47.0428,25.0],[47.1,25.0572],[47.3,25.0518],[47.3484,25.1],[47.3588,25.2],[47.3,25.2635],[47.2,25.2562],[47.1562,25.3],[47.2647,25.4],[47.1712,25.5],[47.2,25.6185],[47.3174,25.6],[47.3353,25.4],[47.58,25.1],[47.3492,24.9],[47.3662,24.8],[47.3,24.7882]]]}},{"type":"Feature","properties":{"source_type":"hydro","foo_threshold":20},"geometry":{"type":"Polygon","coordinates":[[[58.7,27.3263],[58.647,27.4],[58.6351,27.6],[58.7,27.6649],[58.8,27.744],[59.0392,27.6],[59.0519,27.4],[59.0,27.3481],[58.7,27.3263]]]}},{"type":"Feature","properties":{"source_type":"hydro","foo_threshold":20},"geometry":{"type":"Polygon","coordinates":[[[58.1,27.0882],[58.0475,27.3],[57.955,27.4],[58.0,27.445],[58.5,27.4538],[58.5538,27.4],[58.5158,27.3],[58.4219,27.2],[58.4,27.0675],[58.3781,27.2],[58.3,27.2416],[58.1,27.0882]]]}},{"type":"Feature","properties":{"source_type":"hydro","foo_threshold":20},"geometry":{"type":"Polygon","coordinates":[[[50.5,16.1474],[50.4474,16.2],[50.4422,16.3],[50.3753,16.4],[50.4,16.4418],[50.6,16.5172],[50.8,16.4873],[50.8829,16.4],[50.877,16.3],[50.8,16.2408],[50.7,16.2075],[50.6,16.2664],[50.5,16.1474]]]}},{"type":"Feature","properties":{"source_type":"hydro","foo_threshold":20},"geometry":{"type":"Polygon","coordinates":[[[48.0,29.5888],[47.9745,30.0],[47.8,30.172],[47.73,30.1],[47.835,30.0],[47.8308,29.9],[47.8,29.8692],[47.5753,30.1],[47.57,30.2],[47.6,30.23],[47.7,30.2315],[47.8,30.3247],[47.9,30.3276],[47.9276,30.3],[47.9242,30.2],[48.0185,30.1],[48.0308,29.8],[48.1039,29.7],[48.0,29.5888]]]}},{"type":"Feature","properties":{"source_type":"hydro","foo_threshold":20},"geometry":{"type":"Polygon","coordinates":[[[49.9,16.0962],[49.8636,16.2],[49.8829,16.4],[50.0,16.5537],[50.1,16.4834],[50.1276,16.4],[50.0401,16.3],[50.1,16.2409],[50.3,16.2485],[50.3485,16.2],[50.3,16.0876],[50.0,16.1256],[49.9,16.0962]]]}},{"type":"Feature","properties":{"source_type":"hydro","foo_threshold":20},"geometry":{"type":"Polygon","coordinates":[[[44.9,22.6728],[44.8728,22.7],[44.8732,22.8],[44.9,22.8268],[45.1,22.8124],[45.2,22.8689],[45.4,22.813],[45.494,22.9],[45.4976,23.0],[45.4,23.0907],[45.2467,23.1],[45.5,23.1169],[45.5145,23.0],[45.6238,22.8],[45.6,22.7762],[45.5,22.7642],[45.2,22.6231],[45.1,22.735],[44.9,22.6728]]]}},{"type":"Feature","properties":{"source_type":"hydro","foo_threshold":20},"geometry":{"type":"Polygon","coordinates":[[[51.4,15.9933],[51.3888,16.1],[51.3324,16.2],[51.4,16.253],[51.7,16.2753],[51.8,16.1315],[51.9,16.1408],[51.9425,16.1],[51.9,16.0313],[51.7,16.0018],[51.5,16.058],[51.4,15.9933]]]}},{"type":"Feature","properties":{"source_type":"hydro","foo_threshold":20},"geometry":{"type":"Polygon","coordinates":[[[46.8,31.6147],[46.7888,31.7],[46.6753,31.8],[46.6947,31.9],[46.504,32.1],[46.5817,32.3],[46.335,32.5],[46.5,32.5147],[46.6067,32.4],[46.6017,32.3],[46.8164,32.1],[46.7032,32.0],[46.7053,31.9],[46.8,31.8169],[46.8947,31.9],[46.9,32.0017],[46.9053,31.9],[47.0141,31.8],[46.9,31.7882],[46.8112,31.7],[46.8,31.6147]]]}},{"type":"Feature","properties":{"source_type":"hydro","foo_threshold":20},"geometry":{"type":"Polygon","coordinates":[[[44.8,28.9647],[44.7647,29.0],[44.7693,29.3],[44.8,29.3159],[44.9,29.3256],[44.9256,29.3],[44.8296,29.2],[44.9,29.1366],[45.1,29.3381],[45.3381,29.1],[45.3,29.0619],[44.9,29.0634],[44.8,28.9647]]]}},{"type":"Feature","properties":{"source_type":"hydro","foo_threshold":20},"geometry":{"type":"Polygon","coordinates":[[[46.6,30.5933],[46.6,30.6383],[46.8,30.7586],[46.9,30.7902],[47.0,30.7723],[47.2,30.7988],[47.3,30.7346],[47.4,30.7583],[47.606,30.6],[47.4,30.5588],[47.3,30.6654],[46.8,30.6836],[46.7,30.587],[46.6,30.5933]]]}},{"type":"Feature","properties":{"source_type":"hydro","foo_threshold":20},"geometry":{"type":"Polygon","coordinates":[[[45.1,26.5631],[44.9622,26.7],[45.058,26.8],[45.0585,26.9],[44.9594,27.0],[45.0,27.0406],[45.1,27.0362],[45.3463,26.8],[45.2398,26.7],[45.2442,26.6],[45.2,26.5558],[45.1,26.5631]]]}},{"type":"Feature","properties":{"source_type":"hydro","foo_threshold":20},"geometry":{"type":"Polygon","coordinates":[[[44.7,28.1805],[44.5907,28.3],[44.5859,28.4],[44.587,28.5],[44.7,28.5087],[44.7696,28.6],[44.605,28.8],[44.7,28.8106],[44.8472,28.7],[44.8,28.376],[44.724,28.3],[44.8,28.294],[44.8315,28.2],[44.8,28.1685],[44.7,28.1805]]]}},{"type":"Feature","properties":{"source_type":"hydro","foo_threshold":20},"geometry":{"type":"Polygon","coordinates":[[[46.4,22.6713],[46.3693,23.0],[46.3,23.0795],[46.2362,23.1],[46.4,23.2943],[46.5,23.3386],[46.6447,23.3],[46.6,23.204],[46.5,23.1882],[46.4326,23.1],[46.4308,23.0],[46.5215,22.9],[46.4215,22.8],[46.4,22.6713]]]}},{"type":"Feature","properties":{"source_type":"hydro","foo_threshold":20},"geometry":{"type":"Polygon","coordinates":[[[46.3,27.9685],[46.2,28.07],[46.1,28.0776],[45.9599,28.2],[46.1,28.3476],[46.3,28.3356],[46.3356,28.3],[46.2336,28.2],[46.3,28.1292],[46.4251,28.1],[46.3,27.9685]]]}},{"type":"Feature","properties":{"source_type":"hydro","foo_threshold":20},"geometry":{"type":"Polygon","coordinates":[[[48.6,29.9815],[48.3888,30.2],[48.7,30.2164],[48.8,30.3238],[48.8238,30.3],[48.8292,30.1],[48.8,30.0708],[48.7,30.0749],[48.6,29.9815]]]}},{"type":"Feature","properties":{"source_type":"hydro","foo_threshold":20},"geometry":{"type":"Polygon","coordinates":[[[55.7,18.4582],[55.6396,18.5],[55.6557,18.6],[55.7,18.6378],[55.9,18.6841],[56.0139,18.6],[56.0,18.4947],[55.9,18.5539],[55.8,18.4253],[55.7,18.4582]]]}},{"type":"Feature","properties":{"source_type":"hydro","foo_threshold":20},"geometry":{"type":"Polygon","coordinates":[[[46.6,31.1044],[46.5882,31.2],[46.5,31.2805],[46.4,31.281],[46.1864,31.5],[46.2,31.6158],[46.3,31.5093],[46.4,31.5087],[46.6118,31.3],[46.6,31.1044]]]}},{"type":"Feature","properties":{"source_type":"hydro","foo_threshold":20},"geometry":{"type":"Polygon","coordinates":[[[45.6,29.9767],[45.561,30.1],[45.6689,30.2],[45.608,30.3],[45.8,30.3329],[45.8329,30.3],[45.8387,30.2],[45.7381,30.1],[45.7375,30.0],[45.7,29.9625],[45.6,29.9767]]]}},{"type":"Feature","properties":{"source_type":"hydro","foo_threshold":20},"geometry":{"type":"Polygon","coordinates":[[[45.3,25.9853],[45.2617,26.0],[45.3859,26.1],[45.3815,26.4],[45.4859,26.4],[45.4614,26.2],[45.5747,26.0],[45.4,25.9676],[45.3,25.9853]]]}},{"type":"Feature","properties":{"source_type":"hydro","foo_threshold":20},"geometry":{"type":"Polygon","coordinates":[[[52.3,16.2613],[52.2022,16.3],[52.1876,16.4],[52.246,16.5],[52.4,16.5249],[52.4425,16.4],[52.3,16.2613]]]}},{"type":"Feature","properties":{"source_type":"hydro","foo_threshold":20},"geometry":{"type":"Polygon","coordinates":[[[57.4,31.0876],[57.3708,31.3],[57.4515,31.4],[57.4528,31.5],[57.5,31.5472],[57.5472,31.5],[57.5485,31.4],[57.5067,31.3],[57.5304,31.2],[57.5,31.1135],[57.4,31.0876]]]}},{"type":"Feature","properties":{"source_type":"hydro","foo_threshold":20},"geometry":{"type":"Polygon","coordinates":[[[53.7,27.8674],[53.6674,27.9],[53.6671,28.0],[53.7,28.0329],[53.9,28.0329],[54.0362,27.9],[54.0,27.8638],[53.7,27.8674]]]}},{"type":"Feature","properties":{"source_type":"hydro","foo_threshold":20},"geometry":{"type":"Polygon","coordinates":[[[47.7,30.9826],[47.6805,31.1],[47.7853,31.2],[47.8,31.2516],[47.9,31.28],[47.9174,31.1],[47.8,30.981],[47.7,30.9826]]]}},{"type":"Feature","properties":{"source_type":"hydro","foo_threshold":20},"geometry":{"type":"Polygon","coordinates":[[[57.5,20.4394],[57.4095,20.6],[57.5,20.7284],[57.6,20.7357],[57.6613,20.7],[57.5,20.4394]]]}},{"type":"Feature","properties":{"source_type":"hydro","foo_threshold":20},"geometry":{"type":"Polygon","coordinates":[[[54.8,26.9553],[54.7553,27.0],[54.7602,27.1],[54.8,27.1398],[54.9,27.1442],[55.047,27.0],[55.0,26.953],[54.8,26.9553]]]}},{"type":"Feature","properties":{"source_type":"hydro","foo_threshold":20},"geometry":{"type":"Polygon","coordinates":[[[58.8,29.8831],[58.77,29.9],[58.8,30.0406],[58.9,30.076],[59.0285,30.0],[59.0261,29.9],[58.8,29.8831]]]}},{"type":"Feature","properties":{"source_type":"hydro","foo_threshold":20},"geometry":{"type":"Polygon","coordinates":[[[50.7,24.5882],[50.6736,24.7],[50.7,24.8169],[50.863,24.7],[50.9032,24.6],[50.9,24.5533],[50.7,24.5882]]]}},{"type":"Feature","properties":{"source_type":"hydro","foo_threshold":20},"geometry":{"type":"Polygon","coordinates":[[[49.8,30.4558],[49.6785,30.6],[49.7,30.6215],[49.8,30.6392],[49.9,30.555],[50.0,30.554],[50.054,30.5],[50.0,30.446],[49.8,30.4558]]]}},{"type":"Feature","properties":{"source_type":"hydro","foo_threshold":20},"geometry":{"type":"Polygon","coordinates":[[[54.5,23.938],[54.4219,24.0],[54.5,24.0605],[54.7,24.0941],[54.7621,24.0],[54.7,23.9467],[54.5,23.938]]]}},{"type":"Feature","properties":{"source_type":"hydro","foo_threshold":20},"geometry":{"type":"Polygon","coordinates":[[[53.4,28.172],[53.372,28.2],[53.4,28.3169],[53.5,28.3224],[53.6,28.2393],[53.7,28.2381],[53.7381,28.2],[53.7,28.1619],[53.4,28.172]]]}},{"type":"Feature","properties":{"source_type":"hydro","foo_threshold":20},"geometry":{"type":"Polygon","coordinates":[[[54.8,27.8625],[54.7625,27.9],[54.8,27.9375],[54.9,27.942],[55.0,28.0343],[55.1,28.0366],[55.1366,28.0],[55.0,27.8562],[54.8,27.8625]]]}},{"type":"Feature","properties":{"source_type":"hydro","foo_threshold":20},"geometry":{"type":"Polygon","coordinates":[[[45.1,24.9027],[45.0664,25.0],[45.0927,25.2],[45.2,25.3338],[45.213,25.2],[45.1251,25.1],[45.228,25.0],[45.1,24.9027]]]}},{"type":"Feature","properties":{"source_type":"hydro","foo_threshold":20},"geometry":{"type":"Polygon","coordinates":[[[48.9,24.092],[48.8,24.1105],[48.7471,24.2],[48.9,24.2359],[49.0,24.1276],[49.1174,24.1],[49.1,24.0233],[48.9,24.092]]]}},{"type":"Feature","properties":{"source_type":"hydro","foo_threshold":20},"geometry":{"type":"Polygon","coordinates":[[[45.5,28.6667],[45.4667,28.7],[45.6,28.8372],[45.7,28.8238],[45.8,28.9147],[45.8147,28.9],[45.8,28.779],[45.7,28.7762],[45.6,28.6661],[45.5,28.6667]]]}},{"type":"Feature","properties":{"source_type":"hydro","foo_threshold":20},"geometry":{"type":"Polygon","coordinates":[[[46.2,22.3781],[46.1138,22.4],[46.1069,22.5],[46.1574,22.6],[46.1194,22.7],[46.2,22.718],[46.2158,22.5],[46.2804,22.4],[46.2,22.3781]]]}},{"type":"Feature","properties":{"source_type":"hydro","foo_threshold":20},"geometry":{"type":"Polygon","coordinates":[[[48.3,32.3464],[48.2651,32.4],[48.2704,32.5],[48.4,32.5835],[48.413,32.5],[48.5,32.4067],[48.6136,32.4],[48.6,32.3439],[48.5,32.3933],[48.4,32.394],[48.3,32.3464]]]}},{"type":"Feature","properties":{"source_type":"hydro","foo_threshold":20},"geometry":{"type":"Polygon","coordinates":[[[50.7,29.3815],[50.7,29.4185],[50.9,29.4585],[51.0,29.4589],[51.0589,29.4],[51.0,29.3412],[50.7,29.3815]]]}},{"type":"Feature","properties":{"source_type":"hydro","foo_threshold":20},"geometry":{"type":"Polygon","coordinates":[[[55.1,27.1517],[55.0517,27.2],[55.0619,27.3],[55.1,27.3381],[55.2,27.3445],[55.2445,27.3],[55.2508,27.2],[55.2,27.1492],[55.1,27.1517]]]}},{"type":"Feature","properties":{"source_type":"hydro","foo_threshold":20},"geometry":{"type":"Polygon","coordinates":[[[54.4,27.2685],[54.3,27.3692],[54.1,27.3575],[54.0575,27.4],[54.1,27.4425],[54.4,27.4359],[54.4359,27.4],[54.4315,27.3],[54.4,27.2685]]]}},{"type":"Feature","properties":{"source_type":"hydro","foo_threshold":20},"geometry":{"type":"Polygon","coordinates":[[[53.5,17.7598],[53.4491,17.8],[53.4694,17.9],[53.5,17.9697],[53.6,18.0244],[53.6488,18.0],[53.6144,17.9],[53.5,17.7598]]]}},{"type":"Feature","properties":{"source_type":"hydro","foo_threshold":20},"geometry":{"type":"Polygon","coordinates":[[[45.3,29.2635],[45.1,29.5059],[45.2,29.519],[45.3,29.4809],[45.3366,29.3],[45.3,29.2635]]]}},{"type":"Feature","properties":{"source_type":"hydro","foo_threshold":20},"geometry":{"type":"Polygon","coordinates":[[[48.6,26.468],[48.5895,26.7],[48.7,26.7878],[48.7304,26.6],[48.6,26.468]]]}},{"type":"Feature","properties":{"source_type":"hydro","foo_threshold":20},"geometry":{"type":"Polygon","coordinates":[[[49.6,31.1565],[49.5565,31.2],[49.5575,31.3],[49.6,31.3425],[49.7,31.3422],[49.7422,31.3],[49.7461,31.2],[49.7,31.1539],[49.6,31.1565]]]}},{"type":"Feature","properties":{"source_type":"hydro","foo_threshold":20},"geometry":{"type":"Polygon","coordinates":[[[44.9,26.2853],[44.8781,26.4],[44.9,26.4219],[45.0,26.4224],[45.1153,26.3],[45.1,26.2337],[44.9,26.2853]]]}},{"type":"Feature","properties":{"source_type":"hydro","foo_threshold":20},"geometry":{"type":"Polygon","coordinates":[[[46.1,25.8435],[46.3,25.8514],[46.3479,25.9],[46.3,25.9495],[46.1,25.9515],[46.0395,25.9],[46.1,25.8435]]]}},{"type":"Feature","properties":{"source_type":"hydro","foo_threshold":20},"geometry":{"type":"Polygon","coordinates":[[[45.9,27.3501],[45.7509,27.5],[45.8,27.5491],[45.9,27.5579],[45.9579,27.5],[45.9499,27.4],[45.9,27.3501]]]}},{"type":"Feature","properties":{"source_type":"hydro","foo_threshold":20},"geometry":{"type":"Polygon","coordinates":[[[53.7,27.1622],[53.6622,27.2],[53.6638,27.3],[53.7,27.3362],[53.8,27.3242],[53.8375,27.2],[53.8,27.1625],[53.7,27.1622]]]}},{"type":"Feature","properties":{"source_type":"hydro","foo_threshold":20},"geometry":{"type":"Polygon","coordinates":[[[46.8,31.1825],[46.8,31.5883],[46.9139,31.3],[46.8,31.1825]]]}},{"type":"Feature","properties":{"source_type":"hydro","foo_threshold":20},"geometry":{"type":"Polygon","coordinates":[[[44.7,22.2954],[44.8,22.4093],[45.0,22.4395],[45.0395,22.4],[45.0,22.3605],[44.9,22.3847],[44.8,22.27],[44.7,22.2954]]]}},{"type":"Feature","properties":{"source_type":"hydro","foo_threshold":20},"geometry":{"type":"Polygon","coordinates":[[[44.8,30.5954],[44.682,30.7],[44.7,30.794],[44.8,30.8355],[44.8395,30.7],[44.8388,30.6],[44.8,30.5954]]]}},{"type":"Feature","properties":{"source_type":"hydro","foo_threshold":20},"geometry":{"type":"Polygon","coordinates":[[[47.0,25.3588],[46.9588,25.4],[46.9749,25.6],[47.0,25.6251],[47.0242,25.5],[47.1369,25.4],[47.1,25.3631],[47.0,25.3588]]]}},{"type":"Feature","properties":{"source_type":"hydro","foo_threshold":20},"geometry":{"type":"Polygon","coordinates":[[[54.3,28.1513],[54.2513,28.2],[54.2543,28.3],[54.3,28.3457],[54.4433,28.2],[54.4,28.1567],[54.3,28.1513]]]}},{"type":"Feature","properties":{"source_type":"hydro","foo_threshold":20},"geometry":{"type":"Polygon","coordinates":[[[51.6,23.1087],[51.5678,23.2],[51.6,23.3686],[51.6732,23.3],[51.7071,23.2],[51.6,23.1087]]]}},{"type":"Feature","properties":{"source_type":"hydro","foo_threshold":20},"geometry":{"type":"Polygon","coordinates":[[[45.3,27.5331],[45.2331,27.6],[45.2336,27.7],[45.3,27.7664],[45.3664,27.7],[45.3669,27.6],[45.3,27.5331]]]}},{"type":"Feature","properties":{"source_type":"hydro","foo_threshold":20},"geometry":{"type":"Polygon","coordinates":[[[46.0,21.9602],[45.9246,22.0],[46.0,22.13],[46.1,22.0124],[46.1628,22.0],[46.1,21.9508],[46.0,21.9602]]]}},{"type":"Feature","properties":{"source_type":"hydro","foo_threshold":20},"geometry":{"type":"Polygon","coordinates":[[[45.9,28.3591],[45.8591,28.4],[45.8563,28.5],[45.9,28.5438],[46.0,28.5457],[46.0457,28.5],[45.9,28.3591]]]}},{"type":"Feature","properties":{"source_type":"hydro","foo_threshold":20},"geometry":{"type":"Polygon","coordinates":[[[45.6,32.4968],[45.6,32.584],[45.7,32.5943],[45.8,32.513],[45.9,32.5844],[45.9,32.4894],[45.6,32.4968]]]}},{"type":"Feature","properties":{"source_type":"hydro","foo_threshold":20},"geometry":{"type":"Polygon","coordinates":[[[51.0,24.3826],[50.9622,24.4],[50.9218,24.5],[51.0688,24.5],[51.1659,24.4],[51.0,24.3826]]]}},{"type":"Feature","properties":{"source_type":"hydro","foo_threshold":20},"geometry":{"type":"Polygon","coordinates":[[[49.4,23.7762],[49.3,23.8831],[49.2,23.8901],[49.2,23.9241],[49.4079,23.9],[49.5233,23.8],[49.4,23.7762]]]}},{"type":"Feature","properties":{"source_type":"hydro","foo_threshold":20},"geometry":{"type":"Polygon","coordinates":[[[54.7,19.8787],[54.7,19.9293],[54.753,20.0],[54.8,20.0297],[54.8656,20.0],[54.853,19.9],[54.7,19.8787]]]}},{"type":"Feature","properties":{"source_type":"hydro","foo_threshold":20},"geometry":{"type":"Polygon","coordinates":[[[46.4,23.34],[46.3991,23.4],[46.2894,23.5],[46.3,23.5844],[46.4,23.59],[46.4,23.34]]]}},{"type":"Feature","properties":{"source_type":"hydro","foo_threshold":20},"geometry":{"type":"Polygon","coordinates":[[[48.2,30.2882],[48.1,30.3913],[48.0,30.3758],[47.9758,30.4],[48.0,30.4597],[48.1,30.4087],[48.2,30.4053],[48.2819,30.3],[48.2,30.2882]]]}},{"type":"Feature","properties":{"source_type":"hydro","foo_threshold":20},"geometry":{"type":"Polygon","coordinates":[[[47.7,27.9968],[47.6805,28.1],[47.8,28.1255],[47.8256,28.1],[47.8169,28.0],[47.7,27.9968]]]}},{"type":"Feature","properties":{"source_type":"hydro","foo_threshold":20},"geometry":{"type":"Polygon","coordinates":[[[51.3,24.655],[51.2836,24.7],[51.4,24.8176],[51.5,24.8073],[51.4,24.6815],[51.3,24.655]]]}},{"type":"Feature","properties":{"source_type":"hydro","foo_threshold":20},"geometry":{"type":"Polygon","coordinates":[[[48.4,21.7968],[48.5,21.9315],[48.6009,21.9],[48.5,21.78],[48.4,21.7968]]]}},{"type":"Feature","properties":{"source_type":"hydro","foo_threshold":20},"geometry":{"type":"Polygon","coordinates":[[[46.1,22.882],[46.0424,22.9],[46.2,23.0505],[46.2329,22.9],[46.2,22.8671],[46.1,22.882]]]}},{"type":"Feature","properties":{"source_type":"hydro","foo_threshold":20},"geometry":{"type":"Polygon","coordinates":[[[58.7,28.5933],[58.6387,28.6],[58.7,28.7012],[58.8,28.7011],[58.8276,28.6],[58.8,28.5724],[58.7,28.5933]]]}},{"type":"Feature","properties":{"source_type":"hydro","foo_threshold":20},"geometry":{"type":"Polygon","coordinates":[[[58.7,28.9961],[58.7,29.0371],[58.788,29.1],[58.9343,29.1],[58.8422,29.0],[58.7,28.9961]]]}},{"type":"Feature","properties":{"source_type":"hydro","foo_threshold":20},"geometry":{"type":"Polygon","coordinates":[[[47.6,29.3864],[47.7,29.5067],[47.8087,29.5],[47.7,29.3826],[47.6,29.3864]]]}},{"type":"Feature","properties":{"source_type":"hydro","foo_threshold":20},"geometry":{"type":"Polygon","coordinates":[[[59.9,27.4728],[59.8671,27.6],[59.9,27.6329],[59.9821,27.6],[59.9753,27.5],[59.9,27.4728]]]}},{"type":"Feature","properties":{"source_type":"hydro","foo_threshold":20},"geometry":{"type":"Polygon","coordinates":[[[54.1,27.9546],[54.0546,28.0],[54.0505,28.1],[54.1,28.1495],[54.1495,28.1],[54.1454,28.0],[54.1,27.9546]]]}},{"type":"Feature","properties":{"source_type":"hydro","foo_threshold":20},"geometry":{"type":"Polygon","coordinates":[[[52.5,17.2934],[52.5719,17.4],[52.6439,17.4],[52.6418,17.3],[52.5,17.2934]]]}},{"type":"Feature","properties":{"source_type":"hydro","foo_threshold":20},"geometry":{"type":"Polygon","coordinates":[[[50.8,23.1712],[50.7712,23.2],[50.9,23.2959],[50.9336,23.2],[50.9,23.1664],[50.8,23.1712]]]}},{"type":"Feature","properties":{"source_type":"hydro","foo_threshold":20},"geometry":{"type":"Polygon","coordinates":[[[46.7,25.356],[46.656,25.4],[46.7,25.444],[46.8,25.4433],[46.8433,25.4],[46.8,25.3567],[46.7,25.356]]]}},{"type":"Feature","properties":{"source_type":"hydro","foo_threshold":20},"geometry":{"type":"Polygon","coordinates":[[[57.8,32.0136],[57.7144,32.2],[57.8,32.2264],[57.8326,32.1],[57.8,32.0136]]]}},{"type":"Feature","properties":{"source_type":"hydro","foo_threshold":20},"geometry":{"type":"Polygon","coordinates":[[[46.0,29.5671],[45.9671,29.6],[46.0,29.6329],[46.2224,29.6],[46.0,29.5671]]]}},{"type":"Feature","properties":{"source_type":"hydro","foo_threshold":20},"geometry":{"type":"Polygon","coordinates":[[[55.9,17.9704],[55.8704,18.0],[55.9,18.0629],[56.0395,18.0],[56.0,17.9605],[55.9,17.9704]]]}},{"type":"Feature","properties":{"source_type":"hydro","foo_threshold":20},"geometry":{"type":"Polygon","coordinates":[[[47.3,26.755],[47.255,26.8],[47.2599,26.9],[47.3,26.9401],[47.3401,26.9],[47.345,26.8],[47.3,26.755]]]}},{"type":"Feature","properties":{"source_type":"hydro","foo_threshold":20},"geometry":{"type":"Polygon","coordinates":[[[46.1,25.5153],[46.1762,25.6],[46.1,25.6667],[46.018,25.6],[46.1,25.5153]]]}},{"type":"Feature","properties":{"source_type":"hydro","foo_threshold":20},"geometry":{"type":"Polygon","coordinates":[[[44.2,26.7534],[44.1534,26.8],[44.2,26.8466],[44.3,26.8378],[44.3378,26.8],[44.3,26.7622],[44.2,26.7534]]]}},{"type":"Feature","properties":{"source_type":"hydro","foo_threshold":20},"geometry":{"type":"Polygon","coordinates":[[[47.1,29.772],[47.072,29.8],[47.1,29.9346],[47.2,29.9124],[47.1,29.772]]]}},{"type":"Feature","properties":{"source_type":"hydro","foo_threshold":20},"geometry":{"type":"Polygon","coordinates":[[[54.3,27.0588],[54.2588,27.1],[54.3,27.1412],[54.4,27.1406],[54.4407,27.1],[54.4,27.0594],[54.3,27.0588]]]}},{"type":"Feature","properties":{"source_type":"hydro","foo_threshold":20},"geometry":{"type":"Polygon","coordinates":[[[48.4,32.6123],[48.4,32.7174],[48.5757,32.7],[48.4,32.6123]]]}},{"type":"Feature","properties":{"source_type":"hydro","foo_threshold":20},"geometry":{"type":"Polygon","coordinates":[[[44.7,25.7805],[44.5776,25.9],[44.6,25.9224],[44.7124,25.9],[44.7,25.7805]]]}},{"type":"Feature","properties":{"source_type":"hydro","foo_threshold":20},"geometry":{"type":"Polygon","coordinates":[[[54.0,28.2671],[53.9671,28.3],[54.0,28.3329],[54.1,28.3447],[54.1447,28.3],[54.1,28.2553],[54.0,28.2671]]]}},{"type":"Feature","properties":{"source_type":"hydro","foo_threshold":20},"geometry":{"type":"Polygon","coordinates":[[[53.3,18.3374],[53.241,18.4],[53.3,18.4392],[53.4189,18.4],[53.3,18.3374]]]}},{"type":"Feature","properties":{"source_type":"hydro","foo_threshold":20},"geometry":{"type":"Polygon","coordinates":[[[45.1,24.2583],[45.0462,24.3],[45.1,24.4067],[45.1271,24.4],[45.141,24.3],[45.1,24.2583]]]}},{"type":"Feature","properties":{"source_type":"hydro","foo_threshold":20},"geometry":{"type":"Polygon","coordinates":[[[46.4,27.8641],[46.3641,27.9],[46.4,27.9359],[46.5,27.9362],[46.5362,27.9],[46.5,27.8638],[46.4,27.8641]]]}},{"type":"Feature","properties":{"source_type":"hydro","foo_threshold":20},"geometry":{"type":"Polygon","coordinates":[[[51.4,17.5755],[51.3619,17.7],[51.4678,17.7],[51.4374,17.6],[51.4,17.5755]]]}},{"type":"Feature","properties":{"source_type":"hydro","foo_threshold":20},"geometry":{"type":"Polygon","coordinates":[[[46.3,27.3674],[46.2674,27.4],[46.3,27.4326],[46.4,27.4384],[46.4384,27.4],[46.4,27.3616],[46.3,27.3674]]]}},{"type":"Feature","properties":{"source_type":"hydro","foo_threshold":20},"geometry":{"type":"Polygon","coordinates":[[[45.4,26.5749],[45.3749,26.6],[45.4,26.7247],[45.4758,26.6],[45.4,26.5749]]]}},{"type":"Feature","properties":{"source_type":"hydro","foo_threshold":20},"geometry":{"type":"Polygon","coordinates":[[[54.3,28.6588],[54.2588,28.7],[54.3,28.7412],[54.4,28.7483],[54.4,28.6847],[54.3,28.6588]]]}},{"type":"Feature","properties":{"source_type":"hydro","foo_threshold":20},"geometry":{"type":"Polygon","coordinates":[[[55.4,26.7927],[55.345,26.9],[55.4,26.955],[55.455,26.9],[55.4,26.7927]]]}},{"type":"Feature","properties":{"source_type":"hydro","foo_threshold":20},"geometry":{"type":"Polygon","coordinates":[[[45.5,30.3713],[45.4371,30.4],[45.6158,30.4],[45.6,30.3104],[45.5,30.3713]]]}},{"type":"Feature","properties":{"source_type":"hydro","foo_threshold":20},"geometry":{"type":"Polygon","coordinates":[[[55.0,28.9961],[54.9764,29.0],[55.0,29.0433],[55.1,29.0633],[55.1,28.9566],[55.0,28.9961]]]}},{"type":"Feature","properties":{"source_type":"hydro","foo_threshold":20},"geometry":{"type":"Polygon","coordinates":[[[50.4,17.9779],[50.4,18.0467],[50.57,18.0],[50.5,17.9569],[50.4,17.9779]]]}},{"type":"Feature","properties":{"source_type":"hydro","foo_threshold":20},"geometry":{"type":"Polygon","coordinates":[[[44.4,31.043],[44.461,31.1],[44.4,31.1685],[44.3229,31.1],[44.4,31.043]]]}},{"type":"Feature","properties":{"source_type":"hydro","foo_threshold":20},"geometry":{"type":"Polygon","coordinates":[[[45.5,26.9704],[45.4704,27.0],[45.4664,27.1],[45.5,27.1336],[45.5336,27.1],[45.5296,27.0],[45.5,26.9704]]]}},{"type":"Feature","properties":{"source_type":"hydro","foo_threshold":20},"geometry":{"type":"Polygon","coordinates":[[[45.0,27.9354],[44.9354,28.0],[45.0,28.0646],[45.0646,28.0],[45.0,27.9354]]]}},{"type":"Feature","properties":{"source_type":"hydro","foo_threshold":20},"geometry":{"type":"Polygon","coordinates":[[[52.0,16.9638],[51.9638,17.0],[52.0,17.1215],[52.0362,17.0],[52.0,16.9638]]]}},{"type":"Feature","properties":{"source_type":"hydro","foo_threshold":20},"geometry":{"type":"Polygon","coordinates":[[[57.3,31.5511],[57.2511,31.6],[57.3,31.7093],[57.3489,31.6],[57.3,31.5511]]]}},{"type":"Feature","properties":{"source_type":"hydro","foo_threshold":20},"geometry":{"type":"Polygon","coordinates":[[[45.8,27.6386],[45.7386,27.7],[45.8,27.7614],[45.8614,27.7],[45.8,27.6386]]]}},{"type":"Feature","properties":{"source_type":"hydro","foo_threshold":20},"geometry":{"type":"Polygon","coordinates":[[[45.3,30.4655],[45.3,30.5112],[45.4141,30.5],[45.4,30.4269],[45.3,30.4655]]]}},{"type":"Feature","properties":{"source_type":"hydro","foo_threshold":20},"geometry":{"type":"Polygon","coordinates":[[[51.2,16.8484],[51.1068,16.9],[51.2,16.9229],[51.2849,16.9],[51.2,16.8484]]]}},{"type":"Feature","properties":{"source_type":"hydro","foo_threshold":20},"geometry":{"type":"Polygon","coordinates":[[[57.6,21.1344],[57.509,21.2],[57.6,21.2279],[57.6542,21.2],[57.6,21.1344]]]}},{"type":"Feature","properties":{"source_type":"hydro","foo_threshold":20},"geometry":{"type":"Polygon","coordinates":[[[47.1,31.1983],[47.2,31.2663],[47.2,31.1518],[47.1,31.1983]]]}},{"type":"Feature","properties":{"source_type":"hydro","foo_threshold":20},"geometry":{"type":"Polygon","coordinates":[[[45.0,23.1815],[44.9709,23.2],[45.0,23.251],[45.1,23.222],[45.1,23.1871],[45.0,23.1815]]]}},{"type":"Feature","properties":{"source_type":"hydro","foo_threshold":20},"geometry":{"type":"Polygon","coordinates":[[[52.3,16.9575],[52.2677,17.1],[52.3078,17.1],[52.3368,17.0],[52.3,16.9575]]]}},{"type":"Feature","properties":{"source_type":"hydro","foo_threshold":20},"geometry":{"type":"Polygon","coordinates":[[[49.8,16.4829],[49.7657,16.5],[49.7894,16.6],[49.8543,16.6],[49.8,16.4829]]]}},{"type":"Feature","properties":{"source_type":"hydro","foo_threshold":20},"geometry":{"type":"Polygon","coordinates":[[[55.5,27.1859],[55.4657,27.3],[55.5,27.3343],[55.5343,27.3],[55.5,27.1859]]]}},{"type":"Feature","properties":{"source_type":"hydro","foo_threshold":20},"geometry":{"type":"Polygon","coordinates":[[[44.5,28.8864],[44.5,28.9136],[44.6,28.9032],[44.6,28.816],[44.5,28.8864]]]}},{"type":"Feature","properties":{"source_type":"hydro","foo_threshold":20},"geometry":{"type":"Polygon","coordinates":[[[52.4,17.5384],[52.3771,17.6],[52.4,17.683],[52.4509,17.6],[52.4,17.5384]]]}},{"type":"Feature","properties":{"source_type":"hydro","foo_threshold":20},"geometry":{"type":"Polygon","coordinates":[[[46.1,21.5423],[46.0785,21.6],[46.1,21.7002],[46.1457,21.6],[46.1,21.5423]]]}},{"type":"Feature","properties":{"source_type":"hydro","foo_threshold":20},"geometry":{"type":"Polygon","coordinates":[[[46.3,27.6493],[46.2493,27.7],[46.3,27.7507],[46.3507,27.7],[46.3,27.6493]]]}},{"type":"Feature","properties":{"source_type":"hydro","foo_threshold":20},"geometry":{"type":"Polygon","coordinates":[[[44.5,22.54],[44.4723,22.7],[44.5,22.7118],[44.5,22.54]]]}},{"type":"Feature","properties":{"source_type":"hydro","foo_threshold":20},"geometry":{"type":"Polygon","coordinates":[[[57.5,28.172],[57.472,28.2],[57.5,28.3118],[57.528,28.2],[57.5,28.172]]]}},{"type":"Feature","properties":{"source_type":"hydro","foo_threshold":20},"geometry":{"type":"Polygon","coordinates":[[[59.3,26.8842],[59.2762,27.0],[59.3,27.0238],[59.3238,27.0],[59.3,26.8842]]]}},{"type":"Feature","properties":{"source_type":"hydro","foo_threshold":20},"geometry":{"type":"Polygon","coordinates":[[[54.3,26.8198],[54.2616,26.9],[54.3,26.9384],[54.3384,26.9],[54.3,26.8198]]]}},{"type":"Feature","properties":{"source_type":"hydro","foo_threshold":20},"geometry":{"type":"Polygon","coordinates":[[[44.2,26.5526],[44.1526,26.6],[44.2,26.6474],[44.2474,26.6],[44.2,26.5526]]]}},{"type":"Feature","properties":{"source_type":"hydro","foo_threshold":20},"geometry":{"type":"Polygon","coordinates":[[[45.0,28.889],[45.1,28.9099],[45.1,28.8383],[45.0,28.889]]]}},{"type":"Feature","properties":{"source_type":"hydro","foo_threshold":20},"geometry":{"type":"Polygon","coordinates":[[[56.7,27.4526],[56.6526,27.5],[56.7,27.5474],[56.7474,27.5],[56.7,27.4526]]]}},{"type":"Feature","properties":{"source_type":"hydro","foo_threshold":20},"geometry":{"type":"Polygon","coordinates":[[[44.8,24.692],[44.9,24.706],[44.9,24.6414],[44.8,24.692]]]}},{"type":"Feature","properties":{"source_type":"hydro","foo_threshold":20},"geometry":{"type":"Polygon","coordinates":[[[56.6,31.782],[56.5028,31.8],[56.6,31.8576],[56.6,31.782]]]}},{"type":"Feature","properties":{"source_type":"hydro","foo_threshold":20},"geometry":{"type":"Polygon","coordinates":[[[46.1,27.7548],[46.0548,27.8],[46.1,27.8452],[46.1452,27.8],[46.1,27.7548]]]}},{"type":"Feature","properties":{"source_type":"hydro","foo_threshold":20},"geometry":{"type":"Polygon","coordinates":[[[46.1,28.555],[46.055,28.6],[46.1,28.645],[46.145,28.6],[46.1,28.555]]]}},{"type":"Feature","properties":{"source_type":"hydro","foo_threshold":20},"geometry":{"type":"Polygon","coordinates":[[[50.8,17.4793],[50.8,17.561],[50.8763,17.5],[50.8,17.4793]]]}},{"type":"Feature","properties":{"source_type":"hydro","foo_threshold":20},"geometry":{"type":"Polygon","coordinates":[[[48.9,26.0425],[48.8785,26.2],[48.9,26.2215],[48.9215,26.2],[48.9,26.0425]]]}},{"type":"Feature","properties":{"source_type":"hydro","foo_threshold":20},"geometry":{"type":"Polygon","coordinates":[[[45.6,32.0927],[45.5073,32.1],[45.6,32.168],[45.6,32.0927]]]}},{"type":"Feature","properties":{"source_type":"hydro","foo_threshold":20},"geometry":{"type":"Polygon","coordinates":[[[46.8,26.9578],[46.7578,27.0],[46.8,27.0422],[46.8422,27.0],[46.8,26.9578]]]}},{"type":"Feature","properties":{"source_type":"hydro","foo_threshold":20},"geometry":{"type":"Polygon","coordinates":[[[46.0,23.2735],[45.9492,23.3],[46.0,23.3813],[46.0,23.2735]]]}},{"type":"Feature","properties":{"source_type":"hydro","foo_threshold":20},"geometry":{"type":"Polygon","coordinates":[[[57.7,32.6458],[57.6217,32.7],[57.7,32.718],[57.7,32.6458]]]}},{"type":"Feature","properties":{"source_type":"hydro","foo_threshold":20},"geometry":{"type":"Polygon","coordinates":[[[51.1,23.1954],[51.1,23.3073],[51.134,23.3],[51.1,23.1954]]]}},{"type":"Feature","properties":{"source_type":"hydro","foo_threshold":20},"geometry":{"type":"Polygon","coordinates":[[[45.3,29.8732],[45.2732,29.9],[45.3,29.9891],[45.3268,29.9],[45.3,29.8732]]]}},{"type":"Feature","properties":{"source_type":"hydro","foo_threshold":20},"geometry":{"type":"Polygon","coordinates":[[[47.4,29.5836],[47.4,29.6164],[47.5106,29.6],[47.4,29.5836]]]}},{"type":"Feature","properties":{"source_type":"hydro","foo_threshold":20},"geometry":{"type":"Polygon","coordinates":[[[56.9,18.851],[56.87,18.9],[56.9,18.9445],[56.93,18.9],[56.9,18.851]]]}},{"type":"Feature","properties":{"source_type":"hydro","foo_threshold":20},"geometry":{"type":"Polygon","coordinates":[[[44.7,30.08],[44.68,30.1],[44.7,30.12],[44.8152,30.1],[44.7,30.08]]]}},{"type":"Feature","properties":{"source_type":"hydro","foo_threshold":20},"geometry":{"type":"Polygon","coordinates":[[[57.2,31.0913],[57.1761,31.2],[57.2,31.2087],[57.2,31.0913]]]}},{"type":"Feature","properties":{"source_type":"hydro","foo_threshold":20},"geometry":{"type":"Polygon","coordinates":[[[50.9,23.9933],[50.9,24.0271],[51.0024,24.0],[50.9,23.9933]]]}},{"type":"Feature","properties":{"source_type":"hydro","foo_threshold":20},"geometry":{"type":"Polygon","coordinates":[[[45.4,31.2864],[45.4,31.3136],[45.5087,31.3],[45.4,31.2864]]]}},{"type":"Feature","properties":{"source_type":"hydro","foo_threshold":20},"geometry":{"type":"Polygon","coordinates":[[[51.8,29.4762],[51.7762,29.5],[51.8,29.5238],[51.8773,29.5],[51.8,29.4762]]]}},{"type":"Feature","properties":{"source_type":"hydro","foo_threshold":20},"geometry":{"type":"Polygon","coordinates":[[[44.0,27.1667],[43.9667,27.2],[44.0,27.2333],[44.0333,27.2],[44.0,27.1667]]]}},{"type":"Feature","properties":{"source_type":"hydro","foo_threshold":20},"geometry":{"type":"Polygon","coordinates":[[[59.3,21.568],[59.3,21.6169],[59.369,21.6],[59.3,21.568]]]}},{"type":"Feature","properties":{"source_type":"hydro","foo_threshold":20},"geometry":{"type":"Polygon","coordinates":[[[47.8,26.3678],[47.7678,26.4],[47.8,26.4322],[47.8322,26.4],[47.8,26.3678]]]}},{"type":"Feature","properties":{"source_type":"hydro","foo_threshold":20},"geometry":{"type":"Polygon","coordinates":[[[47.9,26.2682],[47.8682,26.3],[47.9,26.3319],[47.9319,26.3],[47.9,26.2682]]]}},{"type":"Feature","properties":{"source_type":"hydro","foo_threshold":20},"geometry":{"type":"Polygon","coordinates":[[[51.4,30.1864],[51.4,30.2136],[51.5053,30.2],[51.4,30.1864]]]}},{"type":"Feature","properties":{"source_type":"hydro","foo_threshold":20},"geometry":{"type":"Polygon","coordinates":[[[51.2,24.2927],[51.2,24.3638],[51.2486,24.3],[51.2,24.2927]]]}},{"type":"Feature","properties":{"source_type":"hydro","foo_threshold":20},"geometry":{"type":"Polygon","coordinates":[[[51.3,17.1467],[51.2639,17.2],[51.3,17.232],[51.3,17.1467]]]}},{"type":"Feature","properties":{"source_type":"hydro","foo_threshold":20},"geometry":{"type":"Polygon","coordinates":[[[48.4,27.292],[48.4,27.4007],[48.428,27.3],[48.4,27.292]]]}},{"type":"Feature","properties":{"source_type":"hydro","foo_threshold":20},"geometry":{"type":"Polygon","coordinates":[[[50.5,25.2876],[50.4545,25.3],[50.5,25.352],[50.5,25.2876]]]}},{"type":"Feature","properties":{"source_type":"hydro","foo_threshold":20},"geometry":{"type":"Polygon","coordinates":[[[50.6,24.9696],[50.5696,25.0],[50.6,25.0304],[50.6304,25.0],[50.6,24.9696]]]}},{"type":"Feature","properties":{"source_type":"hydro","foo_threshold":20},"geometry":{"type":"Polygon","coordinates":[[[53.6,17.5927],[53.6,17.6185],[53.7046,17.6],[53.6,17.5927]]]}},{"type":"Feature","properties":{"source_type":"hydro","foo_threshold":20},"geometry":{"type":"Polygon","coordinates":[[[44.1,19.4853],[44.0383,19.5],[44.1,19.5308],[44.1,19.4853]]]}},{"type":"Feature","properties":{"source_type":"hydro","foo_threshold":20},"geometry":{"type":"Polygon","coordinates":[[[46.6,27.77],[46.57,27.8],[46.6,27.83],[46.63,27.8],[46.6,27.77]]]}},{"type":"Feature","properties":{"source_type":"hydro","foo_threshold":20},"geometry":{"type":"Polygon","coordinates":[[[56.8,31.8696],[56.7696,31.9],[56.8,31.9304],[56.8304,31.9],[56.8,31.8696]]]}},{"type":"Feature","properties":{"source_type":"hydro","foo_threshold":20},"geometry":{"type":"Polygon","coordinates":[[[45.3,23.5493],[45.2766,23.6],[45.3,23.649],[45.3,23.5493]]]}},{"type":"Feature","properties":{"source_type":"hydro","foo_threshold":20},"geometry":{"type":"Polygon","coordinates":[[[44.7,24.3743],[44.7,24.4112],[44.7704,24.4],[44.7,24.3743]]]}},{"type":"Feature","properties":{"source_type":"hydro","foo_threshold":20},"geometry":{"type":"Polygon","coordinates":[[[57.8,31.2927],[57.8,31.3567],[57.834,31.3],[57.8,31.2927]]]}},{"type":"Feature","properties":{"source_type":"hydro","foo_threshold":20},"geometry":{"type":"Polygon","coordinates":[[[51.0,23.0753],[50.9753,23.1],[51.0,23.1247],[51.0247,23.1],[51.0,23.0753]]]}},{"type":"Feature","properties":{"source_type":"hydro","foo_threshold":20},"geometry":{"type":"Polygon","coordinates":[[[59.7,28.7701],[59.6567,28.8],[59.7,28.8141],[59.7,28.7701]]]}},{"type":"Feature","properties":{"source_type":"hydro","foo_threshold":20},"geometry":{"type":"Polygon","coordinates":[[[51.0,23.3859],[50.9358,23.4],[51.0,23.4141],[51.0,23.3859]]]}},{"type":"Feature","properties":{"source_type":"hydro","foo_threshold":20},"geometry":{"type":"Polygon","coordinates":[[[46.1,23.8771],[46.0771,23.9],[46.1,23.9229],[46.1229,23.9],[46.1,23.8771]]]}},{"type":"Feature","properties":{"source_type":"hydro","foo_threshold":20},"geometry":{"type":"Polygon","coordinates":[[[44.6,26.0776],[44.5776,26.1],[44.6,26.1224],[44.6224,26.1],[44.6,26.0776]]]}},{"type":"Feature","properties":{"source_type":"hydro","foo_threshold":20},"geometry":{"type":"Polygon","coordinates":[[[56.1,28.1826],[56.1,28.2174],[56.1389,28.2],[56.1,28.1826]]]}},{"type":"Feature","properties":{"source_type":"hydro","foo_threshold":20},"geometry":{"type":"Polygon","coordinates":[[[44.5,28.5785],[44.4785,28.6],[44.5,28.6215],[44.5215,28.6],[44.5,28.5785]]]}},{"type":"Feature","properties":{"source_type":"hydro","foo_threshold":20},"geometry":{"type":"Polygon","coordinates":[[[46.8,22.8876],[46.74,22.9],[46.8379,22.9],[46.8,22.8876]]]}},{"type":"Feature","properties":{"source_type":"hydro","foo_threshold":20},"geometry":{"type":"Polygon","coordinates":[[[46.2,23.5968],[46.2,23.6221],[46.26,23.6],[46.2,23.5968]]]}},{"type":"Feature","properties":{"source_type":"hydro","foo_threshold":20},"geometry":{"type":"Polygon","coordinates":[[[56.2,32.6744],[56.1663,32.7],[56.2,32.7136],[56.2,32.6744]]]}},{"type":"Feature","properties":{"source_type":"hydro","foo_threshold":20},"geometry":{"type":"Polygon","coordinates":[[[45.5,29.879],[45.479,29.9],[45.5,29.921],[45.521,29.9],[45.5,29.879]]]}},{"type":"Feature","properties":{"source_type":"hydro","foo_threshold":20},"geometry":{"type":"Polygon","coordinates":[[[57.9,31.3733],[57.852,31.4],[57.9,31.4053],[57.9,31.3733]]]}},{"type":"Feature","properties":{"source_type":"hydro","foo_threshold":20},"geometry":{"type":"Polygon","coordinates":[[[59.9,32.3795],[59.8795,32.4],[59.9,32.4205],[59.9205,32.4],[59.9,32.3795]]]}},{"type":"Feature","properties":{"source_type":"hydro","foo_threshold":20},"geometry":{"type":"Polygon","coordinates":[[[50.4,17.4737],[50.3691,17.5],[50.4,17.5099],[50.4,17.4737]]]}},{"type":"Feature","properties":{"source_type":"hydro","foo_threshold":20},"geometry":{"type":"Polygon","coordinates":[[[53.2,18.1844],[53.2,18.2169],[53.2222,18.2],[53.2,18.1844]]]}},{"type":"Feature","properties":{"source_type":"hydro","foo_threshold":20},"geometry":{"type":"Polygon","coordinates":[[[55.5,32.394],[55.4658,32.4],[55.5,32.4256],[55.5,32.394]]]}},{"type":"Feature","properties":{"source_type":"hydro","foo_threshold":20},"geometry":{"type":"Polygon","coordinates":[[[55.1,20.1933],[55.1,20.2196],[55.1297,20.2],[55.1,20.1933]]]}},{"type":"Feature","properties":{"source_type":"hydro","foo_threshold":20},"geometry":{"type":"Polygon","coordinates":[[[49.7,23.7954],[49.669,23.8],[49.7886,23.8],[49.7,23.7954]]]}},{"type":"Feature","properties":{"source_type":"hydro","foo_threshold":20},"geometry":{"type":"Polygon","coordinates":[[[49.5,26.1811],[49.5,26.2099],[49.5284,26.2],[49.5,26.1811]]]}},{"type":"Feature","properties":{"source_type":"hydro","foo_threshold":20},"geometry":{"type":"Polygon","coordinates":[[[51.2,17.0961],[51.2,17.1208],[51.2347,17.1],[51.2,17.0961]]]}},{"type":"Feature","properties":{"source_type":"hydro","foo_threshold":20},"geometry":{"type":"Polygon","coordinates":[[[45.5,30.1933],[45.4776,30.2],[45.5,30.2219],[45.5,30.1933]]]}},{"type":"Feature","properties":{"source_type":"hydro","foo_threshold":40},"geometry":{"type":"Polygon","coordinates":[[[45.0,27.694],[45.0682,27.8],[45.072,27.9],[45.1,27.928],[45.3,27.9115],[45.3898,28.0],[45.4,28.1039],[45.5,28.0133],[45.6,28.0147],[45.692,28.1],[45.7,28.1457],[45.7,27.991],[45.5,27.9867],[45.4,27.8836],[45.3,27.8885],[45.1,27.6798],[45.0,27.694]]]}},{"type":"Feature","properties":{"source_type":"hydro","foo_threshold":40},"geometry":{"type":"Polygon","coordinates":[[[58.7,27.3917],[58.6702,27.6],[58.7,27.6298],[58.8,27.654],[58.9,27.5403],[59.0,27.561],[59.0217,27.5],[59.0,27.3961],[58.9,27.4217],[58.7,27.3917]]]}},{"type":"Feature","properties":{"source_type":"hydro","foo_threshold":40},"geometry":{"type":"Polygon","coordinates":[[[58.1,27.2821],[58.1,27.3353],[58.2655,27.4],[58.5077,27.4],[58.4,27.2965],[58.2,27.2317],[58.1,27.2821]]]}},{"type":"Feature","properties":{"source_type":"hydro","foo_threshold":40},"geometry":{"type":"Polygon","coordinates":[[[45.3,27.5662],[45.2662,27.6],[45.2673,27.7],[45.3,27.7327],[45.3327,27.7],[45.3338,27.6],[45.3,27.5662]]]}},{"type":"Feature","properties":{"source_type":"hydro","foo_threshold":40},"geometry":{"type":"Polygon","coordinates":[[[47.1,24.9856],[47.1,25.0144],[47.3092,25.0],[47.2,24.9575],[47.1,24.9856]]]}},{"type":"Feature","properties":{"source_type":"hydro","foo_threshold":40},"geometry":{"type":"Polygon","coordinates":[[[46.3,25.7824],[46.2075,25.8],[46.3,25.8028],[46.3958,25.9],[46.4,25.957],[46.4028,25.8],[46.3,25.7824]]]}},{"type":"Feature","properties":{"source_type":"hydro","foo_threshold":40},"geometry":{"type":"Polygon","coordinates":[[[45.9,27.4012],[45.8087,27.5],[45.9158,27.5],[45.9,27.4012]]]}},{"type":"Feature","properties":{"source_type":"hydro","foo_threshold":40},"geometry":{"type":"Polygon","coordinates":[[[50.5,16.1947],[50.5,16.3521],[50.5427,16.3],[50.5,16.1947]]]}},{"type":"Feature","properties":{"source_type":"hydro","foo_threshold":40},"geometry":{"type":"Polygon","coordinates":[[[50.9,29.3831],[50.8064,29.4],[51.0177,29.4],[50.9,29.3831]]]}},{"type":"Feature","properties":{"source_type":"hydro","foo_threshold":40},"geometry":{"type":"Polygon","coordinates":[[[46.2,25.9954],[46.138,26.0],[46.2,26.0443],[46.3218,26.0],[46.2,25.9954]]]}},{"type":"Feature","properties":{"source_type":"hydro","foo_threshold":40},"geometry":{"type":"Polygon","coordinates":[[[49.9,30.4901],[49.8484,30.5],[50.008,30.5],[49.9,30.4901]]]}},{"type":"Feature","properties":{"source_type":"hydro","foo_threshold":40},"geometry":{"type":"Polygon","coordinates":[[[45.0,27.9708],[44.9708,28.0],[45.0,28.0292],[45.0292,28.0],[45.0,27.9708]]]}},{"type":"Feature","properties":{"source_type":"hydro","foo_threshold":40},"geometry":{"type":"Polygon","coordinates":[[[45.8,27.6771],[45.7771,27.7],[45.8,27.7229],[45.8229,27.7],[45.8,27.6771]]]}}]}